[
    {
        "type":  "Feature",
        "properties":  {
                           "type":  "lift",
                           "liftType":  "chair_lift",
                           "status":  "operating",
                           "name":  "Solitude Express Quad",
                           "oneway":  true,
                           "ref":  null,
                           "refFRCAIRN":  null,
                           "description":  null,
                           "occupancy":  4,
                           "capacity":  null,
                           "duration":  300,
                           "bubble":  false,
                           "heating":  false,
                           "detachable":  null,
                           "skiAreas":  [
                                            {
                                                "type":  "Feature",
                                                "properties":  {
                                                                   "id":  "0f0d574cfdbd7b9a55296a94c4683b3e732a543b",
                                                                   "name":  "Okemo Mountain",
                                                                   "activities":  [
                                                                                      "downhill"
                                                                                  ],
                                                                   "type":  "skiArea",
                                                                   "status":  "operating"
                                                               },
                                                "geometry":  {
                                                                 "type":  "Polygon",
                                                                 "coordinates":  [
                                                                                     [
                                                                                         [
                                                                                             -72.74308640000002,
                                                                                             43.4274285
                                                                                         ],
                                                                                         [
                                                                                             -72.74806460000003,
                                                                                             43.42050910000001
                                                                                         ],
                                                                                         [
                                                                                             -72.7589651,
                                                                                             43.406449499999994
                                                                                         ],
                                                                                         [
                                                                                             -72.74969530000003,
                                                                                             43.39276080000001
                                                                                         ],
                                                                                         [
                                                                                             -72.7296968,
                                                                                             43.387583899999996
                                                                                         ],
                                                                                         [
                                                                                             -72.7130885,
                                                                                             43.3982803
                                                                                         ],
                                                                                         [
                                                                                             -72.71038490000002,
                                                                                             43.4090683
                                                                                         ],
                                                                                         [
                                                                                             -72.7109428,
                                                                                             43.4191064
                                                                                         ],
                                                                                         [
                                                                                             -72.716908,
                                                                                             43.4270234
                                                                                         ],
                                                                                         [
                                                                                             -72.72420360000004,
                                                                                             43.42717920000001
                                                                                         ],
                                                                                         [
                                                                                             -72.74308640000002,
                                                                                             43.4274285
                                                                                         ]
                                                                                     ]
                                                                                 ]
                                                             }
                                            }
                                        ],
                           "sources":  [
                                           {
                                               "type":  "openstreetmap",
                                               "id":  "way/44077715"
                                           }
                                       ],
                           "websites":  [

                                        ],
                           "wikidataID":  null,
                           "places":  [
                                          {
                                              "iso3166_2":  "US-VT",
                                              "localized":  {
                                                                "en":  {
                                                                           "region":  "Vermont",
                                                                           "country":  "United States",
                                                                           "locality":  "Ludlow"
                                                                       }
                                                            },
                                              "iso3166_1Alpha2":  "US"
                                          },
                                          {
                                              "iso3166_2":  "US-VT",
                                              "localized":  {
                                                                "en":  {
                                                                           "region":  "Vermont",
                                                                           "country":  "United States",
                                                                           "locality":  null
                                                                       }
                                                            },
                                              "iso3166_1Alpha2":  "US"
                                          }
                                      ],
                           "id":  "8c404adde38c27d9e8acf2280046156a9452bd1d"
                       },
        "geometry":  {
                         "type":  "LineString",
                         "coordinates":  [
                                             [
                                                 -72.72462690000003,
                                                 43.415504,
                                                 501.6
                                             ],
                                             [
                                                 -72.7249395,
                                                 43.415434,
                                                 503.9
                                             ],
                                             [
                                                 -72.7254213,
                                                 43.415326,
                                                 510.3
                                             ],
                                             [
                                                 -72.7259579,
                                                 43.4152058,
                                                 517.1
                                             ],
                                             [
                                                 -72.72721320000004,
                                                 43.414924599999985,
                                                 535.4
                                             ],
                                             [
                                                 -72.72839679999997,
                                                 43.41465939999999,
                                                 567.5
                                             ],
                                             [
                                                 -72.7297026,
                                                 43.4143669,
                                                 600.5
                                             ],
                                             [
                                                 -72.73083709999997,
                                                 43.41411270000001,
                                                 628.3
                                             ],
                                             [
                                                 -72.73203819999996,
                                                 43.413843599999986,
                                                 662.5
                                             ],
                                             [
                                                 -72.73320450000003,
                                                 43.4135824,
                                                 684.1
                                             ],
                                             [
                                                 -72.73474300000002,
                                                 43.413237699999996,
                                                 713.4
                                             ],
                                             [
                                                 -72.73609540000002,
                                                 43.4129347,
                                                 742.8
                                             ],
                                             [
                                                 -72.73719640000003,
                                                 43.412687999999996,
                                                 764.2
                                             ],
                                             [
                                                 -72.7382661,
                                                 43.4124484,
                                                 782.6
                                             ],
                                             [
                                                 -72.7397049,
                                                 43.412126,
                                                 822.2
                                             ],
                                             [
                                                 -72.74061670000003,
                                                 43.411921699999986,
                                                 832.5
                                             ],
                                             [
                                                 -72.74104630000002,
                                                 43.411825499999985,
                                                 838.6
                                             ]
                                         ]
                     }
    },
    {
        "type":  "Feature",
        "properties":  {
                           "type":  "lift",
                           "liftType":  "chair_lift",
                           "status":  "operating",
                           "name":  "Morning Star Triple",
                           "oneway":  true,
                           "ref":  null,
                           "refFRCAIRN":  null,
                           "description":  null,
                           "occupancy":  3,
                           "capacity":  null,
                           "duration":  360,
                           "bubble":  false,
                           "heating":  false,
                           "detachable":  null,
                           "skiAreas":  [
                                            {
                                                "type":  "Feature",
                                                "properties":  {
                                                                   "id":  "0f0d574cfdbd7b9a55296a94c4683b3e732a543b",
                                                                   "name":  "Okemo Mountain",
                                                                   "activities":  [
                                                                                      "downhill"
                                                                                  ],
                                                                   "type":  "skiArea",
                                                                   "status":  "operating"
                                                               },
                                                "geometry":  {
                                                                 "type":  "Polygon",
                                                                 "coordinates":  [
                                                                                     [
                                                                                         [
                                                                                             -72.74308640000002,
                                                                                             43.4274285
                                                                                         ],
                                                                                         [
                                                                                             -72.74806460000003,
                                                                                             43.42050910000001
                                                                                         ],
                                                                                         [
                                                                                             -72.7589651,
                                                                                             43.406449499999994
                                                                                         ],
                                                                                         [
                                                                                             -72.74969530000003,
                                                                                             43.39276080000001
                                                                                         ],
                                                                                         [
                                                                                             -72.7296968,
                                                                                             43.387583899999996
                                                                                         ],
                                                                                         [
                                                                                             -72.7130885,
                                                                                             43.3982803
                                                                                         ],
                                                                                         [
                                                                                             -72.71038490000002,
                                                                                             43.4090683
                                                                                         ],
                                                                                         [
                                                                                             -72.7109428,
                                                                                             43.4191064
                                                                                         ],
                                                                                         [
                                                                                             -72.716908,
                                                                                             43.4270234
                                                                                         ],
                                                                                         [
                                                                                             -72.72420360000004,
                                                                                             43.42717920000001
                                                                                         ],
                                                                                         [
                                                                                             -72.74308640000002,
                                                                                             43.4274285
                                                                                         ]
                                                                                     ]
                                                                                 ]
                                                             }
                                            }
                                        ],
                           "sources":  [
                                           {
                                               "type":  "openstreetmap",
                                               "id":  "way/44077716"
                                           }
                                       ],
                           "websites":  [

                                        ],
                           "wikidataID":  null,
                           "places":  [
                                          {
                                              "iso3166_2":  "US-VT",
                                              "localized":  {
                                                                "en":  {
                                                                           "region":  "Vermont",
                                                                           "country":  "United States",
                                                                           "locality":  "Ludlow"
                                                                       }
                                                            },
                                              "iso3166_1Alpha2":  "US"
                                          }
                                      ],
                           "id":  "55bce3628c93ad2d40cab1d3dda4b8468c044ce6"
                       },
        "geometry":  {
                         "type":  "LineString",
                         "coordinates":  [
                                             [
                                                 -72.7177811,
                                                 43.4186453,
                                                 380.7
                                             ],
                                             [
                                                 -72.7185424,
                                                 43.4184238,
                                                 395.1
                                             ],
                                             [
                                                 -72.7192381,
                                                 43.41822139999999,
                                                 409
                                             ],
                                             [
                                                 -72.7199961,
                                                 43.4180009,
                                                 427.8
                                             ],
                                             [
                                                 -72.72059709999998,
                                                 43.417826099999985,
                                                 441.2
                                             ],
                                             [
                                                 -72.7208695,
                                                 43.4177469,
                                                 447.5
                                             ],
                                             [
                                                 -72.7218158,
                                                 43.417471599999985,
                                                 466.1
                                             ],
                                             [
                                                 -72.72263279999997,
                                                 43.4172339,
                                                 478.1
                                             ],
                                             [
                                                 -72.72288129999997,
                                                 43.417161599999986,
                                                 481.4
                                             ],
                                             [
                                                 -72.72386660000002,
                                                 43.416875,
                                                 492.9
                                             ],
                                             [
                                                 -72.7240945,
                                                 43.4168087,
                                                 496.9
                                             ],
                                             [
                                                 -72.7247105,
                                                 43.416629499999985,
                                                 502.3
                                             ],
                                             [
                                                 -72.72612930000003,
                                                 43.4162103,
                                                 522.6
                                             ],
                                             [
                                                 -72.72634099999998,
                                                 43.41615520000001,
                                                 527.6
                                             ]
                                         ]
                     }
    },
    {
        "type":  "Feature",
        "properties":  {
                           "type":  "lift",
                           "liftType":  "chair_lift",
                           "status":  "operating",
                           "name":  "Quantum Six",
                           "oneway":  true,
                           "ref":  null,
                           "refFRCAIRN":  null,
                           "description":  null,
                           "occupancy":  6,
                           "capacity":  null,
                           "duration":  null,
                           "bubble":  false,
                           "heating":  false,
                           "detachable":  null,
                           "skiAreas":  [
                                            {
                                                "type":  "Feature",
                                                "properties":  {
                                                                   "id":  "0f0d574cfdbd7b9a55296a94c4683b3e732a543b",
                                                                   "name":  "Okemo Mountain",
                                                                   "activities":  [
                                                                                      "downhill"
                                                                                  ],
                                                                   "type":  "skiArea",
                                                                   "status":  "operating"
                                                               },
                                                "geometry":  {
                                                                 "type":  "Polygon",
                                                                 "coordinates":  [
                                                                                     [
                                                                                         [
                                                                                             -72.74308640000002,
                                                                                             43.4274285
                                                                                         ],
                                                                                         [
                                                                                             -72.74806460000003,
                                                                                             43.42050910000001
                                                                                         ],
                                                                                         [
                                                                                             -72.7589651,
                                                                                             43.406449499999994
                                                                                         ],
                                                                                         [
                                                                                             -72.74969530000003,
                                                                                             43.39276080000001
                                                                                         ],
                                                                                         [
                                                                                             -72.7296968,
                                                                                             43.387583899999996
                                                                                         ],
                                                                                         [
                                                                                             -72.7130885,
                                                                                             43.3982803
                                                                                         ],
                                                                                         [
                                                                                             -72.71038490000002,
                                                                                             43.4090683
                                                                                         ],
                                                                                         [
                                                                                             -72.7109428,
                                                                                             43.4191064
                                                                                         ],
                                                                                         [
                                                                                             -72.716908,
                                                                                             43.4270234
                                                                                         ],
                                                                                         [
                                                                                             -72.72420360000004,
                                                                                             43.42717920000001
                                                                                         ],
                                                                                         [
                                                                                             -72.74308640000002,
                                                                                             43.4274285
                                                                                         ]
                                                                                     ]
                                                                                 ]
                                                             }
                                            }
                                        ],
                           "sources":  [
                                           {
                                               "type":  "openstreetmap",
                                               "id":  "way/44077717"
                                           }
                                       ],
                           "websites":  [

                                        ],
                           "wikidataID":  null,
                           "places":  [
                                          {
                                              "iso3166_2":  "US-VT",
                                              "localized":  {
                                                                "en":  {
                                                                           "region":  "Vermont",
                                                                           "country":  "United States",
                                                                           "locality":  "Ludlow"
                                                                       }
                                                            },
                                              "iso3166_1Alpha2":  "US"
                                          },
                                          {
                                              "iso3166_2":  "US-VT",
                                              "localized":  {
                                                                "en":  {
                                                                           "region":  "Vermont",
                                                                           "country":  "United States",
                                                                           "locality":  null
                                                                       }
                                                            },
                                              "iso3166_1Alpha2":  "US"
                                          }
                                      ],
                           "id":  "93a81796abcbd49ea88ba93265d396f592917c07"
                       },
        "geometry":  {
                         "type":  "LineString",
                         "coordinates":  [
                                             [
                                                 -72.7253736,
                                                 43.422798100000016,
                                                 446.7
                                             ],
                                             [
                                                 -72.7256437,
                                                 43.42276980000001,
                                                 448.4
                                             ],
                                             [
                                                 -72.72574829999996,
                                                 43.42275880000002,
                                                 449.6
                                             ],
                                             [
                                                 -72.7262915,
                                                 43.42270180000001,
                                                 461.2
                                             ],
                                             [
                                                 -72.72675509999998,
                                                 43.42265320000001,
                                                 471.9
                                             ],
                                             [
                                                 -72.72788360000003,
                                                 43.422534800000015,
                                                 498.8
                                             ],
                                             [
                                                 -72.7288497,
                                                 43.42243350000001,
                                                 520.4
                                             ],
                                             [
                                                 -72.730368,
                                                 43.42227420000001,
                                                 549.3
                                             ],
                                             [
                                                 -72.7318838,
                                                 43.42211530000003,
                                                 590.2
                                             ],
                                             [
                                                 -72.73320570000003,
                                                 43.4219766,
                                                 625.5
                                             ],
                                             [
                                                 -72.73417300000003,
                                                 43.4218751,
                                                 648
                                             ],
                                             [
                                                 -72.7359101,
                                                 43.42169290000001,
                                                 695.2
                                             ],
                                             [
                                                 -72.737376,
                                                 43.42153920000001,
                                                 742.5
                                             ],
                                             [
                                                 -72.738434,
                                                 43.4214282,
                                                 770.6
                                             ],
                                             [
                                                 -72.74033370000002,
                                                 43.4212289,
                                                 806.4
                                             ],
                                             [
                                                 -72.74067740000002,
                                                 43.421192900000015,
                                                 813
                                             ],
                                             [
                                                 -72.74112350000006,
                                                 43.4211461,
                                                 820.4
                                             ]
                                         ]
                     }
    },
    {
        "type":  "Feature",
        "properties":  {
                           "type":  "lift",
                           "liftType":  "chair_lift",
                           "status":  "operating",
                           "name":  "Coleman Brook Express Quad",
                           "oneway":  true,
                           "ref":  null,
                           "refFRCAIRN":  null,
                           "description":  null,
                           "occupancy":  4,
                           "capacity":  null,
                           "duration":  null,
                           "bubble":  false,
                           "heating":  false,
                           "detachable":  null,
                           "skiAreas":  [
                                            {
                                                "type":  "Feature",
                                                "properties":  {
                                                                   "id":  "0f0d574cfdbd7b9a55296a94c4683b3e732a543b",
                                                                   "name":  "Okemo Mountain",
                                                                   "activities":  [
                                                                                      "downhill"
                                                                                  ],
                                                                   "type":  "skiArea",
                                                                   "status":  "operating"
                                                               },
                                                "geometry":  {
                                                                 "type":  "Polygon",
                                                                 "coordinates":  [
                                                                                     [
                                                                                         [
                                                                                             -72.74308640000002,
                                                                                             43.4274285
                                                                                         ],
                                                                                         [
                                                                                             -72.74806460000003,
                                                                                             43.42050910000001
                                                                                         ],
                                                                                         [
                                                                                             -72.7589651,
                                                                                             43.406449499999994
                                                                                         ],
                                                                                         [
                                                                                             -72.74969530000003,
                                                                                             43.39276080000001
                                                                                         ],
                                                                                         [
                                                                                             -72.7296968,
                                                                                             43.387583899999996
                                                                                         ],
                                                                                         [
                                                                                             -72.7130885,
                                                                                             43.3982803
                                                                                         ],
                                                                                         [
                                                                                             -72.71038490000002,
                                                                                             43.4090683
                                                                                         ],
                                                                                         [
                                                                                             -72.7109428,
                                                                                             43.4191064
                                                                                         ],
                                                                                         [
                                                                                             -72.716908,
                                                                                             43.4270234
                                                                                         ],
                                                                                         [
                                                                                             -72.72420360000004,
                                                                                             43.42717920000001
                                                                                         ],
                                                                                         [
                                                                                             -72.74308640000002,
                                                                                             43.4274285
                                                                                         ]
                                                                                     ]
                                                                                 ]
                                                             }
                                            }
                                        ],
                           "sources":  [
                                           {
                                               "type":  "openstreetmap",
                                               "id":  "way/44077718"
                                           }
                                       ],
                           "websites":  [

                                        ],
                           "wikidataID":  null,
                           "places":  [
                                          {
                                              "iso3166_2":  "US-VT",
                                              "localized":  {
                                                                "en":  {
                                                                           "region":  "Vermont",
                                                                           "country":  "United States",
                                                                           "locality":  "Ludlow"
                                                                       }
                                                            },
                                              "iso3166_1Alpha2":  "US"
                                          }
                                      ],
                           "id":  "78abe5e226017f54df98779ce9b13b20ada727be"
                       },
        "geometry":  {
                         "type":  "LineString",
                         "coordinates":  [
                                             [
                                                 -72.7180815,
                                                 43.422415000000015,
                                                 351.5
                                             ],
                                             [
                                                 -72.7184772,
                                                 43.42251210000002,
                                                 354.8
                                             ],
                                             [
                                                 -72.71927470000003,
                                                 43.42270770000001,
                                                 361.6
                                             ],
                                             [
                                                 -72.72030579999998,
                                                 43.42296070000001,
                                                 371.4
                                             ],
                                             [
                                                 -72.72125160000003,
                                                 43.423192700000016,
                                                 380.4
                                             ],
                                             [
                                                 -72.72143209999997,
                                                 43.423237,
                                                 383.1
                                             ],
                                             [
                                                 -72.72287659999996,
                                                 43.42359130000001,
                                                 410.6
                                             ],
                                             [
                                                 -72.72366140000003,
                                                 43.4237838,
                                                 426.8
                                             ],
                                             [
                                                 -72.7249958,
                                                 43.42411120000001,
                                                 442.7
                                             ],
                                             [
                                                 -72.72578909999997,
                                                 43.42430580000001,
                                                 457.1
                                             ],
                                             [
                                                 -72.7265008,
                                                 43.42448039999999,
                                                 461.4
                                             ],
                                             [
                                                 -72.727039,
                                                 43.4246124,
                                                 467.2
                                             ]
                                         ]
                     }
    },
    {
        "type":  "Feature",
        "properties":  {
                           "type":  "lift",
                           "liftType":  "chair_lift",
                           "status":  "operating",
                           "name":  "Glades Peak Quad",
                           "oneway":  true,
                           "ref":  null,
                           "refFRCAIRN":  null,
                           "description":  null,
                           "occupancy":  4,
                           "capacity":  null,
                           "duration":  480,
                           "bubble":  false,
                           "heating":  false,
                           "detachable":  null,
                           "skiAreas":  [
                                            {
                                                "type":  "Feature",
                                                "properties":  {
                                                                   "id":  "0f0d574cfdbd7b9a55296a94c4683b3e732a543b",
                                                                   "name":  "Okemo Mountain",
                                                                   "activities":  [
                                                                                      "downhill"
                                                                                  ],
                                                                   "type":  "skiArea",
                                                                   "status":  "operating"
                                                               },
                                                "geometry":  {
                                                                 "type":  "Polygon",
                                                                 "coordinates":  [
                                                                                     [
                                                                                         [
                                                                                             -72.74308640000002,
                                                                                             43.4274285
                                                                                         ],
                                                                                         [
                                                                                             -72.74806460000003,
                                                                                             43.42050910000001
                                                                                         ],
                                                                                         [
                                                                                             -72.7589651,
                                                                                             43.406449499999994
                                                                                         ],
                                                                                         [
                                                                                             -72.74969530000003,
                                                                                             43.39276080000001
                                                                                         ],
                                                                                         [
                                                                                             -72.7296968,
                                                                                             43.387583899999996
                                                                                         ],
                                                                                         [
                                                                                             -72.7130885,
                                                                                             43.3982803
                                                                                         ],
                                                                                         [
                                                                                             -72.71038490000002,
                                                                                             43.4090683
                                                                                         ],
                                                                                         [
                                                                                             -72.7109428,
                                                                                             43.4191064
                                                                                         ],
                                                                                         [
                                                                                             -72.716908,
                                                                                             43.4270234
                                                                                         ],
                                                                                         [
                                                                                             -72.72420360000004,
                                                                                             43.42717920000001
                                                                                         ],
                                                                                         [
                                                                                             -72.74308640000002,
                                                                                             43.4274285
                                                                                         ]
                                                                                     ]
                                                                                 ]
                                                             }
                                            }
                                        ],
                           "sources":  [
                                           {
                                               "type":  "openstreetmap",
                                               "id":  "way/44077722"
                                           }
                                       ],
                           "websites":  [

                                        ],
                           "wikidataID":  null,
                           "places":  [
                                          {
                                              "iso3166_2":  "US-VT",
                                              "localized":  {
                                                                "en":  {
                                                                           "region":  "Vermont",
                                                                           "country":  "United States",
                                                                           "locality":  "Ludlow"
                                                                       }
                                                            },
                                              "iso3166_1Alpha2":  "US"
                                          }
                                      ],
                           "id":  "e3ab86c9c893db254b82ecf973ef69faf204b95a"
                       },
        "geometry":  {
                         "type":  "LineString",
                         "coordinates":  [
                                             [
                                                 -72.73645570000002,
                                                 43.401789599999994,
                                                 691.9
                                             ],
                                             [
                                                 -72.73719380000003,
                                                 43.401967299999995,
                                                 705.6
                                             ],
                                             [
                                                 -72.73786220000002,
                                                 43.402128200000014,
                                                 732.8
                                             ],
                                             [
                                                 -72.73878739999996,
                                                 43.402351,
                                                 755.5
                                             ],
                                             [
                                                 -72.7397429,
                                                 43.402581,
                                                 779.6
                                             ],
                                             [
                                                 -72.74040860000002,
                                                 43.4027413,
                                                 795.3
                                             ],
                                             [
                                                 -72.74146080000003,
                                                 43.4029946,
                                                 815.2
                                             ],
                                             [
                                                 -72.7422865,
                                                 43.4031934,
                                                 828.5
                                             ],
                                             [
                                                 -72.74342440000004,
                                                 43.40346739999999,
                                                 846.5
                                             ],
                                             [
                                                 -72.74521790000003,
                                                 43.4038992,
                                                 876.5
                                             ],
                                             [
                                                 -72.74647,
                                                 43.404200599999996,
                                                 907.2
                                             ],
                                             [
                                                 -72.74728000000003,
                                                 43.4043956,
                                                 937
                                             ],
                                             [
                                                 -72.74852290000003,
                                                 43.404694899999996,
                                                 967.5
                                             ],
                                             [
                                                 -72.74924990000004,
                                                 43.404869899999994,
                                                 982.4
                                             ],
                                             [
                                                 -72.7494525,
                                                 43.4049187,
                                                 987.1
                                             ],
                                             [
                                                 -72.74982000000003,
                                                 43.4050072,
                                                 994.9
                                             ]
                                         ]
                     }
    },
    {
        "type":  "Feature",
        "properties":  {
                           "type":  "lift",
                           "liftType":  "chair_lift",
                           "status":  "operating",
                           "name":  "Sunburst Six",
                           "oneway":  true,
                           "ref":  null,
                           "refFRCAIRN":  null,
                           "description":  null,
                           "occupancy":  6,
                           "capacity":  null,
                           "duration":  360,
                           "bubble":  true,
                           "heating":  true,
                           "detachable":  null,
                           "skiAreas":  [
                                            {
                                                "type":  "Feature",
                                                "properties":  {
                                                                   "id":  "0f0d574cfdbd7b9a55296a94c4683b3e732a543b",
                                                                   "name":  "Okemo Mountain",
                                                                   "activities":  [
                                                                                      "downhill"
                                                                                  ],
                                                                   "type":  "skiArea",
                                                                   "status":  "operating"
                                                               },
                                                "geometry":  {
                                                                 "type":  "Polygon",
                                                                 "coordinates":  [
                                                                                     [
                                                                                         [
                                                                                             -72.74308640000002,
                                                                                             43.4274285
                                                                                         ],
                                                                                         [
                                                                                             -72.74806460000003,
                                                                                             43.42050910000001
                                                                                         ],
                                                                                         [
                                                                                             -72.7589651,
                                                                                             43.406449499999994
                                                                                         ],
                                                                                         [
                                                                                             -72.74969530000003,
                                                                                             43.39276080000001
                                                                                         ],
                                                                                         [
                                                                                             -72.7296968,
                                                                                             43.387583899999996
                                                                                         ],
                                                                                         [
                                                                                             -72.7130885,
                                                                                             43.3982803
                                                                                         ],
                                                                                         [
                                                                                             -72.71038490000002,
                                                                                             43.4090683
                                                                                         ],
                                                                                         [
                                                                                             -72.7109428,
                                                                                             43.4191064
                                                                                         ],
                                                                                         [
                                                                                             -72.716908,
                                                                                             43.4270234
                                                                                         ],
                                                                                         [
                                                                                             -72.72420360000004,
                                                                                             43.42717920000001
                                                                                         ],
                                                                                         [
                                                                                             -72.74308640000002,
                                                                                             43.4274285
                                                                                         ]
                                                                                     ]
                                                                                 ]
                                                             }
                                            }
                                        ],
                           "sources":  [
                                           {
                                               "type":  "openstreetmap",
                                               "id":  "way/44077724"
                                           }
                                       ],
                           "websites":  [

                                        ],
                           "wikidataID":  null,
                           "places":  [
                                          {
                                              "iso3166_2":  "US-VT",
                                              "localized":  {
                                                                "en":  {
                                                                           "region":  "Vermont",
                                                                           "country":  "United States",
                                                                           "locality":  "Ludlow"
                                                                       }
                                                            },
                                              "iso3166_1Alpha2":  "US"
                                          }
                                      ],
                           "id":  "ac58e534c151759a4606c7a02b22b495f0a0d7a9"
                       },
        "geometry":  {
                         "type":  "LineString",
                         "coordinates":  [
                                             [
                                                 -72.72247499999997,
                                                 43.4039777,
                                                 460.4
                                             ],
                                             [
                                                 -72.72339879999997,
                                                 43.4040988,
                                                 477.3
                                             ],
                                             [
                                                 -72.7244993,
                                                 43.404243099999995,
                                                 498.6
                                             ],
                                             [
                                                 -72.72520460000003,
                                                 43.4043356,
                                                 512.1
                                             ],
                                             [
                                                 -72.7266708,
                                                 43.4045278,
                                                 526.9
                                             ],
                                             [
                                                 -72.72809129999997,
                                                 43.4047141,
                                                 562.2
                                             ],
                                             [
                                                 -72.7296522,
                                                 43.4049187,
                                                 595.6
                                             ],
                                             [
                                                 -72.7301565,
                                                 43.404984799999994,
                                                 607.9
                                             ],
                                             [
                                                 -72.73147900000002,
                                                 43.40515820000002,
                                                 643.7
                                             ],
                                             [
                                                 -72.73278219999996,
                                                 43.4053291,
                                                 672.5
                                             ],
                                             [
                                                 -72.73416230000002,
                                                 43.405510000000014,
                                                 708.7
                                             ],
                                             [
                                                 -72.73603390000002,
                                                 43.40575540000001,
                                                 744
                                             ],
                                             [
                                                 -72.73715860000003,
                                                 43.405902900000015,
                                                 771.8
                                             ],
                                             [
                                                 -72.7382951,
                                                 43.4060518,
                                                 798.9
                                             ],
                                             [
                                                 -72.73912690000003,
                                                 43.4061609,
                                                 813.5
                                             ],
                                             [
                                                 -72.7398797,
                                                 43.4062596,
                                                 831.8
                                             ],
                                             [
                                                 -72.74089760000003,
                                                 43.4063931,
                                                 867.8
                                             ],
                                             [
                                                 -72.74126980000005,
                                                 43.4064419,
                                                 878.8
                                             ],
                                             [
                                                 -72.74360380000003,
                                                 43.4067479,
                                                 932.8
                                             ],
                                             [
                                                 -72.74428690000003,
                                                 43.40683739999999,
                                                 946.2
                                             ],
                                             [
                                                 -72.74502390000004,
                                                 43.406934,
                                                 960.6
                                             ],
                                             [
                                                 -72.74524480000002,
                                                 43.406963,
                                                 965.1
                                             ]
                                         ]
                     }
    },
    {
        "type":  "Feature",
        "properties":  {
                           "type":  "lift",
                           "liftType":  "chair_lift",
                           "status":  "operating",
                           "name":  "South Face Express Quad",
                           "oneway":  true,
                           "ref":  null,
                           "refFRCAIRN":  null,
                           "description":  null,
                           "occupancy":  4,
                           "capacity":  null,
                           "duration":  300,
                           "bubble":  false,
                           "heating":  false,
                           "detachable":  null,
                           "skiAreas":  [
                                            {
                                                "type":  "Feature",
                                                "properties":  {
                                                                   "id":  "0f0d574cfdbd7b9a55296a94c4683b3e732a543b",
                                                                   "name":  "Okemo Mountain",
                                                                   "activities":  [
                                                                                      "downhill"
                                                                                  ],
                                                                   "type":  "skiArea",
                                                                   "status":  "operating"
                                                               },
                                                "geometry":  {
                                                                 "type":  "Polygon",
                                                                 "coordinates":  [
                                                                                     [
                                                                                         [
                                                                                             -72.74308640000002,
                                                                                             43.4274285
                                                                                         ],
                                                                                         [
                                                                                             -72.74806460000003,
                                                                                             43.42050910000001
                                                                                         ],
                                                                                         [
                                                                                             -72.7589651,
                                                                                             43.406449499999994
                                                                                         ],
                                                                                         [
                                                                                             -72.74969530000003,
                                                                                             43.39276080000001
                                                                                         ],
                                                                                         [
                                                                                             -72.7296968,
                                                                                             43.387583899999996
                                                                                         ],
                                                                                         [
                                                                                             -72.7130885,
                                                                                             43.3982803
                                                                                         ],
                                                                                         [
                                                                                             -72.71038490000002,
                                                                                             43.4090683
                                                                                         ],
                                                                                         [
                                                                                             -72.7109428,
                                                                                             43.4191064
                                                                                         ],
                                                                                         [
                                                                                             -72.716908,
                                                                                             43.4270234
                                                                                         ],
                                                                                         [
                                                                                             -72.72420360000004,
                                                                                             43.42717920000001
                                                                                         ],
                                                                                         [
                                                                                             -72.74308640000002,
                                                                                             43.4274285
                                                                                         ]
                                                                                     ]
                                                                                 ]
                                                             }
                                            }
                                        ],
                           "sources":  [
                                           {
                                               "type":  "openstreetmap",
                                               "id":  "way/52460237"
                                           }
                                       ],
                           "websites":  [

                                        ],
                           "wikidataID":  null,
                           "places":  [
                                          {
                                              "iso3166_2":  "US-VT",
                                              "localized":  {
                                                                "en":  {
                                                                           "region":  "Vermont",
                                                                           "country":  "United States",
                                                                           "locality":  "Ludlow"
                                                                       }
                                                            },
                                              "iso3166_1Alpha2":  "US"
                                          }
                                      ],
                           "id":  "90b0060254a9fd4cda2acdb07f88fe588a96ce4e"
                       },
        "geometry":  {
                         "type":  "LineString",
                         "coordinates":  [
                                             [
                                                 -72.73996900000003,
                                                 43.3941541,
                                                 685
                                             ],
                                             [
                                                 -72.7405111,
                                                 43.3946062,
                                                 692.1
                                             ],
                                             [
                                                 -72.74114500000003,
                                                 43.395134900000016,
                                                 722.6
                                             ],
                                             [
                                                 -72.74149000000003,
                                                 43.39542280000001,
                                                 734.7
                                             ],
                                             [
                                                 -72.7420178,
                                                 43.39586290000001,
                                                 744.5
                                             ],
                                             [
                                                 -72.74210460000003,
                                                 43.39593530000002,
                                                 746
                                             ],
                                             [
                                                 -72.74319470000003,
                                                 43.396844499999986,
                                                 769.9
                                             ],
                                             [
                                                 -72.74401650000003,
                                                 43.39753,
                                                 797.6
                                             ],
                                             [
                                                 -72.74492760000005,
                                                 43.3982898,
                                                 837.1
                                             ],
                                             [
                                                 -72.7455405,
                                                 43.398801,
                                                 860.2
                                             ],
                                             [
                                                 -72.7464022,
                                                 43.39951970000001,
                                                 882.4
                                             ],
                                             [
                                                 -72.74750580000003,
                                                 43.4004401,
                                                 904.1
                                             ],
                                             [
                                                 -72.74771580000002,
                                                 43.40061520000001,
                                                 905.7
                                             ],
                                             [
                                                 -72.74813990000003,
                                                 43.4009689,
                                                 917.3
                                             ],
                                             [
                                                 -72.7484041,
                                                 43.4011892,
                                                 925.5
                                             ],
                                             [
                                                 -72.74855460000003,
                                                 43.4013148,
                                                 928.2
                                             ],
                                             [
                                                 -72.7488086,
                                                 43.4015266,
                                                 936.4
                                             ],
                                             [
                                                 -72.7490481,
                                                 43.4017264,
                                                 944
                                             ],
                                             [
                                                 -72.7495188,
                                                 43.40211890000002,
                                                 962.8
                                             ],
                                             [
                                                 -72.7498487,
                                                 43.4023941,
                                                 969.2
                                             ],
                                             [
                                                 -72.750687,
                                                 43.4030932,
                                                 988.5
                                             ],
                                             [
                                                 -72.7510755,
                                                 43.4034172,
                                                 1001
                                             ],
                                             [
                                                 -72.7512975,
                                                 43.4036023,
                                                 1007.4
                                             ]
                                         ]
                     }
    },
    {
        "type":  "Feature",
        "properties":  {
                           "type":  "lift",
                           "liftType":  "chair_lift",
                           "status":  "operating",
                           "name":  "South Ridge Quad B",
                           "oneway":  true,
                           "ref":  null,
                           "refFRCAIRN":  null,
                           "description":  null,
                           "occupancy":  4,
                           "capacity":  null,
                           "duration":  360,
                           "bubble":  false,
                           "heating":  false,
                           "detachable":  null,
                           "skiAreas":  [
                                            {
                                                "type":  "Feature",
                                                "properties":  {
                                                                   "id":  "0f0d574cfdbd7b9a55296a94c4683b3e732a543b",
                                                                   "name":  "Okemo Mountain",
                                                                   "activities":  [
                                                                                      "downhill"
                                                                                  ],
                                                                   "type":  "skiArea",
                                                                   "status":  "operating"
                                                               },
                                                "geometry":  {
                                                                 "type":  "Polygon",
                                                                 "coordinates":  [
                                                                                     [
                                                                                         [
                                                                                             -72.74308640000002,
                                                                                             43.4274285
                                                                                         ],
                                                                                         [
                                                                                             -72.74806460000003,
                                                                                             43.42050910000001
                                                                                         ],
                                                                                         [
                                                                                             -72.7589651,
                                                                                             43.406449499999994
                                                                                         ],
                                                                                         [
                                                                                             -72.74969530000003,
                                                                                             43.39276080000001
                                                                                         ],
                                                                                         [
                                                                                             -72.7296968,
                                                                                             43.387583899999996
                                                                                         ],
                                                                                         [
                                                                                             -72.7130885,
                                                                                             43.3982803
                                                                                         ],
                                                                                         [
                                                                                             -72.71038490000002,
                                                                                             43.4090683
                                                                                         ],
                                                                                         [
                                                                                             -72.7109428,
                                                                                             43.4191064
                                                                                         ],
                                                                                         [
                                                                                             -72.716908,
                                                                                             43.4270234
                                                                                         ],
                                                                                         [
                                                                                             -72.72420360000004,
                                                                                             43.42717920000001
                                                                                         ],
                                                                                         [
                                                                                             -72.74308640000002,
                                                                                             43.4274285
                                                                                         ]
                                                                                     ]
                                                                                 ]
                                                             }
                                            }
                                        ],
                           "sources":  [
                                           {
                                               "type":  "openstreetmap",
                                               "id":  "way/52460238"
                                           }
                                       ],
                           "websites":  [

                                        ],
                           "wikidataID":  null,
                           "places":  [
                                          {
                                              "iso3166_2":  "US-VT",
                                              "localized":  {
                                                                "en":  {
                                                                           "region":  "Vermont",
                                                                           "country":  "United States",
                                                                           "locality":  "Ludlow"
                                                                       }
                                                            },
                                              "iso3166_1Alpha2":  "US"
                                          }
                                      ],
                           "id":  "884ceda82b2a7d0a918c8476a0f2de6f625e17b3"
                       },
        "geometry":  {
                         "type":  "LineString",
                         "coordinates":  [
                                             [
                                                 -72.7178368,
                                                 43.4022919,
                                                 399.2
                                             ],
                                             [
                                                 -72.7181005,
                                                 43.40258580000001,
                                                 404.4
                                             ],
                                             [
                                                 -72.7184331,
                                                 43.4029565,
                                                 416.8
                                             ],
                                             [
                                                 -72.71906740000003,
                                                 43.40366339999999,
                                                 436.7
                                             ],
                                             [
                                                 -72.71961460000006,
                                                 43.4042733,
                                                 452.5
                                             ],
                                             [
                                                 -72.7201804,
                                                 43.4049039,
                                                 467.5
                                             ],
                                             [
                                                 -72.7207844,
                                                 43.405577,
                                                 476.1
                                             ],
                                             [
                                                 -72.72141960000003,
                                                 43.406284899999996,
                                                 488.8
                                             ],
                                             [
                                                 -72.7221407,
                                                 43.407088499999986,
                                                 502.2
                                             ],
                                             [
                                                 -72.72276839999996,
                                                 43.4077881,
                                                 516.1
                                             ],
                                             [
                                                 -72.7232528,
                                                 43.4083279,
                                                 523.3
                                             ],
                                             [
                                                 -72.72339609999997,
                                                 43.408487599999994,
                                                 525.6
                                             ]
                                         ]
                     }
    },
    {
        "type":  "Feature",
        "properties":  {
                           "type":  "lift",
                           "liftType":  "chair_lift",
                           "status":  "operating",
                           "name":  "South Ridge Quad A",
                           "oneway":  true,
                           "ref":  null,
                           "refFRCAIRN":  null,
                           "description":  null,
                           "occupancy":  4,
                           "capacity":  null,
                           "duration":  360,
                           "bubble":  false,
                           "heating":  false,
                           "detachable":  null,
                           "skiAreas":  [
                                            {
                                                "type":  "Feature",
                                                "properties":  {
                                                                   "id":  "0f0d574cfdbd7b9a55296a94c4683b3e732a543b",
                                                                   "name":  "Okemo Mountain",
                                                                   "activities":  [
                                                                                      "downhill"
                                                                                  ],
                                                                   "type":  "skiArea",
                                                                   "status":  "operating"
                                                               },
                                                "geometry":  {
                                                                 "type":  "Polygon",
                                                                 "coordinates":  [
                                                                                     [
                                                                                         [
                                                                                             -72.74308640000002,
                                                                                             43.4274285
                                                                                         ],
                                                                                         [
                                                                                             -72.74806460000003,
                                                                                             43.42050910000001
                                                                                         ],
                                                                                         [
                                                                                             -72.7589651,
                                                                                             43.406449499999994
                                                                                         ],
                                                                                         [
                                                                                             -72.74969530000003,
                                                                                             43.39276080000001
                                                                                         ],
                                                                                         [
                                                                                             -72.7296968,
                                                                                             43.387583899999996
                                                                                         ],
                                                                                         [
                                                                                             -72.7130885,
                                                                                             43.3982803
                                                                                         ],
                                                                                         [
                                                                                             -72.71038490000002,
                                                                                             43.4090683
                                                                                         ],
                                                                                         [
                                                                                             -72.7109428,
                                                                                             43.4191064
                                                                                         ],
                                                                                         [
                                                                                             -72.716908,
                                                                                             43.4270234
                                                                                         ],
                                                                                         [
                                                                                             -72.72420360000004,
                                                                                             43.42717920000001
                                                                                         ],
                                                                                         [
                                                                                             -72.74308640000002,
                                                                                             43.4274285
                                                                                         ]
                                                                                     ]
                                                                                 ]
                                                             }
                                            }
                                        ],
                           "sources":  [
                                           {
                                               "type":  "openstreetmap",
                                               "id":  "way/52460239"
                                           }
                                       ],
                           "websites":  [

                                        ],
                           "wikidataID":  null,
                           "places":  [
                                          {
                                              "iso3166_2":  "US-VT",
                                              "localized":  {
                                                                "en":  {
                                                                           "region":  "Vermont",
                                                                           "country":  "United States",
                                                                           "locality":  "Ludlow"
                                                                       }
                                                            },
                                              "iso3166_1Alpha2":  "US"
                                          }
                                      ],
                           "id":  "ba111b456026f000983f9d340dc2ae57079a9498"
                       },
        "geometry":  {
                         "type":  "LineString",
                         "coordinates":  [
                                             [
                                                 -72.71765410000003,
                                                 43.40236030000001,
                                                 399.9
                                             ],
                                             [
                                                 -72.71796380000004,
                                                 43.40272880000001,
                                                 405.9
                                             ],
                                             [
                                                 -72.71833609999997,
                                                 43.4031718,
                                                 423.8
                                             ],
                                             [
                                                 -72.7189287,
                                                 43.4038769,
                                                 442.2
                                             ],
                                             [
                                                 -72.7194582,
                                                 43.404507,
                                                 457
                                             ],
                                             [
                                                 -72.71989460000003,
                                                 43.4050262,
                                                 470.5
                                             ],
                                             [
                                                 -72.7203572,
                                                 43.4055849,
                                                 475.1
                                             ],
                                             [
                                                 -72.7209898,
                                                 43.4063487,
                                                 487.7
                                             ],
                                             [
                                                 -72.721562,
                                                 43.407039499999996,
                                                 500.7
                                             ],
                                             [
                                                 -72.7219582,
                                                 43.407518,
                                                 511.5
                                             ],
                                             [
                                                 -72.7223096,
                                                 43.4079423,
                                                 519.6
                                             ],
                                             [
                                                 -72.7225653,
                                                 43.408251,
                                                 523.9
                                             ],
                                             [
                                                 -72.7227454,
                                                 43.4084685,
                                                 525.7
                                             ]
                                         ]
                     }
    },
    {
        "type":  "Feature",
        "properties":  {
                           "type":  "lift",
                           "liftType":  "chair_lift",
                           "status":  "operating",
                           "name":  "Sachem Quad",
                           "oneway":  true,
                           "ref":  null,
                           "refFRCAIRN":  null,
                           "description":  null,
                           "occupancy":  4,
                           "capacity":  null,
                           "duration":  null,
                           "bubble":  false,
                           "heating":  false,
                           "detachable":  null,
                           "skiAreas":  [
                                            {
                                                "type":  "Feature",
                                                "properties":  {
                                                                   "id":  "0f0d574cfdbd7b9a55296a94c4683b3e732a543b",
                                                                   "name":  "Okemo Mountain",
                                                                   "activities":  [
                                                                                      "downhill"
                                                                                  ],
                                                                   "type":  "skiArea",
                                                                   "status":  "operating"
                                                               },
                                                "geometry":  {
                                                                 "type":  "Polygon",
                                                                 "coordinates":  [
                                                                                     [
                                                                                         [
                                                                                             -72.74308640000002,
                                                                                             43.4274285
                                                                                         ],
                                                                                         [
                                                                                             -72.74806460000003,
                                                                                             43.42050910000001
                                                                                         ],
                                                                                         [
                                                                                             -72.7589651,
                                                                                             43.406449499999994
                                                                                         ],
                                                                                         [
                                                                                             -72.74969530000003,
                                                                                             43.39276080000001
                                                                                         ],
                                                                                         [
                                                                                             -72.7296968,
                                                                                             43.387583899999996
                                                                                         ],
                                                                                         [
                                                                                             -72.7130885,
                                                                                             43.3982803
                                                                                         ],
                                                                                         [
                                                                                             -72.71038490000002,
                                                                                             43.4090683
                                                                                         ],
                                                                                         [
                                                                                             -72.7109428,
                                                                                             43.4191064
                                                                                         ],
                                                                                         [
                                                                                             -72.716908,
                                                                                             43.4270234
                                                                                         ],
                                                                                         [
                                                                                             -72.72420360000004,
                                                                                             43.42717920000001
                                                                                         ],
                                                                                         [
                                                                                             -72.74308640000002,
                                                                                             43.4274285
                                                                                         ]
                                                                                     ]
                                                                                 ]
                                                             }
                                            }
                                        ],
                           "sources":  [
                                           {
                                               "type":  "openstreetmap",
                                               "id":  "way/255727372"
                                           }
                                       ],
                           "websites":  [

                                        ],
                           "wikidataID":  null,
                           "places":  [
                                          {
                                              "iso3166_2":  "US-VT",
                                              "localized":  {
                                                                "en":  {
                                                                           "region":  "Vermont",
                                                                           "country":  "United States",
                                                                           "locality":  "Ludlow"
                                                                       }
                                                            },
                                              "iso3166_1Alpha2":  "US"
                                          }
                                      ],
                           "id":  "f5eabb56d4829bd989dfd233fee8da02b9c898f2"
                       },
        "geometry":  {
                         "type":  "LineString",
                         "coordinates":  [
                                             [
                                                 -72.719542,
                                                 43.40275530000002,
                                                 417.8
                                             ],
                                             [
                                                 -72.7197422,
                                                 43.4027547,
                                                 420.4
                                             ],
                                             [
                                                 -72.7201453,
                                                 43.4027534,
                                                 427
                                             ],
                                             [
                                                 -72.72066440000003,
                                                 43.40275180000001,
                                                 438.6
                                             ],
                                             [
                                                 -72.7213211,
                                                 43.4027498,
                                                 453.9
                                             ],
                                             [
                                                 -72.7218284,
                                                 43.40274820000001,
                                                 460.2
                                             ],
                                             [
                                                 -72.7221949,
                                                 43.4027471,
                                                 463.8
                                             ],
                                             [
                                                 -72.7228909,
                                                 43.402758300000016,
                                                 469.9
                                             ],
                                             [
                                                 -72.7233539,
                                                 43.4027435,
                                                 474.4
                                             ],
                                             [
                                                 -72.724433,
                                                 43.4027401,
                                                 488.5
                                             ],
                                             [
                                                 -72.7255894,
                                                 43.4027365,
                                                 500.6
                                             ],
                                             [
                                                 -72.7266855,
                                                 43.40273310000001,
                                                 521
                                             ],
                                             [
                                                 -72.7277355,
                                                 43.40272990000001,
                                                 544.1
                                             ],
                                             [
                                                 -72.72888479999997,
                                                 43.40272630000001,
                                                 580.9
                                             ],
                                             [
                                                 -72.7297273,
                                                 43.4027237,
                                                 609.4
                                             ],
                                             [
                                                 -72.7303091,
                                                 43.4027219,
                                                 622
                                             ],
                                             [
                                                 -72.73115890000003,
                                                 43.402719200000014,
                                                 635.2
                                             ],
                                             [
                                                 -72.732284,
                                                 43.402715700000016,
                                                 649.3
                                             ],
                                             [
                                                 -72.7332786,
                                                 43.4027074,
                                                 659.8
                                             ],
                                             [
                                                 -72.73442290000003,
                                                 43.402706,
                                                 674.7
                                             ],
                                             [
                                                 -72.73562760000003,
                                                 43.4027045,
                                                 697.1
                                             ],
                                             [
                                                 -72.73598729999998,
                                                 43.402704,
                                                 701.9
                                             ],
                                             [
                                                 -72.7360913,
                                                 43.40270390000001,
                                                 702.8
                                             ]
                                         ]
                     }
    },
    {
        "type":  "Feature",
        "properties":  {
                           "type":  "lift",
                           "liftType":  "magic_carpet",
                           "status":  "operating",
                           "name":  "F-10 Carpet",
                           "oneway":  null,
                           "ref":  null,
                           "refFRCAIRN":  null,
                           "description":  null,
                           "occupancy":  null,
                           "capacity":  null,
                           "duration":  null,
                           "bubble":  null,
                           "heating":  null,
                           "detachable":  null,
                           "skiAreas":  [
                                            {
                                                "type":  "Feature",
                                                "properties":  {
                                                                   "id":  "0f0d574cfdbd7b9a55296a94c4683b3e732a543b",
                                                                   "name":  "Okemo Mountain",
                                                                   "activities":  [
                                                                                      "downhill"
                                                                                  ],
                                                                   "type":  "skiArea",
                                                                   "status":  "operating"
                                                               },
                                                "geometry":  {
                                                                 "type":  "Polygon",
                                                                 "coordinates":  [
                                                                                     [
                                                                                         [
                                                                                             -72.74308640000002,
                                                                                             43.4274285
                                                                                         ],
                                                                                         [
                                                                                             -72.74806460000003,
                                                                                             43.42050910000001
                                                                                         ],
                                                                                         [
                                                                                             -72.7589651,
                                                                                             43.406449499999994
                                                                                         ],
                                                                                         [
                                                                                             -72.74969530000003,
                                                                                             43.39276080000001
                                                                                         ],
                                                                                         [
                                                                                             -72.7296968,
                                                                                             43.387583899999996
                                                                                         ],
                                                                                         [
                                                                                             -72.7130885,
                                                                                             43.3982803
                                                                                         ],
                                                                                         [
                                                                                             -72.71038490000002,
                                                                                             43.4090683
                                                                                         ],
                                                                                         [
                                                                                             -72.7109428,
                                                                                             43.4191064
                                                                                         ],
                                                                                         [
                                                                                             -72.716908,
                                                                                             43.4270234
                                                                                         ],
                                                                                         [
                                                                                             -72.72420360000004,
                                                                                             43.42717920000001
                                                                                         ],
                                                                                         [
                                                                                             -72.74308640000002,
                                                                                             43.4274285
                                                                                         ]
                                                                                     ]
                                                                                 ]
                                                             }
                                            }
                                        ],
                           "sources":  [
                                           {
                                               "type":  "openstreetmap",
                                               "id":  "way/255727417"
                                           }
                                       ],
                           "websites":  [

                                        ],
                           "wikidataID":  null,
                           "places":  [
                                          {
                                              "iso3166_2":  "US-VT",
                                              "localized":  {
                                                                "en":  {
                                                                           "region":  "Vermont",
                                                                           "country":  "United States",
                                                                           "locality":  "Ludlow"
                                                                       }
                                                            },
                                              "iso3166_1Alpha2":  "US"
                                          }
                                      ],
                           "id":  "d27fe57f3136e2d2afa6629e5fb6ac9d72dde769"
                       },
        "geometry":  {
                         "type":  "LineString",
                         "coordinates":  [
                                             [
                                                 -72.718351,
                                                 43.401874099999986,
                                                 401.8
                                             ],
                                             [
                                                 -72.71913970000003,
                                                 43.4028222,
                                                 413.7
                                             ]
                                         ]
                     }
    },
    {
        "type":  "Feature",
        "properties":  {
                           "type":  "lift",
                           "liftType":  "magic_carpet",
                           "status":  "operating",
                           "name":  "Snow Star Carpet",
                           "oneway":  null,
                           "ref":  null,
                           "refFRCAIRN":  null,
                           "description":  null,
                           "occupancy":  null,
                           "capacity":  null,
                           "duration":  null,
                           "bubble":  null,
                           "heating":  null,
                           "detachable":  null,
                           "skiAreas":  [
                                            {
                                                "type":  "Feature",
                                                "properties":  {
                                                                   "id":  "0f0d574cfdbd7b9a55296a94c4683b3e732a543b",
                                                                   "name":  "Okemo Mountain",
                                                                   "activities":  [
                                                                                      "downhill"
                                                                                  ],
                                                                   "type":  "skiArea",
                                                                   "status":  "operating"
                                                               },
                                                "geometry":  {
                                                                 "type":  "Polygon",
                                                                 "coordinates":  [
                                                                                     [
                                                                                         [
                                                                                             -72.74308640000002,
                                                                                             43.4274285
                                                                                         ],
                                                                                         [
                                                                                             -72.74806460000003,
                                                                                             43.42050910000001
                                                                                         ],
                                                                                         [
                                                                                             -72.7589651,
                                                                                             43.406449499999994
                                                                                         ],
                                                                                         [
                                                                                             -72.74969530000003,
                                                                                             43.39276080000001
                                                                                         ],
                                                                                         [
                                                                                             -72.7296968,
                                                                                             43.387583899999996
                                                                                         ],
                                                                                         [
                                                                                             -72.7130885,
                                                                                             43.3982803
                                                                                         ],
                                                                                         [
                                                                                             -72.71038490000002,
                                                                                             43.4090683
                                                                                         ],
                                                                                         [
                                                                                             -72.7109428,
                                                                                             43.4191064
                                                                                         ],
                                                                                         [
                                                                                             -72.716908,
                                                                                             43.4270234
                                                                                         ],
                                                                                         [
                                                                                             -72.72420360000004,
                                                                                             43.42717920000001
                                                                                         ],
                                                                                         [
                                                                                             -72.74308640000002,
                                                                                             43.4274285
                                                                                         ]
                                                                                     ]
                                                                                 ]
                                                             }
                                            }
                                        ],
                           "sources":  [
                                           {
                                               "type":  "openstreetmap",
                                               "id":  "way/255727473"
                                           }
                                       ],
                           "websites":  [

                                        ],
                           "wikidataID":  null,
                           "places":  [
                                          {
                                              "iso3166_2":  "US-VT",
                                              "localized":  {
                                                                "en":  {
                                                                           "region":  "Vermont",
                                                                           "country":  "United States",
                                                                           "locality":  "Ludlow"
                                                                       }
                                                            },
                                              "iso3166_1Alpha2":  "US"
                                          }
                                      ],
                           "id":  "2a53c6f28042163143d97284952ad607189af879"
                       },
        "geometry":  {
                         "type":  "LineString",
                         "coordinates":  [
                                             [
                                                 -72.7160681,
                                                 43.4017228,
                                                 392.7
                                             ],
                                             [
                                                 -72.7164758,
                                                 43.4020872,
                                                 395.1
                                             ]
                                         ]
                     }
    },
    {
        "type":  "Feature",
        "properties":  {
                           "type":  "lift",
                           "liftType":  "chair_lift",
                           "status":  "operating",
                           "name":  "Evergreen Express",
                           "oneway":  true,
                           "ref":  null,
                           "refFRCAIRN":  null,
                           "description":  null,
                           "occupancy":  4,
                           "capacity":  null,
                           "duration":  null,
                           "bubble":  true,
                           "heating":  false,
                           "detachable":  null,
                           "skiAreas":  [
                                            {
                                                "type":  "Feature",
                                                "properties":  {
                                                                   "id":  "0f0d574cfdbd7b9a55296a94c4683b3e732a543b",
                                                                   "name":  "Okemo Mountain",
                                                                   "activities":  [
                                                                                      "downhill"
                                                                                  ],
                                                                   "type":  "skiArea",
                                                                   "status":  "operating"
                                                               },
                                                "geometry":  {
                                                                 "type":  "Polygon",
                                                                 "coordinates":  [
                                                                                     [
                                                                                         [
                                                                                             -72.74308640000002,
                                                                                             43.4274285
                                                                                         ],
                                                                                         [
                                                                                             -72.74806460000003,
                                                                                             43.42050910000001
                                                                                         ],
                                                                                         [
                                                                                             -72.7589651,
                                                                                             43.406449499999994
                                                                                         ],
                                                                                         [
                                                                                             -72.74969530000003,
                                                                                             43.39276080000001
                                                                                         ],
                                                                                         [
                                                                                             -72.7296968,
                                                                                             43.387583899999996
                                                                                         ],
                                                                                         [
                                                                                             -72.7130885,
                                                                                             43.3982803
                                                                                         ],
                                                                                         [
                                                                                             -72.71038490000002,
                                                                                             43.4090683
                                                                                         ],
                                                                                         [
                                                                                             -72.7109428,
                                                                                             43.4191064
                                                                                         ],
                                                                                         [
                                                                                             -72.716908,
                                                                                             43.4270234
                                                                                         ],
                                                                                         [
                                                                                             -72.72420360000004,
                                                                                             43.42717920000001
                                                                                         ],
                                                                                         [
                                                                                             -72.74308640000002,
                                                                                             43.4274285
                                                                                         ]
                                                                                     ]
                                                                                 ]
                                                             }
                                            }
                                        ],
                           "sources":  [
                                           {
                                               "type":  "openstreetmap",
                                               "id":  "way/255728267"
                                           }
                                       ],
                           "websites":  [

                                        ],
                           "wikidataID":  null,
                           "places":  [
                                          {
                                              "iso3166_2":  "US-VT",
                                              "localized":  {
                                                                "en":  {
                                                                           "region":  "Vermont",
                                                                           "country":  "United States",
                                                                           "locality":  "Ludlow"
                                                                       }
                                                            },
                                              "iso3166_1Alpha2":  "US"
                                          },
                                          {
                                              "iso3166_2":  "US-VT",
                                              "localized":  {
                                                                "en":  {
                                                                           "region":  "Vermont",
                                                                           "country":  "United States",
                                                                           "locality":  null
                                                                       }
                                                            },
                                              "iso3166_1Alpha2":  "US"
                                          }
                                      ],
                           "id":  "c9b40215d283ac91853061111740508799bdf4e1"
                       },
        "geometry":  {
                         "type":  "LineString",
                         "coordinates":  [
                                             [
                                                 -72.73112240000003,
                                                 43.411053,
                                                 658.9
                                             ],
                                             [
                                                 -72.731701,
                                                 43.4109019,
                                                 671.3
                                             ],
                                             [
                                                 -72.73252260000002,
                                                 43.41068739999998,
                                                 694.2
                                             ],
                                             [
                                                 -72.7332817,
                                                 43.410489199999994,
                                                 705.8
                                             ],
                                             [
                                                 -72.73422820000003,
                                                 43.4102421,
                                                 731.6
                                             ],
                                             [
                                                 -72.73489520000003,
                                                 43.410067899999994,
                                                 747.5
                                             ],
                                             [
                                                 -72.73598679999998,
                                                 43.4097829,
                                                 770.5
                                             ],
                                             [
                                                 -72.7367974,
                                                 43.4095713,
                                                 785.7
                                             ],
                                             [
                                                 -72.73762410000003,
                                                 43.4093554,
                                                 800.2
                                             ],
                                             [
                                                 -72.7383584,
                                                 43.4091637,
                                                 815.6
                                             ],
                                             [
                                                 -72.73929740000003,
                                                 43.40891850000001,
                                                 834.2
                                             ],
                                             [
                                                 -72.7407163,
                                                 43.408548,
                                                 862.5
                                             ],
                                             [
                                                 -72.74164480000003,
                                                 43.40830560000001,
                                                 889.2
                                             ],
                                             [
                                                 -72.742381,
                                                 43.40811330000002,
                                                 909.2
                                             ],
                                             [
                                                 -72.7433915,
                                                 43.40784949999998,
                                                 930
                                             ],
                                             [
                                                 -72.7437487,
                                                 43.4077562,
                                                 935.6
                                             ],
                                             [
                                                 -72.74459570000003,
                                                 43.40753510000001,
                                                 951.9
                                             ],
                                             [
                                                 -72.74520720000002,
                                                 43.4073754,
                                                 964.2
                                             ]
                                         ]
                     }
    },
    {
        "type":  "Feature",
        "properties":  {
                           "type":  "lift",
                           "liftType":  "chair_lift",
                           "status":  "operating",
                           "name":  "Black Ridge Triple",
                           "oneway":  true,
                           "ref":  null,
                           "refFRCAIRN":  null,
                           "description":  null,
                           "occupancy":  3,
                           "capacity":  null,
                           "duration":  null,
                           "bubble":  false,
                           "heating":  false,
                           "detachable":  null,
                           "skiAreas":  [
                                            {
                                                "type":  "Feature",
                                                "properties":  {
                                                                   "id":  "0f0d574cfdbd7b9a55296a94c4683b3e732a543b",
                                                                   "name":  "Okemo Mountain",
                                                                   "activities":  [
                                                                                      "downhill"
                                                                                  ],
                                                                   "type":  "skiArea",
                                                                   "status":  "operating"
                                                               },
                                                "geometry":  {
                                                                 "type":  "Polygon",
                                                                 "coordinates":  [
                                                                                     [
                                                                                         [
                                                                                             -72.74308640000002,
                                                                                             43.4274285
                                                                                         ],
                                                                                         [
                                                                                             -72.74806460000003,
                                                                                             43.42050910000001
                                                                                         ],
                                                                                         [
                                                                                             -72.7589651,
                                                                                             43.406449499999994
                                                                                         ],
                                                                                         [
                                                                                             -72.74969530000003,
                                                                                             43.39276080000001
                                                                                         ],
                                                                                         [
                                                                                             -72.7296968,
                                                                                             43.387583899999996
                                                                                         ],
                                                                                         [
                                                                                             -72.7130885,
                                                                                             43.3982803
                                                                                         ],
                                                                                         [
                                                                                             -72.71038490000002,
                                                                                             43.4090683
                                                                                         ],
                                                                                         [
                                                                                             -72.7109428,
                                                                                             43.4191064
                                                                                         ],
                                                                                         [
                                                                                             -72.716908,
                                                                                             43.4270234
                                                                                         ],
                                                                                         [
                                                                                             -72.72420360000004,
                                                                                             43.42717920000001
                                                                                         ],
                                                                                         [
                                                                                             -72.74308640000002,
                                                                                             43.4274285
                                                                                         ]
                                                                                     ]
                                                                                 ]
                                                             }
                                            }
                                        ],
                           "sources":  [
                                           {
                                               "type":  "openstreetmap",
                                               "id":  "way/255728268"
                                           }
                                       ],
                           "websites":  [

                                        ],
                           "wikidataID":  null,
                           "places":  [
                                          {
                                              "iso3166_2":  "US-VT",
                                              "localized":  {
                                                                "en":  {
                                                                           "region":  "Vermont",
                                                                           "country":  "United States",
                                                                           "locality":  "Ludlow"
                                                                       }
                                                            },
                                              "iso3166_1Alpha2":  "US"
                                          }
                                      ],
                           "id":  "933ee814ed4ab5da7cb0de0d5fc55a286ab0b7c1"
                       },
        "geometry":  {
                         "type":  "LineString",
                         "coordinates":  [
                                             [
                                                 -72.72338479999998,
                                                 43.4069531,
                                                 506
                                             ],
                                             [
                                                 -72.72402670000002,
                                                 43.40701520000001,
                                                 512.6
                                             ],
                                             [
                                                 -72.72491600000002,
                                                 43.4071013,
                                                 529.8
                                             ],
                                             [
                                                 -72.7262177,
                                                 43.407227199999994,
                                                 553.6
                                             ],
                                             [
                                                 -72.7273608,
                                                 43.4073379,
                                                 575.2
                                             ],
                                             [
                                                 -72.7286048,
                                                 43.4074582,
                                                 598.7
                                             ],
                                             [
                                                 -72.72974409999998,
                                                 43.4075685,
                                                 624.4
                                             ],
                                             [
                                                 -72.730906,
                                                 43.407680899999995,
                                                 659.8
                                             ],
                                             [
                                                 -72.73211440000003,
                                                 43.4077979,
                                                 695.2
                                             ],
                                             [
                                                 -72.7330714,
                                                 43.407890499999986,
                                                 713.5
                                             ],
                                             [
                                                 -72.7333228,
                                                 43.4079148,
                                                 717.7
                                             ]
                                         ]
                     }
    },
    {
        "type":  "Feature",
        "properties":  {
                           "type":  "lift",
                           "liftType":  "t-bar",
                           "status":  "operating",
                           "name":  "The Pull",
                           "oneway":  null,
                           "ref":  null,
                           "refFRCAIRN":  null,
                           "description":  null,
                           "occupancy":  null,
                           "capacity":  null,
                           "duration":  null,
                           "bubble":  null,
                           "heating":  null,
                           "detachable":  null,
                           "skiAreas":  [
                                            {
                                                "type":  "Feature",
                                                "properties":  {
                                                                   "id":  "0f0d574cfdbd7b9a55296a94c4683b3e732a543b",
                                                                   "name":  "Okemo Mountain",
                                                                   "activities":  [
                                                                                      "downhill"
                                                                                  ],
                                                                   "type":  "skiArea",
                                                                   "status":  "operating"
                                                               },
                                                "geometry":  {
                                                                 "type":  "Polygon",
                                                                 "coordinates":  [
                                                                                     [
                                                                                         [
                                                                                             -72.74308640000002,
                                                                                             43.4274285
                                                                                         ],
                                                                                         [
                                                                                             -72.74806460000003,
                                                                                             43.42050910000001
                                                                                         ],
                                                                                         [
                                                                                             -72.7589651,
                                                                                             43.406449499999994
                                                                                         ],
                                                                                         [
                                                                                             -72.74969530000003,
                                                                                             43.39276080000001
                                                                                         ],
                                                                                         [
                                                                                             -72.7296968,
                                                                                             43.387583899999996
                                                                                         ],
                                                                                         [
                                                                                             -72.7130885,
                                                                                             43.3982803
                                                                                         ],
                                                                                         [
                                                                                             -72.71038490000002,
                                                                                             43.4090683
                                                                                         ],
                                                                                         [
                                                                                             -72.7109428,
                                                                                             43.4191064
                                                                                         ],
                                                                                         [
                                                                                             -72.716908,
                                                                                             43.4270234
                                                                                         ],
                                                                                         [
                                                                                             -72.72420360000004,
                                                                                             43.42717920000001
                                                                                         ],
                                                                                         [
                                                                                             -72.74308640000002,
                                                                                             43.4274285
                                                                                         ]
                                                                                     ]
                                                                                 ]
                                                             }
                                            }
                                        ],
                           "sources":  [
                                           {
                                               "type":  "openstreetmap",
                                               "id":  "way/255728269"
                                           }
                                       ],
                           "websites":  [

                                        ],
                           "wikidataID":  null,
                           "places":  [
                                          {
                                              "iso3166_2":  "US-VT",
                                              "localized":  {
                                                                "en":  {
                                                                           "region":  "Vermont",
                                                                           "country":  "United States",
                                                                           "locality":  "Ludlow"
                                                                       }
                                                            },
                                              "iso3166_1Alpha2":  "US"
                                          }
                                      ],
                           "id":  "1844b742ee7d643385c2cf0de5b50a9ae2aa5c9f"
                       },
        "geometry":  {
                         "type":  "LineString",
                         "coordinates":  [
                                             [
                                                 -72.7247852,
                                                 43.407486899999995,
                                                 529.8
                                             ],
                                             [
                                                 -72.7286797,
                                                 43.4077597,
                                                 602.6
                                             ]
                                         ]
                     }
    },
    {
        "type":  "Feature",
        "properties":  {
                           "type":  "lift",
                           "liftType":  "magic_carpet",
                           "status":  "operating",
                           "name":  "Starlight Carpet",
                           "oneway":  null,
                           "ref":  null,
                           "refFRCAIRN":  null,
                           "description":  null,
                           "occupancy":  null,
                           "capacity":  null,
                           "duration":  null,
                           "bubble":  null,
                           "heating":  false,
                           "detachable":  null,
                           "skiAreas":  [
                                            {
                                                "type":  "Feature",
                                                "properties":  {
                                                                   "id":  "0f0d574cfdbd7b9a55296a94c4683b3e732a543b",
                                                                   "name":  "Okemo Mountain",
                                                                   "activities":  [
                                                                                      "downhill"
                                                                                  ],
                                                                   "type":  "skiArea",
                                                                   "status":  "operating"
                                                               },
                                                "geometry":  {
                                                                 "type":  "Polygon",
                                                                 "coordinates":  [
                                                                                     [
                                                                                         [
                                                                                             -72.74308640000002,
                                                                                             43.4274285
                                                                                         ],
                                                                                         [
                                                                                             -72.74806460000003,
                                                                                             43.42050910000001
                                                                                         ],
                                                                                         [
                                                                                             -72.7589651,
                                                                                             43.406449499999994
                                                                                         ],
                                                                                         [
                                                                                             -72.74969530000003,
                                                                                             43.39276080000001
                                                                                         ],
                                                                                         [
                                                                                             -72.7296968,
                                                                                             43.387583899999996
                                                                                         ],
                                                                                         [
                                                                                             -72.7130885,
                                                                                             43.3982803
                                                                                         ],
                                                                                         [
                                                                                             -72.71038490000002,
                                                                                             43.4090683
                                                                                         ],
                                                                                         [
                                                                                             -72.7109428,
                                                                                             43.4191064
                                                                                         ],
                                                                                         [
                                                                                             -72.716908,
                                                                                             43.4270234
                                                                                         ],
                                                                                         [
                                                                                             -72.72420360000004,
                                                                                             43.42717920000001
                                                                                         ],
                                                                                         [
                                                                                             -72.74308640000002,
                                                                                             43.4274285
                                                                                         ]
                                                                                     ]
                                                                                 ]
                                                             }
                                            }
                                        ],
                           "sources":  [
                                           {
                                               "type":  "openstreetmap",
                                               "id":  "way/255728270"
                                           }
                                       ],
                           "websites":  [

                                        ],
                           "wikidataID":  null,
                           "places":  [
                                          {
                                              "iso3166_2":  "US-VT",
                                              "localized":  {
                                                                "en":  {
                                                                           "region":  "Vermont",
                                                                           "country":  "United States",
                                                                           "locality":  "Ludlow"
                                                                       }
                                                            },
                                              "iso3166_1Alpha2":  "US"
                                          }
                                      ],
                           "id":  "df5acd279fa6ffe318aa0e48fde853ec1e5ea888"
                       },
        "geometry":  {
                         "type":  "LineString",
                         "coordinates":  [
                                             [
                                                 -72.7182889,
                                                 43.4222994,
                                                 353
                                             ],
                                             [
                                                 -72.7184577,
                                                 43.422330400000014,
                                                 354.6
                                             ]
                                         ]
                     }
    },
    {
        "type":  "Feature",
        "properties":  {
                           "type":  "lift",
                           "liftType":  "magic_carpet",
                           "status":  "operating",
                           "name":  "Stargazer Carpet",
                           "oneway":  null,
                           "ref":  null,
                           "refFRCAIRN":  null,
                           "description":  null,
                           "occupancy":  null,
                           "capacity":  null,
                           "duration":  null,
                           "bubble":  null,
                           "heating":  null,
                           "detachable":  null,
                           "skiAreas":  [
                                            {
                                                "type":  "Feature",
                                                "properties":  {
                                                                   "id":  "0f0d574cfdbd7b9a55296a94c4683b3e732a543b",
                                                                   "name":  "Okemo Mountain",
                                                                   "activities":  [
                                                                                      "downhill"
                                                                                  ],
                                                                   "type":  "skiArea",
                                                                   "status":  "operating"
                                                               },
                                                "geometry":  {
                                                                 "type":  "Polygon",
                                                                 "coordinates":  [
                                                                                     [
                                                                                         [
                                                                                             -72.74308640000002,
                                                                                             43.4274285
                                                                                         ],
                                                                                         [
                                                                                             -72.74806460000003,
                                                                                             43.42050910000001
                                                                                         ],
                                                                                         [
                                                                                             -72.7589651,
                                                                                             43.406449499999994
                                                                                         ],
                                                                                         [
                                                                                             -72.74969530000003,
                                                                                             43.39276080000001
                                                                                         ],
                                                                                         [
                                                                                             -72.7296968,
                                                                                             43.387583899999996
                                                                                         ],
                                                                                         [
                                                                                             -72.7130885,
                                                                                             43.3982803
                                                                                         ],
                                                                                         [
                                                                                             -72.71038490000002,
                                                                                             43.4090683
                                                                                         ],
                                                                                         [
                                                                                             -72.7109428,
                                                                                             43.4191064
                                                                                         ],
                                                                                         [
                                                                                             -72.716908,
                                                                                             43.4270234
                                                                                         ],
                                                                                         [
                                                                                             -72.72420360000004,
                                                                                             43.42717920000001
                                                                                         ],
                                                                                         [
                                                                                             -72.74308640000002,
                                                                                             43.4274285
                                                                                         ]
                                                                                     ]
                                                                                 ]
                                                             }
                                            }
                                        ],
                           "sources":  [
                                           {
                                               "type":  "openstreetmap",
                                               "id":  "way/255728271"
                                           }
                                       ],
                           "websites":  [

                                        ],
                           "wikidataID":  null,
                           "places":  [
                                          {
                                              "iso3166_2":  "US-VT",
                                              "localized":  {
                                                                "en":  {
                                                                           "region":  "Vermont",
                                                                           "country":  "United States",
                                                                           "locality":  "Ludlow"
                                                                       }
                                                            },
                                              "iso3166_1Alpha2":  "US"
                                          }
                                      ],
                           "id":  "474f9d85f4851f1f024009904ca56ed3b63835bb"
                       },
        "geometry":  {
                         "type":  "LineString",
                         "coordinates":  [
                                             [
                                                 -72.71821580000002,
                                                 43.42310110000001,
                                                 352.6
                                             ],
                                             [
                                                 -72.71891300000003,
                                                 43.42393230000002,
                                                 361
                                             ]
                                         ]
                     }
    },
    {
        "type":  "Feature",
        "properties":  {
                           "type":  "lift",
                           "liftType":  "magic_carpet",
                           "status":  "operating",
                           "name":  "Orion\u0027s Belt Carpet",
                           "oneway":  null,
                           "ref":  null,
                           "refFRCAIRN":  null,
                           "description":  null,
                           "occupancy":  null,
                           "capacity":  null,
                           "duration":  null,
                           "bubble":  null,
                           "heating":  null,
                           "detachable":  null,
                           "skiAreas":  [
                                            {
                                                "type":  "Feature",
                                                "properties":  {
                                                                   "id":  "0f0d574cfdbd7b9a55296a94c4683b3e732a543b",
                                                                   "name":  "Okemo Mountain",
                                                                   "activities":  [
                                                                                      "downhill"
                                                                                  ],
                                                                   "type":  "skiArea",
                                                                   "status":  "operating"
                                                               },
                                                "geometry":  {
                                                                 "type":  "Polygon",
                                                                 "coordinates":  [
                                                                                     [
                                                                                         [
                                                                                             -72.74308640000002,
                                                                                             43.4274285
                                                                                         ],
                                                                                         [
                                                                                             -72.74806460000003,
                                                                                             43.42050910000001
                                                                                         ],
                                                                                         [
                                                                                             -72.7589651,
                                                                                             43.406449499999994
                                                                                         ],
                                                                                         [
                                                                                             -72.74969530000003,
                                                                                             43.39276080000001
                                                                                         ],
                                                                                         [
                                                                                             -72.7296968,
                                                                                             43.387583899999996
                                                                                         ],
                                                                                         [
                                                                                             -72.7130885,
                                                                                             43.3982803
                                                                                         ],
                                                                                         [
                                                                                             -72.71038490000002,
                                                                                             43.4090683
                                                                                         ],
                                                                                         [
                                                                                             -72.7109428,
                                                                                             43.4191064
                                                                                         ],
                                                                                         [
                                                                                             -72.716908,
                                                                                             43.4270234
                                                                                         ],
                                                                                         [
                                                                                             -72.72420360000004,
                                                                                             43.42717920000001
                                                                                         ],
                                                                                         [
                                                                                             -72.74308640000002,
                                                                                             43.4274285
                                                                                         ]
                                                                                     ]
                                                                                 ]
                                                             }
                                            }
                                        ],
                           "sources":  [
                                           {
                                               "type":  "openstreetmap",
                                               "id":  "way/255728272"
                                           }
                                       ],
                           "websites":  [

                                        ],
                           "wikidataID":  null,
                           "places":  [
                                          {
                                              "iso3166_2":  "US-VT",
                                              "localized":  {
                                                                "en":  {
                                                                           "region":  "Vermont",
                                                                           "country":  "United States",
                                                                           "locality":  "Ludlow"
                                                                       }
                                                            },
                                              "iso3166_1Alpha2":  "US"
                                          }
                                      ],
                           "id":  "b81a4e7d16168330bb94a6b2e820bb9360f24ed8"
                       },
        "geometry":  {
                         "type":  "LineString",
                         "coordinates":  [
                                             [
                                                 -72.71860600000002,
                                                 43.4239825,
                                                 361.2
                                             ],
                                             [
                                                 -72.71918330000003,
                                                 43.4248181,
                                                 369
                                             ]
                                         ]
                     }
    },
    {
        "type":  "Feature",
        "properties":  {
                           "type":  "lift",
                           "liftType":  "chair_lift",
                           "status":  "operating",
                           "name":  "Sunshine Quad",
                           "oneway":  true,
                           "ref":  null,
                           "refFRCAIRN":  null,
                           "description":  null,
                           "occupancy":  4,
                           "capacity":  null,
                           "duration":  378,
                           "bubble":  false,
                           "heating":  false,
                           "detachable":  null,
                           "skiAreas":  [
                                            {
                                                "type":  "Feature",
                                                "properties":  {
                                                                   "id":  "0f0d574cfdbd7b9a55296a94c4683b3e732a543b",
                                                                   "name":  "Okemo Mountain",
                                                                   "activities":  [
                                                                                      "downhill"
                                                                                  ],
                                                                   "type":  "skiArea",
                                                                   "status":  "operating"
                                                               },
                                                "geometry":  {
                                                                 "type":  "Polygon",
                                                                 "coordinates":  [
                                                                                     [
                                                                                         [
                                                                                             -72.74308640000002,
                                                                                             43.4274285
                                                                                         ],
                                                                                         [
                                                                                             -72.74806460000003,
                                                                                             43.42050910000001
                                                                                         ],
                                                                                         [
                                                                                             -72.7589651,
                                                                                             43.406449499999994
                                                                                         ],
                                                                                         [
                                                                                             -72.74969530000003,
                                                                                             43.39276080000001
                                                                                         ],
                                                                                         [
                                                                                             -72.7296968,
                                                                                             43.387583899999996
                                                                                         ],
                                                                                         [
                                                                                             -72.7130885,
                                                                                             43.3982803
                                                                                         ],
                                                                                         [
                                                                                             -72.71038490000002,
                                                                                             43.4090683
                                                                                         ],
                                                                                         [
                                                                                             -72.7109428,
                                                                                             43.4191064
                                                                                         ],
                                                                                         [
                                                                                             -72.716908,
                                                                                             43.4270234
                                                                                         ],
                                                                                         [
                                                                                             -72.72420360000004,
                                                                                             43.42717920000001
                                                                                         ],
                                                                                         [
                                                                                             -72.74308640000002,
                                                                                             43.4274285
                                                                                         ]
                                                                                     ]
                                                                                 ]
                                                             }
                                            }
                                        ],
                           "sources":  [
                                           {
                                               "type":  "openstreetmap",
                                               "id":  "way/562232716"
                                           }
                                       ],
                           "websites":  [

                                        ],
                           "wikidataID":  null,
                           "places":  [
                                          {
                                              "iso3166_2":  "US-VT",
                                              "localized":  {
                                                                "en":  {
                                                                           "region":  "Vermont",
                                                                           "country":  "United States",
                                                                           "locality":  "Ludlow"
                                                                       }
                                                            },
                                              "iso3166_1Alpha2":  "US"
                                          }
                                      ],
                           "id":  "685d368558ca5b66bfed1149b9dbfba509514e76"
                       },
        "geometry":  {
                         "type":  "LineString",
                         "coordinates":  [
                                             [
                                                 -72.7404489,
                                                 43.3937035,
                                                 694.5
                                             ],
                                             [
                                                 -72.74025030000003,
                                                 43.3936291,
                                                 691.3
                                             ],
                                             [
                                                 -72.73966930000003,
                                                 43.3934117,
                                                 684.1
                                             ],
                                             [
                                                 -72.73873109999997,
                                                 43.3930605,
                                                 671.7
                                             ],
                                             [
                                                 -72.73765940000006,
                                                 43.3926594,
                                                 660
                                             ],
                                             [
                                                 -72.7367564,
                                                 43.3923214,
                                                 649.7
                                             ],
                                             [
                                                 -72.735906,
                                                 43.39200310000001,
                                                 637.4
                                             ],
                                             [
                                                 -72.73501540000002,
                                                 43.391669699999994,
                                                 624.6
                                             ],
                                             [
                                                 -72.73392340000004,
                                                 43.39126099999999,
                                                 613.2
                                             ],
                                             [
                                                 -72.7331161,
                                                 43.390958800000014,
                                                 597.3
                                             ],
                                             [
                                                 -72.7325012,
                                                 43.39072870000001,
                                                 589
                                             ],
                                             [
                                                 -72.73194090000003,
                                                 43.39051900000001,
                                                 580.8
                                             ],
                                             [
                                                 -72.73128060000003,
                                                 43.3902718,
                                                 567.7
                                             ],
                                             [
                                                 -72.73125550000003,
                                                 43.3902796,
                                                 567.2
                                             ],
                                             [
                                                 -72.73125190000003,
                                                 43.3902692,
                                                 567.3
                                             ],
                                             [
                                                 -72.73128060000003,
                                                 43.3902718,
                                                 567.7
                                             ]
                                         ]
                     }
    },
    {
        "type":  "Feature",
        "properties":  {
                           "type":  "lift",
                           "liftType":  "magic_carpet",
                           "status":  "operating",
                           "name":  "Ski School Carpet",
                           "oneway":  null,
                           "ref":  null,
                           "refFRCAIRN":  null,
                           "description":  null,
                           "occupancy":  null,
                           "capacity":  null,
                           "duration":  null,
                           "bubble":  null,
                           "heating":  false,
                           "detachable":  null,
                           "skiAreas":  [
                                            {
                                                "type":  "Feature",
                                                "properties":  {
                                                                   "id":  "0f0d574cfdbd7b9a55296a94c4683b3e732a543b",
                                                                   "name":  "Okemo Mountain",
                                                                   "activities":  [
                                                                                      "downhill"
                                                                                  ],
                                                                   "type":  "skiArea",
                                                                   "status":  "operating"
                                                               },
                                                "geometry":  {
                                                                 "type":  "Polygon",
                                                                 "coordinates":  [
                                                                                     [
                                                                                         [
                                                                                             -72.74308640000002,
                                                                                             43.4274285
                                                                                         ],
                                                                                         [
                                                                                             -72.74806460000003,
                                                                                             43.42050910000001
                                                                                         ],
                                                                                         [
                                                                                             -72.7589651,
                                                                                             43.406449499999994
                                                                                         ],
                                                                                         [
                                                                                             -72.74969530000003,
                                                                                             43.39276080000001
                                                                                         ],
                                                                                         [
                                                                                             -72.7296968,
                                                                                             43.387583899999996
                                                                                         ],
                                                                                         [
                                                                                             -72.7130885,
                                                                                             43.3982803
                                                                                         ],
                                                                                         [
                                                                                             -72.71038490000002,
                                                                                             43.4090683
                                                                                         ],
                                                                                         [
                                                                                             -72.7109428,
                                                                                             43.4191064
                                                                                         ],
                                                                                         [
                                                                                             -72.716908,
                                                                                             43.4270234
                                                                                         ],
                                                                                         [
                                                                                             -72.72420360000004,
                                                                                             43.42717920000001
                                                                                         ],
                                                                                         [
                                                                                             -72.74308640000002,
                                                                                             43.4274285
                                                                                         ]
                                                                                     ]
                                                                                 ]
                                                             }
                                            }
                                        ],
                           "sources":  [
                                           {
                                               "type":  "openstreetmap",
                                               "id":  "way/1384193788"
                                           }
                                       ],
                           "websites":  [

                                        ],
                           "wikidataID":  null,
                           "places":  [
                                          {
                                              "iso3166_2":  "US-VT",
                                              "localized":  {
                                                                "en":  {
                                                                           "region":  "Vermont",
                                                                           "country":  "United States",
                                                                           "locality":  "Ludlow"
                                                                       }
                                                            },
                                              "iso3166_1Alpha2":  "US"
                                          }
                                      ],
                           "id":  "3ce27c82f58aeb95d4af5d578b1807440f9de1ad"
                       },
        "geometry":  {
                         "type":  "LineString",
                         "coordinates":  [
                                             [
                                                 -72.71715860000003,
                                                 43.4026701,
                                                 402.1
                                             ],
                                             [
                                                 -72.71725540000006,
                                                 43.4029225,
                                                 407.7
                                             ]
                                         ]
                     }
    },
    {
        "type":  "Feature",
        "properties":  {
                           "type":  "lift",
                           "liftType":  "magic_carpet",
                           "status":  "operating",
                           "name":  "Skywalker Carpet",
                           "oneway":  null,
                           "ref":  null,
                           "refFRCAIRN":  null,
                           "description":  null,
                           "occupancy":  null,
                           "capacity":  null,
                           "duration":  null,
                           "bubble":  null,
                           "heating":  false,
                           "detachable":  null,
                           "skiAreas":  [
                                            {
                                                "type":  "Feature",
                                                "properties":  {
                                                                   "id":  "0f0d574cfdbd7b9a55296a94c4683b3e732a543b",
                                                                   "name":  "Okemo Mountain",
                                                                   "activities":  [
                                                                                      "downhill"
                                                                                  ],
                                                                   "type":  "skiArea",
                                                                   "status":  "operating"
                                                               },
                                                "geometry":  {
                                                                 "type":  "Polygon",
                                                                 "coordinates":  [
                                                                                     [
                                                                                         [
                                                                                             -72.74308640000002,
                                                                                             43.4274285
                                                                                         ],
                                                                                         [
                                                                                             -72.74806460000003,
                                                                                             43.42050910000001
                                                                                         ],
                                                                                         [
                                                                                             -72.7589651,
                                                                                             43.406449499999994
                                                                                         ],
                                                                                         [
                                                                                             -72.74969530000003,
                                                                                             43.39276080000001
                                                                                         ],
                                                                                         [
                                                                                             -72.7296968,
                                                                                             43.387583899999996
                                                                                         ],
                                                                                         [
                                                                                             -72.7130885,
                                                                                             43.3982803
                                                                                         ],
                                                                                         [
                                                                                             -72.71038490000002,
                                                                                             43.4090683
                                                                                         ],
                                                                                         [
                                                                                             -72.7109428,
                                                                                             43.4191064
                                                                                         ],
                                                                                         [
                                                                                             -72.716908,
                                                                                             43.4270234
                                                                                         ],
                                                                                         [
                                                                                             -72.72420360000004,
                                                                                             43.42717920000001
                                                                                         ],
                                                                                         [
                                                                                             -72.74308640000002,
                                                                                             43.4274285
                                                                                         ]
                                                                                     ]
                                                                                 ]
                                                             }
                                            }
                                        ],
                           "sources":  [
                                           {
                                               "type":  "openstreetmap",
                                               "id":  "way/1384193870"
                                           }
                                       ],
                           "websites":  [

                                        ],
                           "wikidataID":  null,
                           "places":  [
                                          {
                                              "iso3166_2":  "US-VT",
                                              "localized":  {
                                                                "en":  {
                                                                           "region":  "Vermont",
                                                                           "country":  "United States",
                                                                           "locality":  "Ludlow"
                                                                       }
                                                            },
                                              "iso3166_1Alpha2":  "US"
                                          }
                                      ],
                           "id":  "6b968b232e4d44e124dcc4357585622383c4d42e"
                       },
        "geometry":  {
                         "type":  "LineString",
                         "coordinates":  [
                                             [
                                                 -72.71618260000002,
                                                 43.4016332,
                                                 392.1
                                             ],
                                             [
                                                 -72.71612440000006,
                                                 43.401524,
                                                 390.9
                                             ]
                                         ]
                     }
    }
]
