{
    "features": [
        {
            "type": "Feature",
            "properties": {
                "type": "run",
                "uses": [
                    "downhill"
                ],
                "name": "Loose Spruce",
                "ref": null,
                "description": null,
                "difficulty": "expert",
                "difficultyConvention": "north_america",
                "oneway": true,
                "gladed": true,
                "patrolled": true,
                "lit": false,
                "grooming": "backcountry",
                "skiAreas": [
                    {
                        "type": "Feature",
                        "properties": {
                            "id": "0f0d574cfdbd7b9a55296a94c4683b3e732a543b",
                            "name": "Okemo Mountain",
                            "activities": [
                                "downhill"
                            ],
                            "type": "skiArea",
                            "status": "operating"
                        },
                        "geometry": {
                            "type": "Polygon",
                            "coordinates": [
                                [
                                    [
                                        -72.74308640000002,
                                        43.4274285
                                    ],
                                    [
                                        -72.74806460000003,
                                        43.42050910000001
                                    ],
                                    [
                                        -72.7589651,
                                        43.406449499999994
                                    ],
                                    [
                                        -72.74969530000003,
                                        43.39276080000001
                                    ],
                                    [
                                        -72.7296968,
                                        43.387583899999996
                                    ],
                                    [
                                        -72.7130885,
                                        43.3982803
                                    ],
                                    [
                                        -72.71038490000002,
                                        43.4090683
                                    ],
                                    [
                                        -72.7109428,
                                        43.4191064
                                    ],
                                    [
                                        -72.716908,
                                        43.4270234
                                    ],
                                    [
                                        -72.72420360000004,
                                        43.42717920000001
                                    ],
                                    [
                                        -72.74308640000002,
                                        43.4274285
                                    ]
                                ]
                            ]
                        }
                    }
                ],
                "status": "operating",
                "sources": [
                    {
                        "type": "openstreetmap",
                        "id": "way/257512577"
                    }
                ],
                "websites": [],
                "wikidataID": null,
                "places": [
                    {
                        "iso3166_2": "US-VT",
                        "localized": {
                            "en": {
                                "region": "Vermont",
                                "country": "United States",
                                "locality": "Ludlow"
                            }
                        },
                        "iso3166_1Alpha2": "US"
                    }
                ],
                "elevationProfile": null,
                "id": "f6a6650307e7c37c9fe5b0d78abe63bed36ae351"
            },
            "geometry": {
                "type": "Polygon",
                "coordinates": [
                    [
                        [
                            -72.7486703,
                            43.3996054,
                            905.7
                        ],
                        [
                            -72.7487314,
                            43.3993824,
                            903.8
                        ],
                        [
                            -72.7487901,
                            43.398717200000014,
                            898.3
                        ],
                        [
                            -72.7484732,
                            43.39816300000001,
                            879.5
                        ],
                        [
                            -72.7481681,
                            43.3974893,
                            860.8
                        ],
                        [
                            -72.74774560000003,
                            43.3969435,
                            843.4
                        ],
                        [
                            -72.74725270000003,
                            43.3962954,
                            820.9
                        ],
                        [
                            -72.74686540000003,
                            43.3958094,
                            798.1
                        ],
                        [
                            -72.7467715,
                            43.39553650000001,
                            786.3
                        ],
                        [
                            -72.7467223,
                            43.39544230000001,
                            782.9
                        ],
                        [
                            -72.74664140000003,
                            43.39532970000001,
                            779.5
                        ],
                        [
                            -72.74655380000003,
                            43.395275800000014,
                            779
                        ],
                        [
                            -72.74651330000003,
                            43.395217,
                            778.1
                        ],
                        [
                            -72.74637179999998,
                            43.3951044,
                            776.2
                        ],
                        [
                            -72.74623020000003,
                            43.3954913,
                            783.9
                        ],
                        [
                            -72.7464863,
                            43.3961084,
                            801.1
                        ],
                        [
                            -72.74715370000006,
                            43.396823499999996,
                            834.9
                        ],
                        [
                            -72.74769970000006,
                            43.3976708,
                            863.9
                        ],
                        [
                            -72.74806360000004,
                            43.398390800000016,
                            885.1
                        ],
                        [
                            -72.7482928,
                            43.3988855,
                            893.8
                        ],
                        [
                            -72.74831300000002,
                            43.3991646,
                            893.8
                        ],
                        [
                            -72.7482389,
                            43.3992724,
                            893.9
                        ],
                        [
                            -72.74839390000002,
                            43.39941930000001,
                            897.2
                        ],
                        [
                            -72.7484479,
                            43.3995711,
                            901.1
                        ],
                        [
                            -72.7485355,
                            43.3996691,
                            904.5
                        ],
                        [
                            -72.7486703,
                            43.3996054,
                            905.7
                        ]
                    ]
                ]
            }
        },
        {
            "type": "Feature",
            "properties": {
                "type": "run",
                "uses": [
                    "downhill"
                ],
                "name": "Forrest Bump",
                "ref": null,
                "description": null,
                "difficulty": "expert",
                "difficultyConvention": "north_america",
                "oneway": true,
                "gladed": true,
                "patrolled": true,
                "lit": false,
                "grooming": "backcountry",
                "skiAreas": [
                    {
                        "type": "Feature",
                        "properties": {
                            "id": "0f0d574cfdbd7b9a55296a94c4683b3e732a543b",
                            "name": "Okemo Mountain",
                            "activities": [
                                "downhill"
                            ],
                            "type": "skiArea",
                            "status": "operating"
                        },
                        "geometry": {
                            "type": "Polygon",
                            "coordinates": [
                                [
                                    [
                                        -72.74308640000002,
                                        43.4274285
                                    ],
                                    [
                                        -72.74806460000003,
                                        43.42050910000001
                                    ],
                                    [
                                        -72.7589651,
                                        43.406449499999994
                                    ],
                                    [
                                        -72.74969530000003,
                                        43.39276080000001
                                    ],
                                    [
                                        -72.7296968,
                                        43.387583899999996
                                    ],
                                    [
                                        -72.7130885,
                                        43.3982803
                                    ],
                                    [
                                        -72.71038490000002,
                                        43.4090683
                                    ],
                                    [
                                        -72.7109428,
                                        43.4191064
                                    ],
                                    [
                                        -72.716908,
                                        43.4270234
                                    ],
                                    [
                                        -72.72420360000004,
                                        43.42717920000001
                                    ],
                                    [
                                        -72.74308640000002,
                                        43.4274285
                                    ]
                                ]
                            ]
                        }
                    }
                ],
                "status": "operating",
                "sources": [
                    {
                        "type": "openstreetmap",
                        "id": "way/257513577"
                    }
                ],
                "websites": [],
                "wikidataID": null,
                "places": [
                    {
                        "iso3166_2": "US-VT",
                        "localized": {
                            "en": {
                                "region": "Vermont",
                                "country": "United States",
                                "locality": "Ludlow"
                            }
                        },
                        "iso3166_1Alpha2": "US"
                    }
                ],
                "elevationProfile": null,
                "id": "d80a377bfd47f9ad65a515f49864c1f04017f723"
            },
            "geometry": {
                "type": "Polygon",
                "coordinates": [
                    [
                        [
                            -72.74522520000004,
                            43.39995910000001,
                            873.1
                        ],
                        [
                            -72.74388660000002,
                            43.3994001,
                            843.2
                        ],
                        [
                            -72.742805,
                            43.399255300000014,
                            813.1
                        ],
                        [
                            -72.74112200000003,
                            43.3986037,
                            763.4
                        ],
                        [
                            -72.740172,
                            43.3979949,
                            743
                        ],
                        [
                            -72.7395327,
                            43.397515100000014,
                            719.5
                        ],
                        [
                            -72.73959860000002,
                            43.397746,
                            722.4
                        ],
                        [
                            -72.7395918,
                            43.398072800000016,
                            724.9
                        ],
                        [
                            -72.7395883,
                            43.39830660000001,
                            727.6
                        ],
                        [
                            -72.73961950000003,
                            43.3985454,
                            729.8
                        ],
                        [
                            -72.7395925,
                            43.39897580000002,
                            729.8
                        ],
                        [
                            -72.73966650000003,
                            43.3993091,
                            731.6
                        ],
                        [
                            -72.7400281,
                            43.399338000000014,
                            741.6
                        ],
                        [
                            -72.7406521,
                            43.3996443,
                            761.8
                        ],
                        [
                            -72.74134950000003,
                            43.3997516,
                            777.9
                        ],
                        [
                            -72.74210380000002,
                            43.399933900000015,
                            795.9
                        ],
                        [
                            -72.74296500000003,
                            43.400046499999995,
                            818.3
                        ],
                        [
                            -72.74381900000003,
                            43.4000142,
                            843.5
                        ],
                        [
                            -72.74473160000002,
                            43.4001434,
                            862.1
                        ],
                        [
                            -72.74522520000004,
                            43.39995910000001,
                            873.1
                        ]
                    ]
                ]
            }
        },
        {
            "type": "Feature",
            "properties": {
                "type": "run",
                "uses": [
                    "downhill"
                ],
                "name": "Everglade",
                "ref": null,
                "description": null,
                "difficulty": "intermediate",
                "difficultyConvention": "north_america",
                "oneway": true,
                "gladed": true,
                "patrolled": true,
                "lit": false,
                "grooming": "backcountry",
                "skiAreas": [
                    {
                        "type": "Feature",
                        "properties": {
                            "id": "0f0d574cfdbd7b9a55296a94c4683b3e732a543b",
                            "name": "Okemo Mountain",
                            "activities": [
                                "downhill"
                            ],
                            "type": "skiArea",
                            "status": "operating"
                        },
                        "geometry": {
                            "type": "Polygon",
                            "coordinates": [
                                [
                                    [
                                        -72.74308640000002,
                                        43.4274285
                                    ],
                                    [
                                        -72.74806460000003,
                                        43.42050910000001
                                    ],
                                    [
                                        -72.7589651,
                                        43.406449499999994
                                    ],
                                    [
                                        -72.74969530000003,
                                        43.39276080000001
                                    ],
                                    [
                                        -72.7296968,
                                        43.387583899999996
                                    ],
                                    [
                                        -72.7130885,
                                        43.3982803
                                    ],
                                    [
                                        -72.71038490000002,
                                        43.4090683
                                    ],
                                    [
                                        -72.7109428,
                                        43.4191064
                                    ],
                                    [
                                        -72.716908,
                                        43.4270234
                                    ],
                                    [
                                        -72.72420360000004,
                                        43.42717920000001
                                    ],
                                    [
                                        -72.74308640000002,
                                        43.4274285
                                    ]
                                ]
                            ]
                        }
                    }
                ],
                "status": "operating",
                "sources": [
                    {
                        "type": "openstreetmap",
                        "id": "way/1019609430"
                    }
                ],
                "websites": [],
                "wikidataID": null,
                "places": [
                    {
                        "iso3166_2": "US-VT",
                        "localized": {
                            "en": {
                                "region": "Vermont",
                                "country": "United States",
                                "locality": null
                            }
                        },
                        "iso3166_1Alpha2": "US"
                    }
                ],
                "elevationProfile": null,
                "id": "972844563b025fddf3bb56ba7fbe2405c58ba630"
            },
            "geometry": {
                "type": "Polygon",
                "coordinates": [
                    [
                        [
                            -72.74510400000003,
                            43.4095048,
                            911.7
                        ],
                        [
                            -72.74492750000003,
                            43.40955130000001,
                            909.7
                        ],
                        [
                            -72.7448798,
                            43.40995810000001,
                            899.3
                        ],
                        [
                            -72.74467260000003,
                            43.410569699999996,
                            883.8
                        ],
                        [
                            -72.74412360000008,
                            43.411490099999995,
                            860.3
                        ],
                        [
                            -72.7434461,
                            43.4129832,
                            836.7
                        ],
                        [
                            -72.74321980000003,
                            43.4138152,
                            822
                        ],
                        [
                            -72.74300170000002,
                            43.4141533,
                            810.7
                        ],
                        [
                            -72.7428453,
                            43.414376499999996,
                            802
                        ],
                        [
                            -72.74258960000003,
                            43.4145428,
                            794.1
                        ],
                        [
                            -72.7422788,
                            43.414724099999994,
                            790.7
                        ],
                        [
                            -72.74256320000003,
                            43.414656499999985,
                            791
                        ],
                        [
                            -72.7427089,
                            43.414651699999986,
                            791.9
                        ],
                        [
                            -72.74286120000002,
                            43.41462769999998,
                            795.2
                        ],
                        [
                            -72.74301350000003,
                            43.414589199999995,
                            797.5
                        ],
                        [
                            -72.74321220000003,
                            43.41450739999999,
                            802.4
                        ],
                        [
                            -72.74334340000003,
                            43.4144922,
                            803.1
                        ],
                        [
                            -72.74353390000003,
                            43.41420149999998,
                            813.2
                        ],
                        [
                            -72.7437118,
                            43.413847799999985,
                            824.3
                        ],
                        [
                            -72.7439365,
                            43.4129036,
                            839
                        ],
                        [
                            -72.7450825,
                            43.41058639999999,
                            884.3
                        ],
                        [
                            -72.74527560000003,
                            43.4098931,
                            902.4
                        ],
                        [
                            -72.74525620000003,
                            43.409464799999995,
                            912.4
                        ],
                        [
                            -72.74510400000003,
                            43.4095048,
                            911.7
                        ]
                    ]
                ]
            }
        },
        {
            "type": "Feature",
            "properties": {
                "type": "run",
                "uses": [
                    "snow_park"
                ],
                "name": "Superpipe",
                "ref": null,
                "description": null,
                "difficulty": "freeride",
                "difficultyConvention": "north_america",
                "oneway": true,
                "gladed": null,
                "patrolled": null,
                "lit": false,
                "grooming": "classic",
                "skiAreas": [
                    {
                        "type": "Feature",
                        "properties": {
                            "id": "0f0d574cfdbd7b9a55296a94c4683b3e732a543b",
                            "name": "Okemo Mountain",
                            "activities": [
                                "downhill"
                            ],
                            "type": "skiArea",
                            "status": "operating"
                        },
                        "geometry": {
                            "type": "Polygon",
                            "coordinates": [
                                [
                                    [
                                        -72.74308640000002,
                                        43.4274285
                                    ],
                                    [
                                        -72.74806460000003,
                                        43.42050910000001
                                    ],
                                    [
                                        -72.7589651,
                                        43.406449499999994
                                    ],
                                    [
                                        -72.74969530000003,
                                        43.39276080000001
                                    ],
                                    [
                                        -72.7296968,
                                        43.387583899999996
                                    ],
                                    [
                                        -72.7130885,
                                        43.3982803
                                    ],
                                    [
                                        -72.71038490000002,
                                        43.4090683
                                    ],
                                    [
                                        -72.7109428,
                                        43.4191064
                                    ],
                                    [
                                        -72.716908,
                                        43.4270234
                                    ],
                                    [
                                        -72.72420360000004,
                                        43.42717920000001
                                    ],
                                    [
                                        -72.74308640000002,
                                        43.4274285
                                    ]
                                ]
                            ]
                        }
                    }
                ],
                "status": "operating",
                "sources": [
                    {
                        "type": "openstreetmap",
                        "id": "way/1089488618"
                    }
                ],
                "websites": [],
                "wikidataID": null,
                "places": [
                    {
                        "iso3166_2": "US-VT",
                        "localized": {
                            "en": {
                                "region": "Vermont",
                                "country": "United States",
                                "locality": "Ludlow"
                            }
                        },
                        "iso3166_1Alpha2": "US"
                    }
                ],
                "elevationProfile": null,
                "id": "6b7d9aa365bb811327c202233fe839507b39bc7b"
            },
            "geometry": {
                "type": "Polygon",
                "coordinates": [
                    [
                        [
                            -72.7262981,
                            43.407909599999996,
                            557.6
                        ],
                        [
                            -72.7263105,
                            43.40774699999999,
                            556.9
                        ],
                        [
                            -72.72494390000003,
                            43.407694499999984,
                            530.8
                        ],
                        [
                            -72.724885,
                            43.4078723,
                            529.9
                        ],
                        [
                            -72.7262981,
                            43.407909599999996,
                            557.6
                        ]
                    ]
                ]
            }
        },
        {
            "type": "Feature",
            "properties": {
                "type": "run",
                "id": "7696e64e83c2526856792a6a0e87c63eabc8b1b6",
                "uses": [
                    "downhill"
                ],
                "name": "Fast Track",
                "ref": null,
                "description": null,
                "difficulty": "easy",
                "difficultyConvention": "north_america",
                "status": "operating",
                "oneway": true,
                "lit": false,
                "gladed": null,
                "patrolled": null,
                "grooming": "classic",
                "skiAreas": [
                    {
                        "type": "Feature",
                        "properties": {
                            "id": "0f0d574cfdbd7b9a55296a94c4683b3e732a543b",
                            "name": "Okemo Mountain",
                            "activities": [
                                "downhill"
                            ],
                            "type": "skiArea",
                            "status": "operating"
                        },
                        "geometry": {
                            "type": "Polygon",
                            "coordinates": [
                                [
                                    [
                                        -72.74308640000002,
                                        43.4274285
                                    ],
                                    [
                                        -72.74806460000003,
                                        43.42050910000001
                                    ],
                                    [
                                        -72.7589651,
                                        43.406449499999994
                                    ],
                                    [
                                        -72.74969530000003,
                                        43.39276080000001
                                    ],
                                    [
                                        -72.7296968,
                                        43.387583899999996
                                    ],
                                    [
                                        -72.7130885,
                                        43.3982803
                                    ],
                                    [
                                        -72.71038490000002,
                                        43.4090683
                                    ],
                                    [
                                        -72.7109428,
                                        43.4191064
                                    ],
                                    [
                                        -72.716908,
                                        43.4270234
                                    ],
                                    [
                                        -72.72420360000004,
                                        43.42717920000001
                                    ],
                                    [
                                        -72.74308640000002,
                                        43.4274285
                                    ]
                                ]
                            ]
                        }
                    }
                ],
                "elevationProfile": {
                    "heights": [
                        445.3,
                        446.4,
                        447.6,
                        446.1,
                        441.4,
                        436.7,
                        432.7,
                        427.4,
                        422.9,
                        418,
                        412.2,
                        405,
                        399.7,
                        396,
                        390.4,
                        384.7,
                        383.7
                    ],
                    "resolution": 25
                },
                "sources": [
                    {
                        "type": "openstreetmap",
                        "id": "relation/14506544"
                    },
                    {
                        "type": "openstreetmap",
                        "id": "way/257665199"
                    },
                    {
                        "type": "openstreetmap",
                        "id": "way/1089488570"
                    }
                ],
                "websites": [],
                "wikidataID": null,
                "places": [
                    {
                        "iso3166_2": "US-VT",
                        "localized": {
                            "en": {
                                "region": "Vermont",
                                "country": "United States",
                                "locality": "Ludlow"
                            }
                        },
                        "iso3166_1Alpha2": "US"
                    }
                ]
            },
            "geometry": {
                "type": "LineString",
                "coordinates": [
                    [
                        -72.72547899999996,
                        43.423193800000014,
                        445.3
                    ],
                    [
                        -72.7253996,
                        43.42335880000002,
                        445.9
                    ],
                    [
                        -72.72529940000003,
                        43.4234873,
                        447.4
                    ],
                    [
                        -72.7251438,
                        43.42358890000001,
                        447.7
                    ],
                    [
                        -72.7248677,
                        43.4237534,
                        445
                    ],
                    [
                        -72.7247041,
                        43.423841,
                        441.8
                    ],
                    [
                        -72.724535,
                        43.4238938,
                        438.9
                    ],
                    [
                        -72.7243874,
                        43.423932100000016,
                        436.7
                    ],
                    [
                        -72.72421950000003,
                        43.42393280000002,
                        434.7
                    ],
                    [
                        -72.72406380000002,
                        43.423908800000014,
                        432.2
                    ],
                    [
                        -72.7237986,
                        43.4238854,
                        427.6
                    ],
                    [
                        -72.7236431,
                        43.4238768,
                        425.7
                    ],
                    [
                        -72.7234709,
                        43.4238452,
                        422.7
                    ],
                    [
                        -72.7233108,
                        43.42378530000001,
                        419.9
                    ],
                    [
                        -72.7231416,
                        43.423739800000014,
                        417.1
                    ],
                    [
                        -72.72303849999997,
                        43.4237394,
                        415.2
                    ],
                    [
                        -72.72287739999996,
                        43.42375900000001,
                        411.9
                    ],
                    [
                        -72.72271269999997,
                        43.42379980000001,
                        408
                    ],
                    [
                        -72.7226097,
                        43.4238178,
                        405.2
                    ],
                    [
                        -72.72240749999997,
                        43.423818200000014,
                        401.4
                    ],
                    [
                        -72.7221834,
                        43.423816,
                        397.8
                    ],
                    [
                        -72.7220954,
                        43.4238294,
                        396.6
                    ],
                    [
                        -72.72200869999998,
                        43.4238725,
                        396.1
                    ],
                    [
                        -72.72182350000003,
                        43.42395680000001,
                        392.6
                    ],
                    [
                        -72.72164690000002,
                        43.42401500000001,
                        388.7
                    ],
                    [
                        -72.7214971,
                        43.4240555,
                        385.8
                    ],
                    [
                        -72.72138079999998,
                        43.42409280000001,
                        383.7
                    ]
                ]
            }
        },
        {
            "type": "Feature",
            "properties": {
                "type": "run",
                "id": "58a43510a54f0f8a88332816e2f2254d9de7367a",
                "uses": [
                    "downhill"
                ],
                "name": "Jack-A-Lope, Jack-a-lope",
                "ref": null,
                "description": null,
                "difficulty": "easy",
                "difficultyConvention": "north_america",
                "status": "operating",
                "oneway": true,
                "lit": false,
                "gladed": null,
                "patrolled": null,
                "grooming": "classic",
                "skiAreas": [
                    {
                        "type": "Feature",
                        "properties": {
                            "id": "0f0d574cfdbd7b9a55296a94c4683b3e732a543b",
                            "name": "Okemo Mountain",
                            "activities": [
                                "downhill"
                            ],
                            "type": "skiArea",
                            "status": "operating"
                        },
                        "geometry": {
                            "type": "Polygon",
                            "coordinates": [
                                [
                                    [
                                        -72.74308640000002,
                                        43.4274285
                                    ],
                                    [
                                        -72.74806460000003,
                                        43.42050910000001
                                    ],
                                    [
                                        -72.7589651,
                                        43.406449499999994
                                    ],
                                    [
                                        -72.74969530000003,
                                        43.39276080000001
                                    ],
                                    [
                                        -72.7296968,
                                        43.387583899999996
                                    ],
                                    [
                                        -72.7130885,
                                        43.3982803
                                    ],
                                    [
                                        -72.71038490000002,
                                        43.4090683
                                    ],
                                    [
                                        -72.7109428,
                                        43.4191064
                                    ],
                                    [
                                        -72.716908,
                                        43.4270234
                                    ],
                                    [
                                        -72.72420360000004,
                                        43.42717920000001
                                    ],
                                    [
                                        -72.74308640000002,
                                        43.4274285
                                    ]
                                ]
                            ]
                        }
                    }
                ],
                "elevationProfile": {
                    "heights": [
                        500.2,
                        497.3,
                        493.8,
                        489.8,
                        489.8,
                        491.2,
                        492.3,
                        492.5,
                        492,
                        490.2,
                        488.4,
                        486.9,
                        481.1,
                        472,
                        466.5,
                        463.4,
                        459.9,
                        459.5
                    ],
                    "resolution": 25
                },
                "sources": [
                    {
                        "type": "openstreetmap",
                        "id": "relation/14506545"
                    },
                    {
                        "type": "openstreetmap",
                        "id": "way/257654586"
                    }
                ],
                "websites": [],
                "wikidataID": null,
                "places": [
                    {
                        "iso3166_2": "US-VT",
                        "localized": {
                            "en": {
                                "region": "Vermont",
                                "country": "United States",
                                "locality": "Ludlow"
                            }
                        },
                        "iso3166_1Alpha2": "US"
                    }
                ]
            },
            "geometry": {
                "type": "LineString",
                "coordinates": [
                    [
                        -72.72437829999997,
                        43.416611599999996,
                        500.2
                    ],
                    [
                        -72.72402670000002,
                        43.416687999999986,
                        496.9
                    ],
                    [
                        -72.7239051,
                        43.41671220000001,
                        495.7
                    ],
                    [
                        -72.723794,
                        43.4168112,
                        492.9
                    ],
                    [
                        -72.72347409999998,
                        43.417096099999995,
                        489.6
                    ],
                    [
                        -72.7234335,
                        43.4173087,
                        490.7
                    ],
                    [
                        -72.7235798,
                        43.41789339999999,
                        492.6
                    ],
                    [
                        -72.7235798,
                        43.41834820000001,
                        489.5
                    ],
                    [
                        -72.723466,
                        43.4187379,
                        486.6
                    ],
                    [
                        -72.72323829999998,
                        43.4190687,
                        473.6
                    ],
                    [
                        -72.7230757,
                        43.4192281,
                        467.4
                    ],
                    [
                        -72.72288759999996,
                        43.4194007,
                        464.1
                    ],
                    [
                        -72.7227637,
                        43.4195204,
                        462.3
                    ],
                    [
                        -72.7226487,
                        43.419604599999985,
                        460.4
                    ],
                    [
                        -72.7226029,
                        43.41964,
                        459.5
                    ]
                ]
            }
        },
        {
            "type": "Feature",
            "properties": {
                "type": "run",
                "id": "9220969a5f782fd7b6d80cb9cc03f70965df8734",
                "uses": [
                    "downhill"
                ],
                "name": "Buckhorn",
                "ref": null,
                "description": null,
                "difficulty": "easy",
                "difficultyConvention": "north_america",
                "status": "operating",
                "oneway": true,
                "lit": false,
                "gladed": null,
                "patrolled": null,
                "grooming": "classic",
                "skiAreas": [
                    {
                        "type": "Feature",
                        "properties": {
                            "id": "0f0d574cfdbd7b9a55296a94c4683b3e732a543b",
                            "name": "Okemo Mountain",
                            "activities": [
                                "downhill"
                            ],
                            "type": "skiArea",
                            "status": "operating"
                        },
                        "geometry": {
                            "type": "Polygon",
                            "coordinates": [
                                [
                                    [
                                        -72.74308640000002,
                                        43.4274285
                                    ],
                                    [
                                        -72.74806460000003,
                                        43.42050910000001
                                    ],
                                    [
                                        -72.7589651,
                                        43.406449499999994
                                    ],
                                    [
                                        -72.74969530000003,
                                        43.39276080000001
                                    ],
                                    [
                                        -72.7296968,
                                        43.387583899999996
                                    ],
                                    [
                                        -72.7130885,
                                        43.3982803
                                    ],
                                    [
                                        -72.71038490000002,
                                        43.4090683
                                    ],
                                    [
                                        -72.7109428,
                                        43.4191064
                                    ],
                                    [
                                        -72.716908,
                                        43.4270234
                                    ],
                                    [
                                        -72.72420360000004,
                                        43.42717920000001
                                    ],
                                    [
                                        -72.74308640000002,
                                        43.4274285
                                    ]
                                ]
                            ]
                        }
                    }
                ],
                "elevationProfile": {
                    "heights": [
                        1000.6,
                        1000.8,
                        997.6,
                        992.7,
                        988.6,
                        985.3,
                        982.7,
                        981,
                        979,
                        978.4,
                        977.3,
                        977,
                        976.4,
                        974.5,
                        971.5,
                        968.3,
                        964.6,
                        961.3,
                        960.5,
                        960.9
                    ],
                    "resolution": 25
                },
                "sources": [
                    {
                        "type": "openstreetmap",
                        "id": "relation/14506546"
                    },
                    {
                        "type": "openstreetmap",
                        "id": "way/257539125"
                    }
                ],
                "websites": [],
                "wikidataID": null,
                "places": [
                    {
                        "iso3166_2": "US-VT",
                        "localized": {
                            "en": {
                                "region": "Vermont",
                                "country": "United States",
                                "locality": "Ludlow"
                            }
                        },
                        "iso3166_1Alpha2": "US"
                    },
                    {
                        "iso3166_2": "US-VT",
                        "localized": {
                            "en": {
                                "region": "Vermont",
                                "country": "United States",
                                "locality": null
                            }
                        },
                        "iso3166_1Alpha2": "US"
                    }
                ]
            },
            "geometry": {
                "type": "LineString",
                "coordinates": [
                    [
                        -72.7500653,
                        43.405219,
                        1000.6
                    ],
                    [
                        -72.7500466,
                        43.40525260000001,
                        1000.3
                    ],
                    [
                        -72.75004249999998,
                        43.40535480000001,
                        1000.8
                    ],
                    [
                        -72.7500324,
                        43.4054976,
                        1000.3
                    ],
                    [
                        -72.75000179999998,
                        43.4056042,
                        998.7
                    ],
                    [
                        -72.7499477,
                        43.405667199999996,
                        997.4
                    ],
                    [
                        -72.74986790000003,
                        43.40571770000001,
                        995.7
                    ],
                    [
                        -72.74969190000003,
                        43.4058041,
                        992.2
                    ],
                    [
                        -72.7495918,
                        43.4058413,
                        990.8
                    ],
                    [
                        -72.74947209999998,
                        43.405874499999996,
                        989.2
                    ],
                    [
                        -72.7493738,
                        43.4059418,
                        987.5
                    ],
                    [
                        -72.7493168,
                        43.4060125,
                        986.2
                    ],
                    [
                        -72.74925140000003,
                        43.4060833,
                        985.2
                    ],
                    [
                        -72.74916460000006,
                        43.4061277,
                        984.3
                    ],
                    [
                        -72.74900390000003,
                        43.4061944,
                        982.7
                    ],
                    [
                        -72.74895690000002,
                        43.4062167,
                        982.4
                    ],
                    [
                        -72.7488965,
                        43.406280599999995,
                        982
                    ],
                    [
                        -72.7487933,
                        43.4063992,
                        980.6
                    ],
                    [
                        -72.7486888,
                        43.406516900000014,
                        979.2
                    ],
                    [
                        -72.7485477,
                        43.4066721,
                        979
                    ],
                    [
                        -72.74845930000002,
                        43.406741,
                        978.4
                    ],
                    [
                        -72.7483625,
                        43.4068038,
                        977.9
                    ],
                    [
                        -72.74829760000003,
                        43.406872,
                        977.5
                    ],
                    [
                        -72.74822430000003,
                        43.4069606,
                        977.1
                    ],
                    [
                        -72.7481795,
                        43.407004499999985,
                        977
                    ],
                    [
                        -72.74813160000002,
                        43.4070259,
                        977
                    ],
                    [
                        -72.74806690000003,
                        43.407035,
                        977
                    ],
                    [
                        -72.74789420000003,
                        43.407034,
                        977
                    ],
                    [
                        -72.74772750000002,
                        43.4070178,
                        976.4
                    ],
                    [
                        -72.74751350000005,
                        43.4069715,
                        975.5
                    ],
                    [
                        -72.74742340000006,
                        43.40697510000001,
                        974.5
                    ],
                    [
                        -72.74733390000003,
                        43.4070026,
                        973.2
                    ],
                    [
                        -72.74723290000003,
                        43.407054699999996,
                        972.3
                    ],
                    [
                        -72.74715030000003,
                        43.407087999999995,
                        971.4
                    ],
                    [
                        -72.7469981,
                        43.4071252,
                        969.9
                    ],
                    [
                        -72.74691090000003,
                        43.4071364,
                        968.9
                    ],
                    [
                        -72.74676390000003,
                        43.4071304,
                        967.2
                    ],
                    [
                        -72.7463863,
                        43.40711090000001,
                        962.6
                    ],
                    [
                        -72.74606860000003,
                        43.407074499999986,
                        960.2
                    ],
                    [
                        -72.7458973,
                        43.40706149999998,
                        960.9
                    ]
                ]
            }
        },
        {
            "type": "Feature",
            "properties": {
                "type": "run",
                "id": "7e96b3c82ce069e30e9debba390ac89f26ce96ed",
                "uses": [
                    "downhill"
                ],
                "name": "Sunset Strip",
                "ref": null,
                "description": null,
                "difficulty": "easy",
                "difficultyConvention": "north_america",
                "status": "operating",
                "oneway": true,
                "lit": false,
                "gladed": null,
                "patrolled": null,
                "grooming": "classic",
                "skiAreas": [
                    {
                        "type": "Feature",
                        "properties": {
                            "id": "0f0d574cfdbd7b9a55296a94c4683b3e732a543b",
                            "name": "Okemo Mountain",
                            "activities": [
                                "downhill"
                            ],
                            "type": "skiArea",
                            "status": "operating"
                        },
                        "geometry": {
                            "type": "Polygon",
                            "coordinates": [
                                [
                                    [
                                        -72.74308640000002,
                                        43.4274285
                                    ],
                                    [
                                        -72.74806460000003,
                                        43.42050910000001
                                    ],
                                    [
                                        -72.7589651,
                                        43.406449499999994
                                    ],
                                    [
                                        -72.74969530000003,
                                        43.39276080000001
                                    ],
                                    [
                                        -72.7296968,
                                        43.387583899999996
                                    ],
                                    [
                                        -72.7130885,
                                        43.3982803
                                    ],
                                    [
                                        -72.71038490000002,
                                        43.4090683
                                    ],
                                    [
                                        -72.7109428,
                                        43.4191064
                                    ],
                                    [
                                        -72.716908,
                                        43.4270234
                                    ],
                                    [
                                        -72.72420360000004,
                                        43.42717920000001
                                    ],
                                    [
                                        -72.74308640000002,
                                        43.4274285
                                    ]
                                ]
                            ]
                        }
                    }
                ],
                "elevationProfile": {
                    "heights": [
                        819.9,
                        817.8,
                        815.6,
                        813.8,
                        811.9,
                        810.8,
                        807.2,
                        803,
                        799.1,
                        795.8,
                        793.3,
                        791,
                        787.9,
                        784.3,
                        780.7,
                        775.7,
                        770.6,
                        767.5,
                        765.2,
                        763.1,
                        761.9,
                        761.4
                    ],
                    "resolution": 25
                },
                "sources": [
                    {
                        "type": "openstreetmap",
                        "id": "relation/14506548"
                    },
                    {
                        "type": "openstreetmap",
                        "id": "way/257663060"
                    }
                ],
                "websites": [],
                "wikidataID": null,
                "places": [
                    {
                        "iso3166_2": "US-VT",
                        "localized": {
                            "en": {
                                "region": "Vermont",
                                "country": "United States",
                                "locality": "Ludlow"
                            }
                        },
                        "iso3166_1Alpha2": "US"
                    },
                    {
                        "iso3166_2": "US-VT",
                        "localized": {
                            "en": {
                                "region": "Vermont",
                                "country": "United States",
                                "locality": null
                            }
                        },
                        "iso3166_1Alpha2": "US"
                    }
                ]
            },
            "geometry": {
                "type": "LineString",
                "coordinates": [
                    [
                        -72.74112530000004,
                        43.42095230000002,
                        819.9
                    ],
                    [
                        -72.74091540000003,
                        43.42040530000001,
                        814.7
                    ],
                    [
                        -72.7408329,
                        43.420175000000015,
                        812.5
                    ],
                    [
                        -72.7407405,
                        43.41998,
                        811.4
                    ],
                    [
                        -72.74068500000003,
                        43.41980099999999,
                        809.8
                    ],
                    [
                        -72.74060130000002,
                        43.419549599999996,
                        805.6
                    ],
                    [
                        -72.7405987,
                        43.419469799999995,
                        803.9
                    ],
                    [
                        -72.74064630000002,
                        43.4193374,
                        801.2
                    ],
                    [
                        -72.7407565,
                        43.4190925,
                        796.9
                    ],
                    [
                        -72.74090420000003,
                        43.4188179,
                        793.4
                    ],
                    [
                        -72.74098550000002,
                        43.41870280000001,
                        792.5
                    ],
                    [
                        -72.7410411,
                        43.41862,
                        791.5
                    ],
                    [
                        -72.74112210000003,
                        43.4184543,
                        789.2
                    ],
                    [
                        -72.74117370000003,
                        43.418287299999996,
                        786.4
                    ],
                    [
                        -72.74118540000003,
                        43.41812870000001,
                        783.9
                    ],
                    [
                        -72.74119520000004,
                        43.4179701,
                        781.3
                    ],
                    [
                        -72.74122590000006,
                        43.4178539,
                        779.1
                    ],
                    [
                        -72.74122460000008,
                        43.4177956,
                        777.7
                    ],
                    [
                        -72.74119610000002,
                        43.4177086,
                        775.6
                    ],
                    [
                        -72.74116880000003,
                        43.417561299999996,
                        772.1
                    ],
                    [
                        -72.74114590000003,
                        43.4174331,
                        769.7
                    ],
                    [
                        -72.74109170000003,
                        43.417303499999996,
                        768
                    ],
                    [
                        -72.74101060000004,
                        43.4171138,
                        765.9
                    ],
                    [
                        -72.7409185,
                        43.4169456,
                        764.4
                    ],
                    [
                        -72.74081240000002,
                        43.4169176,
                        763.2
                    ],
                    [
                        -72.74065760000003,
                        43.416894799999994,
                        763
                    ],
                    [
                        -72.74022480000004,
                        43.416863299999996,
                        761.4
                    ]
                ]
            }
        },
        {
            "type": "Feature",
            "properties": {
                "type": "run",
                "id": "0399cf272d6494f1078c9b6b3ed4489fe64cd079",
                "uses": [
                    "downhill"
                ],
                "name": "Dream Weaver",
                "ref": null,
                "description": null,
                "difficulty": "easy",
                "difficultyConvention": "north_america",
                "status": "operating",
                "oneway": true,
                "lit": false,
                "gladed": null,
                "patrolled": null,
                "grooming": "classic",
                "skiAreas": [
                    {
                        "type": "Feature",
                        "properties": {
                            "id": "0f0d574cfdbd7b9a55296a94c4683b3e732a543b",
                            "name": "Okemo Mountain",
                            "activities": [
                                "downhill"
                            ],
                            "type": "skiArea",
                            "status": "operating"
                        },
                        "geometry": {
                            "type": "Polygon",
                            "coordinates": [
                                [
                                    [
                                        -72.74308640000002,
                                        43.4274285
                                    ],
                                    [
                                        -72.74806460000003,
                                        43.42050910000001
                                    ],
                                    [
                                        -72.7589651,
                                        43.406449499999994
                                    ],
                                    [
                                        -72.74969530000003,
                                        43.39276080000001
                                    ],
                                    [
                                        -72.7296968,
                                        43.387583899999996
                                    ],
                                    [
                                        -72.7130885,
                                        43.3982803
                                    ],
                                    [
                                        -72.71038490000002,
                                        43.4090683
                                    ],
                                    [
                                        -72.7109428,
                                        43.4191064
                                    ],
                                    [
                                        -72.716908,
                                        43.4270234
                                    ],
                                    [
                                        -72.72420360000004,
                                        43.42717920000001
                                    ],
                                    [
                                        -72.74308640000002,
                                        43.4274285
                                    ]
                                ]
                            ]
                        }
                    }
                ],
                "elevationProfile": {
                    "heights": [
                        1006.7,
                        1002.2,
                        997.6,
                        994.2,
                        989.9,
                        984.5,
                        977.3,
                        970.1,
                        964.5,
                        958.7,
                        953.1,
                        949.2,
                        945,
                        937.3,
                        928.6,
                        919.7,
                        911.9,
                        904.3,
                        899.7,
                        894.7,
                        889.6,
                        883.1,
                        877.4,
                        871.7,
                        865.4,
                        860.5,
                        856.5,
                        852.3,
                        847.7,
                        842.3,
                        838.5,
                        833.6,
                        828.5,
                        824.3,
                        819,
                        815.3,
                        814.2,
                        810.9,
                        807.6,
                        801.6,
                        795.4,
                        790.7,
                        786.5,
                        780,
                        772.6,
                        767.9,
                        765.9,
                        763.8,
                        760.2,
                        756.1,
                        753.6,
                        750.8,
                        748.7,
                        747.5,
                        745.4,
                        742.6,
                        738.9,
                        736.1,
                        733.6,
                        731,
                        727,
                        722.6,
                        714.2,
                        707.9,
                        701.5,
                        696.6,
                        692.2
                    ],
                    "resolution": 25
                },
                "sources": [
                    {
                        "type": "openstreetmap",
                        "id": "way/257509176"
                    }
                ],
                "websites": [],
                "wikidataID": null,
                "places": [
                    {
                        "iso3166_2": "US-VT",
                        "localized": {
                            "en": {
                                "region": "Vermont",
                                "country": "United States",
                                "locality": "Ludlow"
                            }
                        },
                        "iso3166_1Alpha2": "US"
                    }
                ]
            },
            "geometry": {
                "type": "LineString",
                "coordinates": [
                    [
                        -72.75144900000002,
                        43.4034226,
                        1006.7
                    ],
                    [
                        -72.75145590000002,
                        43.4032571,
                        1003.2
                    ],
                    [
                        -72.7514372,
                        43.4028296,
                        995.4
                    ],
                    [
                        -72.7512971,
                        43.40257850000001,
                        990.7
                    ],
                    [
                        -72.7509982,
                        43.40241560000001,
                        984.2
                    ],
                    [
                        -72.7507554,
                        43.4022324,
                        975.8
                    ],
                    [
                        -72.75069940000003,
                        43.4020424,
                        969.8
                    ],
                    [
                        -72.75074609999997,
                        43.401811699999996,
                        964.1
                    ],
                    [
                        -72.750634,
                        43.4014859,
                        955.5
                    ],
                    [
                        -72.7504845,
                        43.4012756,
                        950.5
                    ],
                    [
                        -72.7504005,
                        43.400800499999995,
                        939.4
                    ],
                    [
                        -72.75037249999997,
                        43.4004137,
                        924.3
                    ],
                    [
                        -72.7504285,
                        43.3999048,
                        906.1
                    ],
                    [
                        -72.75059660000002,
                        43.3988054,
                        878.9
                    ],
                    [
                        -72.75054060000002,
                        43.398303200000015,
                        866
                    ],
                    [
                        -72.75006420000003,
                        43.397292,
                        843.8
                    ],
                    [
                        -72.749756,
                        43.3966541,
                        829.8
                    ],
                    [
                        -72.74899950000002,
                        43.3960433,
                        815.2
                    ],
                    [
                        -72.7480468,
                        43.3955004,
                        800.2
                    ],
                    [
                        -72.7467766,
                        43.394787699999995,
                        770.4
                    ],
                    [
                        -72.74624070000003,
                        43.3945105,
                        764.6
                    ],
                    [
                        -72.74616010000003,
                        43.3944688,
                        764.1
                    ],
                    [
                        -72.74547829999997,
                        43.3944009,
                        756
                    ],
                    [
                        -72.74485250000002,
                        43.3943941,
                        750.5
                    ],
                    [
                        -72.74453960000004,
                        43.3943454,
                        748.5
                    ],
                    [
                        -72.74432950000003,
                        43.394312700000015,
                        747.5
                    ],
                    [
                        -72.74368500000003,
                        43.3941837,
                        742.5
                    ],
                    [
                        -72.74314330000003,
                        43.3941905,
                        736.6
                    ],
                    [
                        -72.7427043,
                        43.3942787,
                        733
                    ],
                    [
                        -72.7423027,
                        43.3942991,
                        729.1
                    ],
                    [
                        -72.7417983,
                        43.39421090000001,
                        721.2
                    ],
                    [
                        -72.74121930000005,
                        43.3939462,
                        705.4
                    ],
                    [
                        -72.74076160000003,
                        43.393864699999995,
                        697
                    ],
                    [
                        -72.74049500000002,
                        43.393884199999995,
                        692.2
                    ]
                ]
            }
        },
        {
            "type": "Feature",
            "properties": {
                "type": "run",
                "id": "ae647a5d132599c3b89ecbfa7030e2e332232528",
                "uses": [
                    "downhill"
                ],
                "name": "Rimrock",
                "ref": null,
                "description": null,
                "difficulty": "intermediate",
                "difficultyConvention": "north_america",
                "status": "operating",
                "oneway": true,
                "lit": false,
                "gladed": null,
                "patrolled": null,
                "grooming": "classic",
                "skiAreas": [
                    {
                        "type": "Feature",
                        "properties": {
                            "id": "0f0d574cfdbd7b9a55296a94c4683b3e732a543b",
                            "name": "Okemo Mountain",
                            "activities": [
                                "downhill"
                            ],
                            "type": "skiArea",
                            "status": "operating"
                        },
                        "geometry": {
                            "type": "Polygon",
                            "coordinates": [
                                [
                                    [
                                        -72.74308640000002,
                                        43.4274285
                                    ],
                                    [
                                        -72.74806460000003,
                                        43.42050910000001
                                    ],
                                    [
                                        -72.7589651,
                                        43.406449499999994
                                    ],
                                    [
                                        -72.74969530000003,
                                        43.39276080000001
                                    ],
                                    [
                                        -72.7296968,
                                        43.387583899999996
                                    ],
                                    [
                                        -72.7130885,
                                        43.3982803
                                    ],
                                    [
                                        -72.71038490000002,
                                        43.4090683
                                    ],
                                    [
                                        -72.7109428,
                                        43.4191064
                                    ],
                                    [
                                        -72.716908,
                                        43.4270234
                                    ],
                                    [
                                        -72.72420360000004,
                                        43.42717920000001
                                    ],
                                    [
                                        -72.74308640000002,
                                        43.4274285
                                    ]
                                ]
                            ]
                        }
                    }
                ],
                "elevationProfile": {
                    "heights": [
                        1000.6,
                        1001.6,
                        999.5,
                        997.2,
                        994.5,
                        993.4,
                        991.8,
                        990.4,
                        989,
                        987.4,
                        984.1,
                        980.1,
                        975.5,
                        973.8,
                        972.9,
                        971.2,
                        967.4,
                        962.5,
                        958.5,
                        956.3,
                        953,
                        948.4,
                        941.2,
                        933.6,
                        926.3,
                        919.8,
                        911.2,
                        905.7,
                        901.2,
                        897.7,
                        892.4,
                        887.7,
                        885,
                        881.5,
                        878.2,
                        876.3,
                        874.1,
                        868.7,
                        862,
                        853,
                        844.9,
                        837.6,
                        829,
                        819.2,
                        809.2,
                        802.3,
                        797.3,
                        791.5,
                        786.1,
                        780.6,
                        775.3,
                        770.4,
                        765.3,
                        762.4,
                        760.1,
                        756.1,
                        749.2,
                        741.7,
                        739.5,
                        737.4,
                        735.1,
                        734.2,
                        731.6,
                        725.7,
                        717,
                        708
                    ],
                    "resolution": 25
                },
                "sources": [
                    {
                        "type": "openstreetmap",
                        "id": "way/1385479607"
                    },
                    {
                        "type": "openstreetmap",
                        "id": "way/1385477138"
                    },
                    {
                        "type": "openstreetmap",
                        "id": "way/257511000"
                    }
                ],
                "websites": [],
                "wikidataID": null,
                "places": [
                    {
                        "iso3166_2": "US-VT",
                        "localized": {
                            "en": {
                                "region": "Vermont",
                                "country": "United States",
                                "locality": "Ludlow"
                            }
                        },
                        "iso3166_1Alpha2": "US"
                    }
                ]
            },
            "geometry": {
                "type": "LineString",
                "coordinates": [
                    [
                        -72.7500653,
                        43.405219,
                        1000.6
                    ],
                    [
                        -72.7501103,
                        43.405188,
                        1001.1
                    ],
                    [
                        -72.7501809,
                        43.405173900000015,
                        1001.5
                    ],
                    [
                        -72.750245,
                        43.40517730000001,
                        1001.9
                    ],
                    [
                        -72.7504002,
                        43.40519970000001,
                        1001.4
                    ],
                    [
                        -72.75045320000002,
                        43.40518220000001,
                        1001
                    ],
                    [
                        -72.75047119999996,
                        43.405146,
                        1000.6
                    ],
                    [
                        -72.7504962,
                        43.4050956,
                        1000.1
                    ],
                    [
                        -72.7505018,
                        43.4050418,
                        999.5
                    ],
                    [
                        -72.7505085,
                        43.404974499999994,
                        998.6
                    ],
                    [
                        -72.7504482,
                        43.404935,
                        998.2
                    ],
                    [
                        -72.7504282,
                        43.404892499999995,
                        997.8
                    ],
                    [
                        -72.7504035,
                        43.404829299999996,
                        997.1
                    ],
                    [
                        -72.75043289999996,
                        43.404607099999986,
                        994.5
                    ],
                    [
                        -72.75050420000002,
                        43.4044526,
                        994
                    ],
                    [
                        -72.7503831,
                        43.404255,
                        992.4
                    ],
                    [
                        -72.7503364,
                        43.4040039,
                        990.4
                    ],
                    [
                        -72.75026970000003,
                        43.4037449,
                        989
                    ],
                    [
                        -72.7502053,
                        43.4035851,
                        987.9
                    ],
                    [
                        -72.7501677,
                        43.40323820000001,
                        983
                    ],
                    [
                        -72.7501677,
                        43.4029264,
                        976.4
                    ],
                    [
                        -72.75019520000002,
                        43.40273900000001,
                        974.3
                    ],
                    [
                        -72.75022670000003,
                        43.4025679,
                        973.5
                    ],
                    [
                        -72.75028040000002,
                        43.402139100000014,
                        970.4
                    ],
                    [
                        -72.75017869999998,
                        43.40191520000001,
                        966.1
                    ],
                    [
                        -72.7501087,
                        43.401761099999995,
                        962.5
                    ],
                    [
                        -72.7497118,
                        43.4013479,
                        955.4
                    ],
                    [
                        -72.74905490000003,
                        43.4008373,
                        938.4
                    ],
                    [
                        -72.74894590000002,
                        43.40075260000001,
                        934.7
                    ],
                    [
                        -72.74779490000003,
                        43.40020230000001,
                        904.4
                    ],
                    [
                        -72.74737040000002,
                        43.4000347,
                        898
                    ],
                    [
                        -72.74704690000003,
                        43.399907,
                        892.2
                    ],
                    [
                        -72.74671260000002,
                        43.39972090000001,
                        886.6
                    ],
                    [
                        -72.74627440000003,
                        43.399777,
                        882.1
                    ],
                    [
                        -72.74565650000002,
                        43.3999542,
                        876.3
                    ],
                    [
                        -72.74519450000003,
                        43.40007230000001,
                        871.2
                    ],
                    [
                        -72.7437945,
                        43.400686799999995,
                        830.2
                    ],
                    [
                        -72.7429977,
                        43.401023499999994,
                        803.1
                    ],
                    [
                        -72.74265620000003,
                        43.4011298,
                        797
                    ],
                    [
                        -72.7420382,
                        43.4011535,
                        785.9
                    ],
                    [
                        -72.74155850000002,
                        43.4012539,
                        776.5
                    ],
                    [
                        -72.74111940000006,
                        43.40122439999999,
                        769.8
                    ],
                    [
                        -72.74061530000003,
                        43.401206599999995,
                        763
                    ],
                    [
                        -72.74012750000003,
                        43.4011889,
                        759
                    ],
                    [
                        -72.7396315,
                        43.40111210000001,
                        749.7
                    ],
                    [
                        -72.73915170000002,
                        43.401053,
                        740.3
                    ],
                    [
                        -72.73893629999998,
                        43.40102039999999,
                        739.3
                    ],
                    [
                        -72.73876960000003,
                        43.40109439999999,
                        737.7
                    ],
                    [
                        -72.73842,
                        43.4012007,
                        734.9
                    ],
                    [
                        -72.7380866,
                        43.4013957,
                        733.6
                    ],
                    [
                        -72.7378843,
                        43.401485199999996,
                        730.5
                    ],
                    [
                        -72.73771260000002,
                        43.401561099999995,
                        726.6
                    ],
                    [
                        -72.73725070000003,
                        43.4018179,
                        708
                    ]
                ]
            }
        },
        {
            "type": "Feature",
            "properties": {
                "type": "run",
                "id": "4fe6e5af6782873911cef54640d3a1fa4ff9b303",
                "uses": [
                    "downhill"
                ],
                "name": "Off The Rim",
                "ref": null,
                "description": null,
                "difficulty": "intermediate",
                "difficultyConvention": "north_america",
                "status": "operating",
                "oneway": true,
                "lit": false,
                "gladed": null,
                "patrolled": null,
                "grooming": "classic",
                "skiAreas": [
                    {
                        "type": "Feature",
                        "properties": {
                            "id": "0f0d574cfdbd7b9a55296a94c4683b3e732a543b",
                            "name": "Okemo Mountain",
                            "activities": [
                                "downhill"
                            ],
                            "type": "skiArea",
                            "status": "operating"
                        },
                        "geometry": {
                            "type": "Polygon",
                            "coordinates": [
                                [
                                    [
                                        -72.74308640000002,
                                        43.4274285
                                    ],
                                    [
                                        -72.74806460000003,
                                        43.42050910000001
                                    ],
                                    [
                                        -72.7589651,
                                        43.406449499999994
                                    ],
                                    [
                                        -72.74969530000003,
                                        43.39276080000001
                                    ],
                                    [
                                        -72.7296968,
                                        43.387583899999996
                                    ],
                                    [
                                        -72.7130885,
                                        43.3982803
                                    ],
                                    [
                                        -72.71038490000002,
                                        43.4090683
                                    ],
                                    [
                                        -72.7109428,
                                        43.4191064
                                    ],
                                    [
                                        -72.716908,
                                        43.4270234
                                    ],
                                    [
                                        -72.72420360000004,
                                        43.42717920000001
                                    ],
                                    [
                                        -72.74308640000002,
                                        43.4274285
                                    ]
                                ]
                            ]
                        }
                    }
                ],
                "elevationProfile": {
                    "heights": [
                        938.4,
                        934.5,
                        929.2,
                        923.6,
                        917.9,
                        911.2,
                        904.7,
                        900,
                        895.2,
                        888.7,
                        882.8,
                        876.9,
                        871.9,
                        866.1,
                        859.5,
                        852.4,
                        846.5,
                        843.7,
                        838.8,
                        835.4,
                        828.3,
                        822.6,
                        816.2,
                        811.9,
                        807.7,
                        800.5,
                        792.6,
                        784.5,
                        778.8,
                        774.6,
                        771.2,
                        767,
                        764.6,
                        764.6
                    ],
                    "resolution": 25
                },
                "sources": [
                    {
                        "type": "openstreetmap",
                        "id": "way/257511800"
                    }
                ],
                "websites": [],
                "wikidataID": null,
                "places": [
                    {
                        "iso3166_2": "US-VT",
                        "localized": {
                            "en": {
                                "region": "Vermont",
                                "country": "United States",
                                "locality": "Ludlow"
                            }
                        },
                        "iso3166_1Alpha2": "US"
                    }
                ]
            },
            "geometry": {
                "type": "LineString",
                "coordinates": [
                    [
                        -72.74905490000003,
                        43.4008373,
                        938.4
                    ],
                    [
                        -72.74912590000004,
                        43.40066399999999,
                        935.5
                    ],
                    [
                        -72.7494353,
                        43.39990880000001,
                        916.1
                    ],
                    [
                        -72.74959790000003,
                        43.39941250000001,
                        901.5
                    ],
                    [
                        -72.74963040000003,
                        43.398939900000016,
                        890.7
                    ],
                    [
                        -72.74959790000003,
                        43.39849090000001,
                        878.6
                    ],
                    [
                        -72.7493865,
                        43.39810100000001,
                        868.6
                    ],
                    [
                        -72.7492727,
                        43.397652,
                        855.2
                    ],
                    [
                        -72.74897990000002,
                        43.3973093,
                        844.8
                    ],
                    [
                        -72.7486384,
                        43.397061199999996,
                        838.9
                    ],
                    [
                        -72.74845540000003,
                        43.3968299,
                        834.9
                    ],
                    [
                        -72.74835879999998,
                        43.39653360000001,
                        825.3
                    ],
                    [
                        -72.74815500000003,
                        43.3962608,
                        816.9
                    ],
                    [
                        -72.74772580000003,
                        43.395949,
                        808.4
                    ],
                    [
                        -72.74724300000005,
                        43.3956995,
                        794.6
                    ],
                    [
                        -72.7468782,
                        43.395411,
                        782
                    ],
                    [
                        -72.7465818,
                        43.39511080000002,
                        774.4
                    ],
                    [
                        -72.74652420000004,
                        43.39505240000001,
                        773.4
                    ],
                    [
                        -72.74636330000003,
                        43.394849699999995,
                        769.5
                    ],
                    [
                        -72.74624070000003,
                        43.3945105,
                        764.6
                    ]
                ]
            }
        },
        {
            "type": "Feature",
            "properties": {
                "type": "run",
                "id": "626b39047226ff6ae8c5afa435be524000fdbcea",
                "uses": [
                    "downhill"
                ],
                "name": "Stump Jumper",
                "ref": null,
                "description": null,
                "difficulty": "advanced",
                "difficultyConvention": "north_america",
                "status": "operating",
                "oneway": true,
                "lit": false,
                "gladed": null,
                "patrolled": null,
                "grooming": "classic",
                "skiAreas": [
                    {
                        "type": "Feature",
                        "properties": {
                            "id": "0f0d574cfdbd7b9a55296a94c4683b3e732a543b",
                            "name": "Okemo Mountain",
                            "activities": [
                                "downhill"
                            ],
                            "type": "skiArea",
                            "status": "operating"
                        },
                        "geometry": {
                            "type": "Polygon",
                            "coordinates": [
                                [
                                    [
                                        -72.74308640000002,
                                        43.4274285
                                    ],
                                    [
                                        -72.74806460000003,
                                        43.42050910000001
                                    ],
                                    [
                                        -72.7589651,
                                        43.406449499999994
                                    ],
                                    [
                                        -72.74969530000003,
                                        43.39276080000001
                                    ],
                                    [
                                        -72.7296968,
                                        43.387583899999996
                                    ],
                                    [
                                        -72.7130885,
                                        43.3982803
                                    ],
                                    [
                                        -72.71038490000002,
                                        43.4090683
                                    ],
                                    [
                                        -72.7109428,
                                        43.4191064
                                    ],
                                    [
                                        -72.716908,
                                        43.4270234
                                    ],
                                    [
                                        -72.72420360000004,
                                        43.42717920000001
                                    ],
                                    [
                                        -72.74308640000002,
                                        43.4274285
                                    ]
                                ]
                            ]
                        }
                    }
                ],
                "elevationProfile": {
                    "heights": [
                        935.5,
                        928.2,
                        922.9,
                        917,
                        910.7,
                        903.7,
                        898,
                        893.6,
                        889,
                        885.2,
                        882,
                        881,
                        876.3,
                        870.1,
                        862.5,
                        855,
                        847.5,
                        839.4,
                        832,
                        824.6,
                        816.5,
                        807.3,
                        798.2,
                        790.9,
                        784.1,
                        779.4,
                        775.9,
                        770.4,
                        763.2,
                        756.6,
                        751.3,
                        749.8,
                        748.4,
                        748.5
                    ],
                    "resolution": 25
                },
                "sources": [
                    {
                        "type": "openstreetmap",
                        "id": "way/257511801"
                    }
                ],
                "websites": [],
                "wikidataID": null,
                "places": [
                    {
                        "iso3166_2": "US-VT",
                        "localized": {
                            "en": {
                                "region": "Vermont",
                                "country": "United States",
                                "locality": "Ludlow"
                            }
                        },
                        "iso3166_1Alpha2": "US"
                    }
                ]
            },
            "geometry": {
                "type": "LineString",
                "coordinates": [
                    [
                        -72.74912590000004,
                        43.40066399999999,
                        935.5
                    ],
                    [
                        -72.74859490000003,
                        43.3998779,
                        911.6
                    ],
                    [
                        -72.7483173,
                        43.399546,
                        899.6
                    ],
                    [
                        -72.74795110000002,
                        43.399176300000015,
                        890.7
                    ],
                    [
                        -72.74753270000002,
                        43.39889570000001,
                        883.8
                    ],
                    [
                        -72.74715720000003,
                        43.3986852,
                        881
                    ],
                    [
                        -72.74690370000003,
                        43.3984618,
                        874.6
                    ],
                    [
                        -72.7467729,
                        43.39819710000001,
                        866.3
                    ],
                    [
                        -72.74669590000003,
                        43.3977887,
                        852.3
                    ],
                    [
                        -72.74653490000003,
                        43.3973054,
                        834.8
                    ],
                    [
                        -72.74642760000003,
                        43.3969468,
                        822.9
                    ],
                    [
                        -72.74615940000004,
                        43.3966506,
                        809.3
                    ],
                    [
                        -72.7459019,
                        43.3963076,
                        793.8
                    ],
                    [
                        -72.74579460000002,
                        43.39595670000001,
                        783.3
                    ],
                    [
                        -72.7457624,
                        43.3956917,
                        778.6
                    ],
                    [
                        -72.7457624,
                        43.39535650000001,
                        771.4
                    ],
                    [
                        -72.7456981,
                        43.39519280000002,
                        766.6
                    ],
                    [
                        -72.74535470000002,
                        43.3949043,
                        755
                    ],
                    [
                        -72.74497920000003,
                        43.3947172,
                        750.3
                    ],
                    [
                        -72.74453960000004,
                        43.3943454,
                        748.5
                    ]
                ]
            }
        },
        {
            "type": "Feature",
            "properties": {
                "type": "run",
                "id": "06501814b288f7f85d99fed41d3653d45ebf3d92",
                "uses": [
                    "downhill"
                ],
                "name": "Lower Wild Thing",
                "ref": null,
                "description": null,
                "difficulty": "advanced",
                "difficultyConvention": "north_america",
                "status": "operating",
                "oneway": true,
                "lit": false,
                "gladed": null,
                "patrolled": null,
                "grooming": "classic",
                "skiAreas": [
                    {
                        "type": "Feature",
                        "properties": {
                            "id": "0f0d574cfdbd7b9a55296a94c4683b3e732a543b",
                            "name": "Okemo Mountain",
                            "activities": [
                                "downhill"
                            ],
                            "type": "skiArea",
                            "status": "operating"
                        },
                        "geometry": {
                            "type": "Polygon",
                            "coordinates": [
                                [
                                    [
                                        -72.74308640000002,
                                        43.4274285
                                    ],
                                    [
                                        -72.74806460000003,
                                        43.42050910000001
                                    ],
                                    [
                                        -72.7589651,
                                        43.406449499999994
                                    ],
                                    [
                                        -72.74969530000003,
                                        43.39276080000001
                                    ],
                                    [
                                        -72.7296968,
                                        43.387583899999996
                                    ],
                                    [
                                        -72.7130885,
                                        43.3982803
                                    ],
                                    [
                                        -72.71038490000002,
                                        43.4090683
                                    ],
                                    [
                                        -72.7109428,
                                        43.4191064
                                    ],
                                    [
                                        -72.716908,
                                        43.4270234
                                    ],
                                    [
                                        -72.72420360000004,
                                        43.42717920000001
                                    ],
                                    [
                                        -72.74308640000002,
                                        43.4274285
                                    ]
                                ]
                            ]
                        }
                    }
                ],
                "elevationProfile": {
                    "heights": [
                        886.6,
                        884.4,
                        879.5,
                        875.1,
                        870.7,
                        865.4,
                        858.1,
                        851.8,
                        843.9,
                        834.8,
                        825.9,
                        817.9,
                        809.3,
                        800.6,
                        791.7,
                        784.1,
                        779.8,
                        772.9,
                        765.9,
                        760.2,
                        756,
                        751.4,
                        746.8,
                        742.8,
                        740.3,
                        735.5,
                        729.9,
                        722.9,
                        715.4,
                        706.4,
                        696.4,
                        688.1,
                        685.8,
                        685.8
                    ],
                    "resolution": 25
                },
                "sources": [
                    {
                        "type": "openstreetmap",
                        "id": "way/257511803"
                    }
                ],
                "websites": [],
                "wikidataID": null,
                "places": [
                    {
                        "iso3166_2": "US-VT",
                        "localized": {
                            "en": {
                                "region": "Vermont",
                                "country": "United States",
                                "locality": "Ludlow"
                            }
                        },
                        "iso3166_1Alpha2": "US"
                    }
                ]
            },
            "geometry": {
                "type": "LineString",
                "coordinates": [
                    [
                        -72.74671260000002,
                        43.39972090000001,
                        886.6
                    ],
                    [
                        -72.74656910000003,
                        43.3994796,
                        883.7
                    ],
                    [
                        -72.7459845,
                        43.39919850000001,
                        873.3
                    ],
                    [
                        -72.74541860000002,
                        43.39879430000001,
                        858.1
                    ],
                    [
                        -72.74446590000004,
                        43.39802070000001,
                        821.2
                    ],
                    [
                        -72.74365330000003,
                        43.3973284,
                        786.4
                    ],
                    [
                        -72.74222430000003,
                        43.3961815,
                        749.2
                    ],
                    [
                        -72.73996580000002,
                        43.3944193,
                        685.8
                    ]
                ]
            }
        },
        {
            "type": "Feature",
            "properties": {
                "type": "run",
                "id": "fd7b35ed3f0182a05ed71855a32b3d4d70b7e9db",
                "uses": [
                    "downhill"
                ],
                "name": "Blind Faith",
                "ref": null,
                "description": null,
                "difficulty": "advanced",
                "difficultyConvention": "north_america",
                "status": "operating",
                "oneway": true,
                "lit": false,
                "gladed": null,
                "patrolled": null,
                "grooming": "classic",
                "skiAreas": [
                    {
                        "type": "Feature",
                        "properties": {
                            "id": "0f0d574cfdbd7b9a55296a94c4683b3e732a543b",
                            "name": "Okemo Mountain",
                            "activities": [
                                "downhill"
                            ],
                            "type": "skiArea",
                            "status": "operating"
                        },
                        "geometry": {
                            "type": "Polygon",
                            "coordinates": [
                                [
                                    [
                                        -72.74308640000002,
                                        43.4274285
                                    ],
                                    [
                                        -72.74806460000003,
                                        43.42050910000001
                                    ],
                                    [
                                        -72.7589651,
                                        43.406449499999994
                                    ],
                                    [
                                        -72.74969530000003,
                                        43.39276080000001
                                    ],
                                    [
                                        -72.7296968,
                                        43.387583899999996
                                    ],
                                    [
                                        -72.7130885,
                                        43.3982803
                                    ],
                                    [
                                        -72.71038490000002,
                                        43.4090683
                                    ],
                                    [
                                        -72.7109428,
                                        43.4191064
                                    ],
                                    [
                                        -72.716908,
                                        43.4270234
                                    ],
                                    [
                                        -72.72420360000004,
                                        43.42717920000001
                                    ],
                                    [
                                        -72.74308640000002,
                                        43.4274285
                                    ]
                                ]
                            ]
                        }
                    }
                ],
                "elevationProfile": {
                    "heights": [
                        882.1,
                        877.5,
                        874.2,
                        871.2,
                        866.8,
                        861.1,
                        854.8,
                        846.7,
                        837.9,
                        829.5,
                        820.6,
                        811.4,
                        802.1,
                        793.7,
                        784.4,
                        777.2,
                        771.2,
                        765.6,
                        759.6,
                        754.4,
                        749.7,
                        746.4,
                        742.2,
                        737.8,
                        733.5,
                        727.4,
                        719.5,
                        711.7,
                        703.1,
                        697.3,
                        694.3,
                        694.7
                    ],
                    "resolution": 25
                },
                "sources": [
                    {
                        "type": "openstreetmap",
                        "id": "way/257512874"
                    }
                ],
                "websites": [],
                "wikidataID": null,
                "places": [
                    {
                        "iso3166_2": "US-VT",
                        "localized": {
                            "en": {
                                "region": "Vermont",
                                "country": "United States",
                                "locality": "Ludlow"
                            }
                        },
                        "iso3166_1Alpha2": "US"
                    }
                ]
            },
            "geometry": {
                "type": "LineString",
                "coordinates": [
                    [
                        -72.74627440000003,
                        43.399777,
                        882.1
                    ],
                    [
                        -72.74512370000004,
                        43.39938280000001,
                        866.2
                    ],
                    [
                        -72.74408160000003,
                        43.39853650000001,
                        828.3
                    ],
                    [
                        -72.74326430000004,
                        43.39786839999999,
                        792.2
                    ],
                    [
                        -72.7426308,
                        43.39746749999998,
                        772.3
                    ],
                    [
                        -72.74214040000003,
                        43.39715570000001,
                        760
                    ],
                    [
                        -72.7417865,
                        43.39671600000001,
                        749.4
                    ],
                    [
                        -72.74111760000004,
                        43.3962299,
                        736.9
                    ],
                    [
                        -72.74034300000002,
                        43.3956671,
                        713.1
                    ],
                    [
                        -72.7396681,
                        43.395036900000015,
                        694.7
                    ]
                ]
            }
        },
        {
            "type": "Feature",
            "properties": {
                "type": "run",
                "id": "ab855fccb808f62d975ea8eeaa3ae367accb3333",
                "uses": [
                    "downhill"
                ],
                "name": "Catnap",
                "ref": null,
                "description": null,
                "difficulty": "intermediate",
                "difficultyConvention": "north_america",
                "status": "operating",
                "oneway": true,
                "lit": false,
                "gladed": null,
                "patrolled": null,
                "grooming": "classic",
                "skiAreas": [
                    {
                        "type": "Feature",
                        "properties": {
                            "id": "0f0d574cfdbd7b9a55296a94c4683b3e732a543b",
                            "name": "Okemo Mountain",
                            "activities": [
                                "downhill"
                            ],
                            "type": "skiArea",
                            "status": "operating"
                        },
                        "geometry": {
                            "type": "Polygon",
                            "coordinates": [
                                [
                                    [
                                        -72.74308640000002,
                                        43.4274285
                                    ],
                                    [
                                        -72.74806460000003,
                                        43.42050910000001
                                    ],
                                    [
                                        -72.7589651,
                                        43.406449499999994
                                    ],
                                    [
                                        -72.74969530000003,
                                        43.39276080000001
                                    ],
                                    [
                                        -72.7296968,
                                        43.387583899999996
                                    ],
                                    [
                                        -72.7130885,
                                        43.3982803
                                    ],
                                    [
                                        -72.71038490000002,
                                        43.4090683
                                    ],
                                    [
                                        -72.7109428,
                                        43.4191064
                                    ],
                                    [
                                        -72.716908,
                                        43.4270234
                                    ],
                                    [
                                        -72.72420360000004,
                                        43.42717920000001
                                    ],
                                    [
                                        -72.74308640000002,
                                        43.4274285
                                    ]
                                ]
                            ]
                        }
                    }
                ],
                "elevationProfile": {
                    "heights": [
                        739.3,
                        739.5,
                        737.2,
                        736.4,
                        734.6,
                        733,
                        731.7,
                        731.2,
                        731.1,
                        730.7,
                        729.4,
                        729.6,
                        728.6,
                        726.7,
                        724.3,
                        722.6,
                        720.2,
                        716.7,
                        715.7,
                        714.7,
                        714.5,
                        713.8,
                        711,
                        707.7,
                        707.1,
                        705.6,
                        701.6,
                        696.8,
                        693.6,
                        689.9,
                        688,
                        687.9
                    ],
                    "resolution": 25
                },
                "sources": [
                    {
                        "type": "openstreetmap",
                        "id": "way/257513059"
                    }
                ],
                "websites": [],
                "wikidataID": null,
                "places": [
                    {
                        "iso3166_2": "US-VT",
                        "localized": {
                            "en": {
                                "region": "Vermont",
                                "country": "United States",
                                "locality": "Ludlow"
                            }
                        },
                        "iso3166_1Alpha2": "US"
                    }
                ]
            },
            "geometry": {
                "type": "LineString",
                "coordinates": [
                    [
                        -72.73893629999998,
                        43.40102039999999,
                        739.3
                    ],
                    [
                        -72.73947940000002,
                        43.4006399,
                        736.9
                    ],
                    [
                        -72.73961420000003,
                        43.4004538,
                        736.1
                    ],
                    [
                        -72.7397086,
                        43.40015990000001,
                        733.8
                    ],
                    [
                        -72.739722,
                        43.3998269,
                        731.3
                    ],
                    [
                        -72.73951980000002,
                        43.39899430000001,
                        729.4
                    ],
                    [
                        -72.73951980000002,
                        43.398592700000016,
                        729
                    ],
                    [
                        -72.7395063,
                        43.3982596,
                        726
                    ],
                    [
                        -72.73956660000003,
                        43.3979266,
                        723
                    ],
                    [
                        -72.73957370000002,
                        43.39788739999999,
                        722.7
                    ],
                    [
                        -72.73951980000002,
                        43.397642499999996,
                        720.2
                    ],
                    [
                        -72.7393985,
                        43.39736830000001,
                        716.1
                    ],
                    [
                        -72.7393985,
                        43.39693730000001,
                        714.7
                    ],
                    [
                        -72.73942540000003,
                        43.39650620000001,
                        713.4
                    ],
                    [
                        -72.73947940000002,
                        43.396183,
                        709.3
                    ],
                    [
                        -72.73946590000003,
                        43.39587930000001,
                        707.1
                    ],
                    [
                        -72.7395333,
                        43.39570300000001,
                        706.6
                    ],
                    [
                        -72.73961420000003,
                        43.3954091,
                        701.2
                    ],
                    [
                        -72.7396681,
                        43.395036900000015,
                        694.7
                    ],
                    [
                        -72.73977599999998,
                        43.3947234,
                        689.4
                    ],
                    [
                        -72.7397608,
                        43.3945273,
                        687.9
                    ]
                ]
            }
        },
        {
            "type": "Feature",
            "properties": {
                "type": "run",
                "id": "b46955480cef72cd73dae56d63d8608105f39e16",
                "uses": [
                    "downhill"
                ],
                "name": "Moon Dog",
                "ref": null,
                "description": null,
                "difficulty": "intermediate",
                "difficultyConvention": "north_america",
                "status": "operating",
                "oneway": true,
                "lit": false,
                "gladed": null,
                "patrolled": null,
                "grooming": "classic",
                "skiAreas": [
                    {
                        "type": "Feature",
                        "properties": {
                            "id": "0f0d574cfdbd7b9a55296a94c4683b3e732a543b",
                            "name": "Okemo Mountain",
                            "activities": [
                                "downhill"
                            ],
                            "type": "skiArea",
                            "status": "operating"
                        },
                        "geometry": {
                            "type": "Polygon",
                            "coordinates": [
                                [
                                    [
                                        -72.74308640000002,
                                        43.4274285
                                    ],
                                    [
                                        -72.74806460000003,
                                        43.42050910000001
                                    ],
                                    [
                                        -72.7589651,
                                        43.406449499999994
                                    ],
                                    [
                                        -72.74969530000003,
                                        43.39276080000001
                                    ],
                                    [
                                        -72.7296968,
                                        43.387583899999996
                                    ],
                                    [
                                        -72.7130885,
                                        43.3982803
                                    ],
                                    [
                                        -72.71038490000002,
                                        43.4090683
                                    ],
                                    [
                                        -72.7109428,
                                        43.4191064
                                    ],
                                    [
                                        -72.716908,
                                        43.4270234
                                    ],
                                    [
                                        -72.72420360000004,
                                        43.42717920000001
                                    ],
                                    [
                                        -72.74308640000002,
                                        43.4274285
                                    ]
                                ]
                            ]
                        }
                    }
                ],
                "elevationProfile": {
                    "heights": [
                        1006.5,
                        999.9,
                        993.5,
                        986.4,
                        979.8,
                        974.3
                    ],
                    "resolution": 25
                },
                "sources": [
                    {
                        "type": "openstreetmap",
                        "id": "way/257514754"
                    }
                ],
                "websites": [],
                "wikidataID": null,
                "places": [
                    {
                        "iso3166_2": "US-VT",
                        "localized": {
                            "en": {
                                "region": "Vermont",
                                "country": "United States",
                                "locality": "Ludlow"
                            }
                        },
                        "iso3166_1Alpha2": "US"
                    }
                ]
            },
            "geometry": {
                "type": "LineString",
                "coordinates": [
                    [
                        -72.75129480000003,
                        43.403512200000016,
                        1006.5
                    ],
                    [
                        -72.75076370000002,
                        43.4031574,
                        991.3
                    ],
                    [
                        -72.75019520000002,
                        43.40273900000001,
                        974.3
                    ]
                ]
            }
        },
        {
            "type": "Feature",
            "properties": {
                "type": "run",
                "id": "ffa4fca9048227fc3898ab0391f3c02687c5385c",
                "uses": [
                    "downhill"
                ],
                "name": "Sun Dog",
                "ref": null,
                "description": null,
                "difficulty": "easy",
                "difficultyConvention": "north_america",
                "status": "operating",
                "oneway": true,
                "lit": false,
                "gladed": null,
                "patrolled": null,
                "grooming": "classic",
                "skiAreas": [
                    {
                        "type": "Feature",
                        "properties": {
                            "id": "0f0d574cfdbd7b9a55296a94c4683b3e732a543b",
                            "name": "Okemo Mountain",
                            "activities": [
                                "downhill"
                            ],
                            "type": "skiArea",
                            "status": "operating"
                        },
                        "geometry": {
                            "type": "Polygon",
                            "coordinates": [
                                [
                                    [
                                        -72.74308640000002,
                                        43.4274285
                                    ],
                                    [
                                        -72.74806460000003,
                                        43.42050910000001
                                    ],
                                    [
                                        -72.7589651,
                                        43.406449499999994
                                    ],
                                    [
                                        -72.74969530000003,
                                        43.39276080000001
                                    ],
                                    [
                                        -72.7296968,
                                        43.387583899999996
                                    ],
                                    [
                                        -72.7130885,
                                        43.3982803
                                    ],
                                    [
                                        -72.71038490000002,
                                        43.4090683
                                    ],
                                    [
                                        -72.7109428,
                                        43.4191064
                                    ],
                                    [
                                        -72.716908,
                                        43.4270234
                                    ],
                                    [
                                        -72.72420360000004,
                                        43.42717920000001
                                    ],
                                    [
                                        -72.74308640000002,
                                        43.4274285
                                    ]
                                ]
                            ]
                        }
                    }
                ],
                "elevationProfile": {
                    "heights": [
                        1006.5,
                        1004.7,
                        1001.2,
                        996.6,
                        994,
                        994
                    ],
                    "resolution": 25
                },
                "sources": [
                    {
                        "type": "openstreetmap",
                        "id": "way/257514870"
                    }
                ],
                "websites": [],
                "wikidataID": null,
                "places": [
                    {
                        "iso3166_2": "US-VT",
                        "localized": {
                            "en": {
                                "region": "Vermont",
                                "country": "United States",
                                "locality": "Ludlow"
                            }
                        },
                        "iso3166_1Alpha2": "US"
                    }
                ]
            },
            "geometry": {
                "type": "LineString",
                "coordinates": [
                    [
                        -72.7511961,
                        43.40373560000001,
                        1006.5
                    ],
                    [
                        -72.75106980000002,
                        43.403889799999995,
                        1005.2
                    ],
                    [
                        -72.7509677,
                        43.4041014,
                        1001.9
                    ],
                    [
                        -72.75089109999998,
                        43.4042387,
                        999.8
                    ],
                    [
                        -72.75071229999998,
                        43.404312900000015,
                        996.2
                    ],
                    [
                        -72.75050420000002,
                        43.4044526,
                        994
                    ]
                ]
            }
        },
        {
            "type": "Feature",
            "properties": {
                "type": "run",
                "id": "54e25cec8797769fff20269e908f249aee621c72",
                "uses": [
                    "downhill"
                ],
                "name": "Upper Mountain Road",
                "ref": null,
                "description": null,
                "difficulty": "easy",
                "difficultyConvention": "north_america",
                "status": "operating",
                "oneway": true,
                "lit": false,
                "gladed": null,
                "patrolled": null,
                "grooming": "classic",
                "skiAreas": [
                    {
                        "type": "Feature",
                        "properties": {
                            "id": "0f0d574cfdbd7b9a55296a94c4683b3e732a543b",
                            "name": "Okemo Mountain",
                            "activities": [
                                "downhill"
                            ],
                            "type": "skiArea",
                            "status": "operating"
                        },
                        "geometry": {
                            "type": "Polygon",
                            "coordinates": [
                                [
                                    [
                                        -72.74308640000002,
                                        43.4274285
                                    ],
                                    [
                                        -72.74806460000003,
                                        43.42050910000001
                                    ],
                                    [
                                        -72.7589651,
                                        43.406449499999994
                                    ],
                                    [
                                        -72.74969530000003,
                                        43.39276080000001
                                    ],
                                    [
                                        -72.7296968,
                                        43.387583899999996
                                    ],
                                    [
                                        -72.7130885,
                                        43.3982803
                                    ],
                                    [
                                        -72.71038490000002,
                                        43.4090683
                                    ],
                                    [
                                        -72.7109428,
                                        43.4191064
                                    ],
                                    [
                                        -72.716908,
                                        43.4270234
                                    ],
                                    [
                                        -72.72420360000004,
                                        43.42717920000001
                                    ],
                                    [
                                        -72.74308640000002,
                                        43.4274285
                                    ]
                                ]
                            ]
                        }
                    }
                ],
                "elevationProfile": {
                    "heights": [
                        998.6,
                        997,
                        996.9,
                        995.9,
                        993.6,
                        989.6,
                        985.1,
                        982.1,
                        979.9,
                        978.3,
                        978,
                        974.7,
                        972.1,
                        970.5,
                        967.6,
                        964.3,
                        960.8,
                        960.3,
                        961.3,
                        961.9,
                        961.1,
                        957.9,
                        956.3,
                        955.1,
                        955.3,
                        953.7,
                        948,
                        941.5,
                        935.9,
                        932.4,
                        929,
                        928.8,
                        929.7,
                        930,
                        927.8,
                        926.9,
                        926.6,
                        924.5,
                        922.1,
                        920.3,
                        918.6,
                        916.9,
                        914,
                        910,
                        906,
                        902.2,
                        897.1,
                        894.1,
                        892.4,
                        888.8,
                        884.2,
                        881.4,
                        877.7,
                        875.2,
                        873,
                        871.1,
                        871.6,
                        870.7,
                        869.1,
                        866.3,
                        864.4,
                        862.2,
                        862.2,
                        860.8,
                        857.8,
                        853,
                        848.5,
                        844.6,
                        841,
                        838.3,
                        834.8,
                        832.4,
                        829.8,
                        827.7,
                        827,
                        825.1,
                        820.2,
                        815.1,
                        809.7,
                        805.7,
                        804.7
                    ],
                    "resolution": 25
                },
                "sources": [
                    {
                        "type": "openstreetmap",
                        "id": "way/257538760"
                    },
                    {
                        "type": "openstreetmap",
                        "id": "way/617397997"
                    }
                ],
                "websites": [],
                "wikidataID": null,
                "places": [
                    {
                        "iso3166_2": "US-VT",
                        "localized": {
                            "en": {
                                "region": "Vermont",
                                "country": "United States",
                                "locality": "Ludlow"
                            }
                        },
                        "iso3166_1Alpha2": "US"
                    },
                    {
                        "iso3166_2": "US-VT",
                        "localized": {
                            "en": {
                                "region": "Vermont",
                                "country": "United States",
                                "locality": null
                            }
                        },
                        "iso3166_1Alpha2": "US"
                    }
                ]
            },
            "geometry": {
                "type": "LineString",
                "coordinates": [
                    [
                        -72.7505085,
                        43.404974499999994,
                        998.6
                    ],
                    [
                        -72.7505615,
                        43.4049577,
                        998.4
                    ],
                    [
                        -72.7506577,
                        43.404920499999996,
                        997.7
                    ],
                    [
                        -72.75073139999996,
                        43.4049114,
                        997.3
                    ],
                    [
                        -72.75079579999998,
                        43.4049091,
                        997
                    ],
                    [
                        -72.75088749999998,
                        43.404981499999984,
                        997.2
                    ],
                    [
                        -72.75099829999998,
                        43.4050904,
                        996.9
                    ],
                    [
                        -72.75106410000002,
                        43.4051479,
                        996.5
                    ],
                    [
                        -72.75119090000003,
                        43.405236,
                        996
                    ],
                    [
                        -72.7513401,
                        43.405312500000015,
                        994.8
                    ],
                    [
                        -72.7514969,
                        43.4054118,
                        993.2
                    ],
                    [
                        -72.75158900000002,
                        43.4054823,
                        991.5
                    ],
                    [
                        -72.75162330000003,
                        43.4055645,
                        989.6
                    ],
                    [
                        -72.7516523,
                        43.4057824,
                        985.2
                    ],
                    [
                        -72.75167960000003,
                        43.40599320000001,
                        982.3
                    ],
                    [
                        -72.75168330000002,
                        43.4060938,
                        981.3
                    ],
                    [
                        -72.75166140000003,
                        43.40621020000001,
                        980.2
                    ],
                    [
                        -72.75162910000003,
                        43.4063204,
                        978.9
                    ],
                    [
                        -72.75159560000003,
                        43.40639890000001,
                        978.4
                    ],
                    [
                        -72.7515171,
                        43.4064798,
                        978.2
                    ],
                    [
                        -72.75145660000003,
                        43.4065247,
                        978.2
                    ],
                    [
                        -72.7513511,
                        43.4065802,
                        978
                    ],
                    [
                        -72.75121980000003,
                        43.4066598,
                        977.2
                    ],
                    [
                        -72.75116630000002,
                        43.4067071,
                        976.1
                    ],
                    [
                        -72.7511387,
                        43.4067685,
                        974.6
                    ],
                    [
                        -72.7511028,
                        43.4068599,
                        973
                    ],
                    [
                        -72.751057,
                        43.4069272,
                        972.3
                    ],
                    [
                        -72.7509685,
                        43.4070311,
                        972
                    ],
                    [
                        -72.75088709999997,
                        43.4071432,
                        970.8
                    ],
                    [
                        -72.7508283,
                        43.4072337,
                        969.8
                    ],
                    [
                        -72.7508031,
                        43.407309,
                        968.8
                    ],
                    [
                        -72.7507631,
                        43.407428499999995,
                        966.8
                    ],
                    [
                        -72.7507295,
                        43.4075316,
                        965.2
                    ],
                    [
                        -72.75069440000003,
                        43.4075922,
                        964.4
                    ],
                    [
                        -72.7506031,
                        43.40768649999998,
                        962.7
                    ],
                    [
                        -72.75050490000002,
                        43.4077706,
                        960.9
                    ],
                    [
                        -72.7504492,
                        43.4078152,
                        959.9
                    ],
                    [
                        -72.75039829999997,
                        43.4078353,
                        959.8
                    ],
                    [
                        -72.7503103,
                        43.4078483,
                        959.9
                    ],
                    [
                        -72.7502384,
                        43.40783439999999,
                        960.2
                    ],
                    [
                        -72.7501743,
                        43.4078033,
                        960.3
                    ],
                    [
                        -72.7500398,
                        43.4077332,
                        961.2
                    ],
                    [
                        -72.74992460000006,
                        43.4076958,
                        961.4
                    ],
                    [
                        -72.7497372,
                        43.4076584,
                        961.2
                    ],
                    [
                        -72.74964700000002,
                        43.407649499999984,
                        962
                    ],
                    [
                        -72.7495921,
                        43.4076629,
                        962
                    ],
                    [
                        -72.74946550000003,
                        43.4077024,
                        961.8
                    ],
                    [
                        -72.74940000000002,
                        43.4077419,
                        961.2
                    ],
                    [
                        -72.7493503,
                        43.407807699999985,
                        960.4
                    ],
                    [
                        -72.7493415,
                        43.4078727,
                        959.2
                    ],
                    [
                        -72.749308,
                        43.407986099999995,
                        957.4
                    ],
                    [
                        -72.74926550000004,
                        43.4080433,
                        956.8
                    ],
                    [
                        -72.74922310000004,
                        43.4080864,
                        956.7
                    ],
                    [
                        -72.7490927,
                        43.40817590000002,
                        955.9
                    ],
                    [
                        -72.74897370000002,
                        43.4082542,
                        955.4
                    ],
                    [
                        -72.7488628,
                        43.40830790000001,
                        955
                    ],
                    [
                        -72.7487678,
                        43.40832990000001,
                        955.1
                    ],
                    [
                        -72.7486468,
                        43.40834620000001,
                        955.3
                    ],
                    [
                        -72.7485307,
                        43.408368300000014,
                        955.1
                    ],
                    [
                        -72.74838779999997,
                        43.4084061,
                        954.2
                    ],
                    [
                        -72.74829540000003,
                        43.40843630000001,
                        953.4
                    ],
                    [
                        -72.74822840000003,
                        43.4084564,
                        952.8
                    ],
                    [
                        -72.7481883,
                        43.4084984,
                        951.2
                    ],
                    [
                        -72.74815060000003,
                        43.4085419,
                        949.4
                    ],
                    [
                        -72.7480628,
                        43.4086334,
                        946.1
                    ],
                    [
                        -72.74794290000003,
                        43.40876580000001,
                        941.5
                    ],
                    [
                        -72.74786920000005,
                        43.40885890000001,
                        938.4
                    ],
                    [
                        -72.74783910000002,
                        43.408918200000016,
                        936.9
                    ],
                    [
                        -72.7478463,
                        43.4089811,
                        935.8
                    ],
                    [
                        -72.74784720000002,
                        43.4090868,
                        934.1
                    ],
                    [
                        -72.74788980000002,
                        43.4092263,
                        931.8
                    ],
                    [
                        -72.74792650000003,
                        43.4093451,
                        929.8
                    ],
                    [
                        -72.7480091,
                        43.409467099999986,
                        928.2
                    ],
                    [
                        -72.7480491,
                        43.409504,
                        927.9
                    ],
                    [
                        -72.748191,
                        43.4095457,
                        928.6
                    ],
                    [
                        -72.7483376,
                        43.40957580000001,
                        928.8
                    ],
                    [
                        -72.74860920000003,
                        43.4096031,
                        930.1
                    ],
                    [
                        -72.7489364,
                        43.409626499999995,
                        929.4
                    ],
                    [
                        -72.74910490000003,
                        43.40962439999999,
                        927.8
                    ],
                    [
                        -72.74928240000003,
                        43.4095973,
                        927.1
                    ],
                    [
                        -72.7494785,
                        43.4095226,
                        926.9
                    ],
                    [
                        -72.74962800000003,
                        43.409448,
                        926.9
                    ],
                    [
                        -72.74969360000006,
                        43.40941880000001,
                        926.6
                    ],
                    [
                        -72.7497613,
                        43.409407099999996,
                        926.2
                    ],
                    [
                        -72.74982100000003,
                        43.4094257,
                        925.8
                    ],
                    [
                        -72.74991960000006,
                        43.4095174,
                        924.3
                    ],
                    [
                        -72.75007629999998,
                        43.4097601,
                        921.4
                    ],
                    [
                        -72.7501603,
                        43.4099433,
                        920.2
                    ],
                    [
                        -72.75021410000002,
                        43.4100409,
                        919.6
                    ],
                    [
                        -72.75025370000003,
                        43.410112900000016,
                        918.8
                    ],
                    [
                        -72.7503032,
                        43.4101596,
                        918
                    ],
                    [
                        -72.7503559,
                        43.4101689,
                        917.9
                    ],
                    [
                        -72.7504406,
                        43.4101809,
                        917.6
                    ],
                    [
                        -72.75061000000002,
                        43.410193,
                        916.4
                    ],
                    [
                        -72.7507955,
                        43.410221499999984,
                        914.5
                    ],
                    [
                        -72.75090960000003,
                        43.41022739999999,
                        913.7
                    ],
                    [
                        -72.7510015,
                        43.4102743,
                        912
                    ],
                    [
                        -72.75112240000003,
                        43.4103911,
                        909.3
                    ],
                    [
                        -72.75138390000002,
                        43.410689699999985,
                        903.3
                    ],
                    [
                        -72.7514726,
                        43.4108259,
                        900
                    ],
                    [
                        -72.75150070000002,
                        43.410958,
                        896.9
                    ],
                    [
                        -72.7514938,
                        43.41104149999998,
                        895.6
                    ],
                    [
                        -72.7514741,
                        43.4111262,
                        894.4
                    ],
                    [
                        -72.7514122,
                        43.411243699999986,
                        893.3
                    ],
                    [
                        -72.75122860000003,
                        43.411469899999986,
                        891.1
                    ],
                    [
                        -72.7511875,
                        43.4115319,
                        889.5
                    ],
                    [
                        -72.7510853,
                        43.411745599999996,
                        885.1
                    ],
                    [
                        -72.7509508,
                        43.4120485,
                        880.5
                    ],
                    [
                        -72.7508812,
                        43.4121575,
                        878.4
                    ],
                    [
                        -72.7507955,
                        43.4122502,
                        876.8
                    ],
                    [
                        -72.75052590000003,
                        43.4124083,
                        874.4
                    ],
                    [
                        -72.7502061,
                        43.4125873,
                        871.6
                    ],
                    [
                        -72.74999320000003,
                        43.4127455,
                        871.3
                    ],
                    [
                        -72.74988950000002,
                        43.4128337,
                        871.6
                    ],
                    [
                        -72.74951590000003,
                        43.413139,
                        869.1
                    ],
                    [
                        -72.74922980000004,
                        43.4133851,
                        865.5
                    ],
                    [
                        -72.74900240000002,
                        43.4135704,
                        863.3
                    ],
                    [
                        -72.7487874,
                        43.41371570000001,
                        861.9
                    ],
                    [
                        -72.74866770000003,
                        43.4137781,
                        862.3
                    ],
                    [
                        -72.7484678,
                        43.413868499999985,
                        861.3
                    ],
                    [
                        -72.7483511,
                        43.4139319,
                        860.4
                    ],
                    [
                        -72.7482463,
                        43.4140112,
                        859.1
                    ],
                    [
                        -72.74818960000003,
                        43.4141092,
                        857.1
                    ],
                    [
                        -72.7481489,
                        43.4141908,
                        855.4
                    ],
                    [
                        -72.7481483,
                        43.4143728,
                        851.5
                    ],
                    [
                        -72.74814520000002,
                        43.414493599999986,
                        849
                    ],
                    [
                        -72.7481429,
                        43.414563799999996,
                        847.6
                    ],
                    [
                        -72.74813400000002,
                        43.414669199999985,
                        845.7
                    ],
                    [
                        -72.7480962,
                        43.4147537,
                        844.3
                    ],
                    [
                        -72.7479428,
                        43.41496639999999,
                        840.7
                    ],
                    [
                        -72.7476781,
                        43.4152934,
                        835.5
                    ],
                    [
                        -72.74754420000004,
                        43.4154314,
                        833.3
                    ],
                    [
                        -72.74730400000003,
                        43.415621,
                        830.4
                    ],
                    [
                        -72.74713070000003,
                        43.41573260000001,
                        828.5
                    ],
                    [
                        -72.74702230000003,
                        43.4157987,
                        827.8
                    ],
                    [
                        -72.74691960000006,
                        43.415843,
                        827.4
                    ],
                    [
                        -72.74679440000003,
                        43.415874499999994,
                        827.1
                    ],
                    [
                        -72.74656320000005,
                        43.4158932,
                        826.5
                    ],
                    [
                        -72.74621970000005,
                        43.415904499999996,
                        822.5
                    ],
                    [
                        -72.74602080000003,
                        43.4159016,
                        818.9
                    ],
                    [
                        -72.7458283,
                        43.415874499999994,
                        815.8
                    ],
                    [
                        -72.7457048,
                        43.415821699999995,
                        813.1
                    ],
                    [
                        -72.74560020000003,
                        43.4157141,
                        809.9
                    ],
                    [
                        -72.74550900000003,
                        43.415504,
                        805.8
                    ],
                    [
                        -72.7454068,
                        43.415284799999995,
                        804.7
                    ]
                ]
            }
        },
        {
            "type": "Feature",
            "properties": {
                "type": "run",
                "id": "adbd8f06ab9053b004795099ca4851b3866706c6",
                "uses": [
                    "downhill"
                ],
                "name": "Triplesec",
                "ref": null,
                "description": null,
                "difficulty": "advanced",
                "difficultyConvention": "north_america",
                "status": "operating",
                "oneway": true,
                "lit": false,
                "gladed": null,
                "patrolled": true,
                "grooming": "backcountry",
                "skiAreas": [
                    {
                        "type": "Feature",
                        "properties": {
                            "id": "0f0d574cfdbd7b9a55296a94c4683b3e732a543b",
                            "name": "Okemo Mountain",
                            "activities": [
                                "downhill"
                            ],
                            "type": "skiArea",
                            "status": "operating"
                        },
                        "geometry": {
                            "type": "Polygon",
                            "coordinates": [
                                [
                                    [
                                        -72.74308640000002,
                                        43.4274285
                                    ],
                                    [
                                        -72.74806460000003,
                                        43.42050910000001
                                    ],
                                    [
                                        -72.7589651,
                                        43.406449499999994
                                    ],
                                    [
                                        -72.74969530000003,
                                        43.39276080000001
                                    ],
                                    [
                                        -72.7296968,
                                        43.387583899999996
                                    ],
                                    [
                                        -72.7130885,
                                        43.3982803
                                    ],
                                    [
                                        -72.71038490000002,
                                        43.4090683
                                    ],
                                    [
                                        -72.7109428,
                                        43.4191064
                                    ],
                                    [
                                        -72.716908,
                                        43.4270234
                                    ],
                                    [
                                        -72.72420360000004,
                                        43.42717920000001
                                    ],
                                    [
                                        -72.74308640000002,
                                        43.4274285
                                    ]
                                ]
                            ]
                        }
                    }
                ],
                "elevationProfile": {
                    "heights": [
                        989.2,
                        986.2,
                        982.1,
                        978.6,
                        974.4,
                        970.2,
                        965.3,
                        959.1,
                        953.3,
                        948.3,
                        940.6,
                        930.4,
                        919.3,
                        909.5,
                        900.9,
                        892.1,
                        890.1
                    ],
                    "resolution": 25
                },
                "sources": [
                    {
                        "type": "openstreetmap",
                        "id": "way/257539490"
                    }
                ],
                "websites": [],
                "wikidataID": null,
                "places": [
                    {
                        "iso3166_2": "US-VT",
                        "localized": {
                            "en": {
                                "region": "Vermont",
                                "country": "United States",
                                "locality": "Ludlow"
                            }
                        },
                        "iso3166_1Alpha2": "US"
                    }
                ]
            },
            "geometry": {
                "type": "LineString",
                "coordinates": [
                    [
                        -72.74947209999998,
                        43.405874499999996,
                        989.2
                    ],
                    [
                        -72.74895960000003,
                        43.405716300000016,
                        982.8
                    ],
                    [
                        -72.74861990000004,
                        43.4056906,
                        978.8
                    ],
                    [
                        -72.7483509,
                        43.40571110000001,
                        975.5
                    ],
                    [
                        -72.74808900000002,
                        43.40567,
                        971.7
                    ],
                    [
                        -72.74756520000005,
                        43.4055054,
                        962.3
                    ],
                    [
                        -72.74709090000003,
                        43.4052843,
                        951.9
                    ],
                    [
                        -72.74689980000002,
                        43.405094,
                        945.5
                    ],
                    [
                        -72.7465813,
                        43.404847199999985,
                        932
                    ],
                    [
                        -72.74626280000003,
                        43.4047083,
                        919
                    ],
                    [
                        -72.7460363,
                        43.4045026,
                        907.5
                    ],
                    [
                        -72.7457742,
                        43.4040983,
                        890.1
                    ]
                ]
            }
        },
        {
            "type": "Feature",
            "properties": {
                "type": "run",
                "id": "f3269b3fbf723962d1f9f21948f955254f482471",
                "uses": [
                    "downhill"
                ],
                "name": "Challenger",
                "ref": null,
                "description": null,
                "difficulty": "advanced",
                "difficultyConvention": "north_america",
                "status": "operating",
                "oneway": true,
                "lit": false,
                "gladed": null,
                "patrolled": true,
                "grooming": "backcountry",
                "skiAreas": [
                    {
                        "type": "Feature",
                        "properties": {
                            "id": "0f0d574cfdbd7b9a55296a94c4683b3e732a543b",
                            "name": "Okemo Mountain",
                            "activities": [
                                "downhill"
                            ],
                            "type": "skiArea",
                            "status": "operating"
                        },
                        "geometry": {
                            "type": "Polygon",
                            "coordinates": [
                                [
                                    [
                                        -72.74308640000002,
                                        43.4274285
                                    ],
                                    [
                                        -72.74806460000003,
                                        43.42050910000001
                                    ],
                                    [
                                        -72.7589651,
                                        43.406449499999994
                                    ],
                                    [
                                        -72.74969530000003,
                                        43.39276080000001
                                    ],
                                    [
                                        -72.7296968,
                                        43.387583899999996
                                    ],
                                    [
                                        -72.7130885,
                                        43.3982803
                                    ],
                                    [
                                        -72.71038490000002,
                                        43.4090683
                                    ],
                                    [
                                        -72.7109428,
                                        43.4191064
                                    ],
                                    [
                                        -72.716908,
                                        43.4270234
                                    ],
                                    [
                                        -72.72420360000004,
                                        43.42717920000001
                                    ],
                                    [
                                        -72.74308640000002,
                                        43.4274285
                                    ]
                                ]
                            ]
                        }
                    }
                ],
                "elevationProfile": {
                    "heights": [
                        974.5,
                        972.5,
                        968.4,
                        963.7,
                        958.7,
                        955.2,
                        952.8,
                        949.9,
                        944.6,
                        937.9,
                        928.9,
                        921,
                        912.5,
                        906.8,
                        899.7,
                        894.6,
                        888.8,
                        880.7,
                        870.9,
                        862.5,
                        862.2
                    ],
                    "resolution": 25
                },
                "sources": [
                    {
                        "type": "openstreetmap",
                        "id": "way/257539819"
                    }
                ],
                "websites": [],
                "wikidataID": null,
                "places": [
                    {
                        "iso3166_2": "US-VT",
                        "localized": {
                            "en": {
                                "region": "Vermont",
                                "country": "United States",
                                "locality": "Ludlow"
                            }
                        },
                        "iso3166_1Alpha2": "US"
                    }
                ]
            },
            "geometry": {
                "type": "LineString",
                "coordinates": [
                    [
                        -72.74742340000006,
                        43.40697510000001,
                        974.5
                    ],
                    [
                        -72.7468503,
                        43.406863,
                        968.7
                    ],
                    [
                        -72.74628400000003,
                        43.4067448,
                        959.4
                    ],
                    [
                        -72.74602390000005,
                        43.40657560000001,
                        955.3
                    ],
                    [
                        -72.74583460000002,
                        43.4063794,
                        952.7
                    ],
                    [
                        -72.7457744,
                        43.406281899999996,
                        951.7
                    ],
                    [
                        -72.7455903,
                        43.406086499999994,
                        947.3
                    ],
                    [
                        -72.7454011,
                        43.4059571,
                        942.2
                    ],
                    [
                        -72.74522830000002,
                        43.4058485,
                        937
                    ],
                    [
                        -72.74513960000003,
                        43.4057094,
                        930.9
                    ],
                    [
                        -72.74506020000003,
                        43.4055194,
                        923.6
                    ],
                    [
                        -72.7450415,
                        43.4053905,
                        919
                    ],
                    [
                        -72.7449481,
                        43.40527520000001,
                        913.4
                    ],
                    [
                        -72.7447753,
                        43.405102100000015,
                        908.2
                    ],
                    [
                        -72.7447053,
                        43.404986799999996,
                        904.2
                    ],
                    [
                        -72.74465860000004,
                        43.404844299999986,
                        899.5
                    ],
                    [
                        -72.74464450000004,
                        43.404688199999995,
                        896
                    ],
                    [
                        -72.74465860000004,
                        43.40455590000001,
                        892.8
                    ],
                    [
                        -72.74471460000004,
                        43.404477899999996,
                        890.7
                    ],
                    [
                        -72.7447473,
                        43.4043659,
                        887.3
                    ],
                    [
                        -72.74474260000002,
                        43.40422339999999,
                        882
                    ],
                    [
                        -72.7447053,
                        43.404091099999995,
                        876.5
                    ],
                    [
                        -72.74463050000003,
                        43.4039689,
                        870.5
                    ],
                    [
                        -72.74449870000002,
                        43.4037585,
                        862.2
                    ]
                ]
            }
        },
        {
            "type": "Feature",
            "properties": {
                "type": "run",
                "id": "ceda6e634f0c9abea935ff8b7795ff059cbcf9ea",
                "uses": [
                    "downhill"
                ],
                "name": "Moment\u0027s Rest",
                "ref": null,
                "description": null,
                "difficulty": "intermediate",
                "difficultyConvention": "north_america",
                "status": "operating",
                "oneway": true,
                "lit": false,
                "gladed": null,
                "patrolled": null,
                "grooming": "classic",
                "skiAreas": [
                    {
                        "type": "Feature",
                        "properties": {
                            "id": "0f0d574cfdbd7b9a55296a94c4683b3e732a543b",
                            "name": "Okemo Mountain",
                            "activities": [
                                "downhill"
                            ],
                            "type": "skiArea",
                            "status": "operating"
                        },
                        "geometry": {
                            "type": "Polygon",
                            "coordinates": [
                                [
                                    [
                                        -72.74308640000002,
                                        43.4274285
                                    ],
                                    [
                                        -72.74806460000003,
                                        43.42050910000001
                                    ],
                                    [
                                        -72.7589651,
                                        43.406449499999994
                                    ],
                                    [
                                        -72.74969530000003,
                                        43.39276080000001
                                    ],
                                    [
                                        -72.7296968,
                                        43.387583899999996
                                    ],
                                    [
                                        -72.7130885,
                                        43.3982803
                                    ],
                                    [
                                        -72.71038490000002,
                                        43.4090683
                                    ],
                                    [
                                        -72.7109428,
                                        43.4191064
                                    ],
                                    [
                                        -72.716908,
                                        43.4270234
                                    ],
                                    [
                                        -72.72420360000004,
                                        43.42717920000001
                                    ],
                                    [
                                        -72.74308640000002,
                                        43.4274285
                                    ]
                                ]
                            ]
                        }
                    }
                ],
                "elevationProfile": {
                    "heights": [
                        858.7,
                        856.7,
                        851.7,
                        846.7,
                        841.4,
                        835.4,
                        830.2,
                        826.7,
                        822.3,
                        816.6,
                        810.3,
                        802.4,
                        795.4,
                        789.8,
                        785.9,
                        781.4,
                        776.7,
                        770,
                        763.9,
                        763
                    ],
                    "resolution": 25
                },
                "sources": [
                    {
                        "type": "openstreetmap",
                        "id": "way/257541216"
                    }
                ],
                "websites": [],
                "wikidataID": null,
                "places": [
                    {
                        "iso3166_2": "US-VT",
                        "localized": {
                            "en": {
                                "region": "Vermont",
                                "country": "United States",
                                "locality": "Ludlow"
                            }
                        },
                        "iso3166_1Alpha2": "US"
                    }
                ]
            },
            "geometry": {
                "type": "LineString",
                "coordinates": [
                    [
                        -72.74555860000002,
                        43.40254080000001,
                        858.7
                    ],
                    [
                        -72.7452578,
                        43.402577,
                        856.7
                    ],
                    [
                        -72.74496760000004,
                        43.4026079,
                        852
                    ],
                    [
                        -72.74464900000004,
                        43.4026079,
                        846.8
                    ],
                    [
                        -72.74423850000002,
                        43.40253590000002,
                        839.6
                    ],
                    [
                        -72.74377129999998,
                        43.40243820000001,
                        830.5
                    ],
                    [
                        -72.74341030000002,
                        43.4024279,
                        826.3
                    ],
                    [
                        -72.7428511,
                        43.4024485,
                        817.6
                    ],
                    [
                        -72.74258360000003,
                        43.4023946,
                        811.9
                    ],
                    [
                        -72.7420792,
                        43.402130000000014,
                        796.9
                    ],
                    [
                        -72.7417523,
                        43.40182459999998,
                        787.8
                    ],
                    [
                        -72.74162210000003,
                        43.40171630000001,
                        785.4
                    ],
                    [
                        -72.7414188,
                        43.4016543,
                        782.2
                    ],
                    [
                        -72.74108950000003,
                        43.401621799999994,
                        777.1
                    ],
                    [
                        -72.7407903,
                        43.401444599999984,
                        768.6
                    ],
                    [
                        -72.74061530000003,
                        43.401206599999995,
                        763
                    ]
                ]
            }
        },
        {
            "type": "Feature",
            "properties": {
                "type": "run",
                "id": "f1524a04e490c1221ffecc84c825569476fd0f48",
                "uses": [
                    "downhill"
                ],
                "name": "Turkey Shoot",
                "ref": null,
                "description": null,
                "difficulty": "advanced",
                "difficultyConvention": "north_america",
                "status": "operating",
                "oneway": true,
                "lit": false,
                "gladed": null,
                "patrolled": null,
                "grooming": "classic",
                "skiAreas": [
                    {
                        "type": "Feature",
                        "properties": {
                            "id": "0f0d574cfdbd7b9a55296a94c4683b3e732a543b",
                            "name": "Okemo Mountain",
                            "activities": [
                                "downhill"
                            ],
                            "type": "skiArea",
                            "status": "operating"
                        },
                        "geometry": {
                            "type": "Polygon",
                            "coordinates": [
                                [
                                    [
                                        -72.74308640000002,
                                        43.4274285
                                    ],
                                    [
                                        -72.74806460000003,
                                        43.42050910000001
                                    ],
                                    [
                                        -72.7589651,
                                        43.406449499999994
                                    ],
                                    [
                                        -72.74969530000003,
                                        43.39276080000001
                                    ],
                                    [
                                        -72.7296968,
                                        43.387583899999996
                                    ],
                                    [
                                        -72.7130885,
                                        43.3982803
                                    ],
                                    [
                                        -72.71038490000002,
                                        43.4090683
                                    ],
                                    [
                                        -72.7109428,
                                        43.4191064
                                    ],
                                    [
                                        -72.716908,
                                        43.4270234
                                    ],
                                    [
                                        -72.72420360000004,
                                        43.42717920000001
                                    ],
                                    [
                                        -72.74308640000002,
                                        43.4274285
                                    ]
                                ]
                            ]
                        }
                    }
                ],
                "elevationProfile": {
                    "heights": [
                        954.9,
                        953.1,
                        947.4,
                        938.9,
                        929.4,
                        920.9,
                        915.2,
                        911
                    ],
                    "resolution": 25
                },
                "sources": [
                    {
                        "type": "openstreetmap",
                        "id": "way/257541300"
                    }
                ],
                "websites": [],
                "wikidataID": null,
                "places": [
                    {
                        "iso3166_2": "US-VT",
                        "localized": {
                            "en": {
                                "region": "Vermont",
                                "country": "United States",
                                "locality": "Ludlow"
                            }
                        },
                        "iso3166_1Alpha2": "US"
                    }
                ]
            },
            "geometry": {
                "type": "LineString",
                "coordinates": [
                    [
                        -72.74563090000002,
                        43.4064749,
                        954.9
                    ],
                    [
                        -72.74538829999997,
                        43.40633910000001,
                        953.3
                    ],
                    [
                        -72.74525820000002,
                        43.4062555,
                        950.6
                    ],
                    [
                        -72.7451362,
                        43.40611960000001,
                        945.3
                    ],
                    [
                        -72.74497760000003,
                        43.40599560000001,
                        938.9
                    ],
                    [
                        -72.74470120000002,
                        43.4058538,
                        928
                    ],
                    [
                        -72.74405090000003,
                        43.4055617,
                        911
                    ]
                ]
            }
        },
        {
            "type": "Feature",
            "properties": {
                "type": "run",
                "id": "32e1321c6924ab18111f38b7c8e8ca507b6daee4",
                "uses": [
                    "downhill"
                ],
                "name": "Countdown",
                "ref": null,
                "description": null,
                "difficulty": "intermediate",
                "difficultyConvention": "north_america",
                "status": "operating",
                "oneway": true,
                "lit": false,
                "gladed": null,
                "patrolled": null,
                "grooming": "classic",
                "skiAreas": [
                    {
                        "type": "Feature",
                        "properties": {
                            "id": "0f0d574cfdbd7b9a55296a94c4683b3e732a543b",
                            "name": "Okemo Mountain",
                            "activities": [
                                "downhill"
                            ],
                            "type": "skiArea",
                            "status": "operating"
                        },
                        "geometry": {
                            "type": "Polygon",
                            "coordinates": [
                                [
                                    [
                                        -72.74308640000002,
                                        43.4274285
                                    ],
                                    [
                                        -72.74806460000003,
                                        43.42050910000001
                                    ],
                                    [
                                        -72.7589651,
                                        43.406449499999994
                                    ],
                                    [
                                        -72.74969530000003,
                                        43.39276080000001
                                    ],
                                    [
                                        -72.7296968,
                                        43.387583899999996
                                    ],
                                    [
                                        -72.7130885,
                                        43.3982803
                                    ],
                                    [
                                        -72.71038490000002,
                                        43.4090683
                                    ],
                                    [
                                        -72.7109428,
                                        43.4191064
                                    ],
                                    [
                                        -72.716908,
                                        43.4270234
                                    ],
                                    [
                                        -72.72420360000004,
                                        43.42717920000001
                                    ],
                                    [
                                        -72.74308640000002,
                                        43.4274285
                                    ]
                                ]
                            ]
                        }
                    }
                ],
                "elevationProfile": {
                    "heights": [
                        937.6,
                        929.2,
                        921.3,
                        914.3,
                        908,
                        901.5,
                        896.9,
                        894.3,
                        891.1,
                        884.8,
                        873.7,
                        864.3,
                        856.9,
                        852.7
                    ],
                    "resolution": 25
                },
                "sources": [
                    {
                        "type": "openstreetmap",
                        "id": "way/257541444"
                    }
                ],
                "websites": [],
                "wikidataID": null,
                "places": [
                    {
                        "iso3166_2": "US-VT",
                        "localized": {
                            "en": {
                                "region": "Vermont",
                                "country": "United States",
                                "locality": "Ludlow"
                            }
                        },
                        "iso3166_1Alpha2": "US"
                    }
                ]
            },
            "geometry": {
                "type": "LineString",
                "coordinates": [
                    [
                        -72.74435590000003,
                        43.4063211,
                        937.6
                    ],
                    [
                        -72.74419780000002,
                        43.405882,
                        921.1
                    ],
                    [
                        -72.74412920000006,
                        43.40573240000001,
                        916.5
                    ],
                    [
                        -72.74405090000003,
                        43.4055617,
                        911
                    ],
                    [
                        -72.74397370000003,
                        43.4053935,
                        906
                    ],
                    [
                        -72.7437495,
                        43.4050271,
                        896.8
                    ],
                    [
                        -72.7437589,
                        43.40473530000001,
                        893.4
                    ],
                    [
                        -72.74392700000003,
                        43.4043824,
                        884.4
                    ],
                    [
                        -72.74392700000003,
                        43.404083799999995,
                        869.6
                    ],
                    [
                        -72.74372490000003,
                        43.4035833,
                        852.7
                    ]
                ]
            }
        },
        {
            "type": "Feature",
            "properties": {
                "type": "run",
                "id": "c232ebff56714a2c16504eee247782eca88060f4",
                "uses": [
                    "downhill"
                ],
                "name": "Sprint",
                "ref": null,
                "description": null,
                "difficulty": "intermediate",
                "difficultyConvention": "north_america",
                "status": "operating",
                "oneway": true,
                "lit": false,
                "gladed": null,
                "patrolled": null,
                "grooming": "classic",
                "skiAreas": [
                    {
                        "type": "Feature",
                        "properties": {
                            "id": "0f0d574cfdbd7b9a55296a94c4683b3e732a543b",
                            "name": "Okemo Mountain",
                            "activities": [
                                "downhill"
                            ],
                            "type": "skiArea",
                            "status": "operating"
                        },
                        "geometry": {
                            "type": "Polygon",
                            "coordinates": [
                                [
                                    [
                                        -72.74308640000002,
                                        43.4274285
                                    ],
                                    [
                                        -72.74806460000003,
                                        43.42050910000001
                                    ],
                                    [
                                        -72.7589651,
                                        43.406449499999994
                                    ],
                                    [
                                        -72.74969530000003,
                                        43.39276080000001
                                    ],
                                    [
                                        -72.7296968,
                                        43.387583899999996
                                    ],
                                    [
                                        -72.7130885,
                                        43.3982803
                                    ],
                                    [
                                        -72.71038490000002,
                                        43.4090683
                                    ],
                                    [
                                        -72.7109428,
                                        43.4191064
                                    ],
                                    [
                                        -72.716908,
                                        43.4270234
                                    ],
                                    [
                                        -72.72420360000004,
                                        43.42717920000001
                                    ],
                                    [
                                        -72.74308640000002,
                                        43.4274285
                                    ]
                                ]
                            ]
                        }
                    }
                ],
                "elevationProfile": {
                    "heights": [
                        835.4,
                        829,
                        825.8,
                        821.4,
                        815.8,
                        811.9
                    ],
                    "resolution": 25
                },
                "sources": [
                    {
                        "type": "openstreetmap",
                        "id": "way/257541487"
                    }
                ],
                "websites": [],
                "wikidataID": null,
                "places": [
                    {
                        "iso3166_2": "US-VT",
                        "localized": {
                            "en": {
                                "region": "Vermont",
                                "country": "United States",
                                "locality": "Ludlow"
                            }
                        },
                        "iso3166_1Alpha2": "US"
                    }
                ]
            },
            "geometry": {
                "type": "LineString",
                "coordinates": [
                    [
                        -72.74293229999998,
                        43.40339020000001,
                        835.4
                    ],
                    [
                        -72.7428514,
                        43.40321590000001,
                        829.8
                    ],
                    [
                        -72.7428181,
                        43.402911300000014,
                        825.1
                    ],
                    [
                        -72.7427332,
                        43.4026543,
                        819.7
                    ],
                    [
                        -72.74258360000003,
                        43.4023946,
                        811.9
                    ]
                ]
            }
        },
        {
            "type": "Feature",
            "properties": {
                "type": "run",
                "id": "40629a3bb480ee704911202ea1d5e659f519c891",
                "uses": [
                    "downhill"
                ],
                "name": "Upper Fall Line",
                "ref": null,
                "description": null,
                "difficulty": "advanced",
                "difficultyConvention": "north_america",
                "status": "operating",
                "oneway": true,
                "lit": false,
                "gladed": null,
                "patrolled": true,
                "grooming": "backcountry",
                "skiAreas": [
                    {
                        "type": "Feature",
                        "properties": {
                            "id": "0f0d574cfdbd7b9a55296a94c4683b3e732a543b",
                            "name": "Okemo Mountain",
                            "activities": [
                                "downhill"
                            ],
                            "type": "skiArea",
                            "status": "operating"
                        },
                        "geometry": {
                            "type": "Polygon",
                            "coordinates": [
                                [
                                    [
                                        -72.74308640000002,
                                        43.4274285
                                    ],
                                    [
                                        -72.74806460000003,
                                        43.42050910000001
                                    ],
                                    [
                                        -72.7589651,
                                        43.406449499999994
                                    ],
                                    [
                                        -72.74969530000003,
                                        43.39276080000001
                                    ],
                                    [
                                        -72.7296968,
                                        43.387583899999996
                                    ],
                                    [
                                        -72.7130885,
                                        43.3982803
                                    ],
                                    [
                                        -72.71038490000002,
                                        43.4090683
                                    ],
                                    [
                                        -72.7109428,
                                        43.4191064
                                    ],
                                    [
                                        -72.716908,
                                        43.4270234
                                    ],
                                    [
                                        -72.72420360000004,
                                        43.42717920000001
                                    ],
                                    [
                                        -72.74308640000002,
                                        43.4274285
                                    ]
                                ]
                            ]
                        }
                    }
                ],
                "elevationProfile": {
                    "heights": [
                        1000.6,
                        995.2,
                        988.4,
                        981.9,
                        976.2,
                        970.6,
                        963.7,
                        955.1,
                        948.8,
                        943.1,
                        936.4,
                        925.6,
                        913.4,
                        903.1,
                        896,
                        888,
                        881.7,
                        875.3,
                        869.8,
                        862.9,
                        858.3,
                        855.6,
                        852.7
                    ],
                    "resolution": 25
                },
                "sources": [
                    {
                        "type": "openstreetmap",
                        "id": "way/257541595"
                    }
                ],
                "websites": [],
                "wikidataID": null,
                "places": [
                    {
                        "iso3166_2": "US-VT",
                        "localized": {
                            "en": {
                                "region": "Vermont",
                                "country": "United States",
                                "locality": "Ludlow"
                            }
                        },
                        "iso3166_1Alpha2": "US"
                    }
                ]
            },
            "geometry": {
                "type": "LineString",
                "coordinates": [
                    [
                        -72.7500653,
                        43.405219,
                        1000.6
                    ],
                    [
                        -72.749757,
                        43.40512560000001,
                        994.7
                    ],
                    [
                        -72.7493688,
                        43.4049599,
                        985.1
                    ],
                    [
                        -72.74821650000003,
                        43.4046958,
                        959.8
                    ],
                    [
                        -72.74734760000003,
                        43.40447639999999,
                        940.3
                    ],
                    [
                        -72.7457742,
                        43.4040983,
                        890.1
                    ],
                    [
                        -72.74449870000002,
                        43.4037585,
                        862.2
                    ],
                    [
                        -72.74420510000003,
                        43.403683099999995,
                        857.8
                    ],
                    [
                        -72.74372490000003,
                        43.4035833,
                        852.7
                    ]
                ]
            }
        },
        {
            "type": "Feature",
            "properties": {
                "type": "run",
                "id": "9fb77d49ab210e81b86f7f9086b37d298906f61f",
                "uses": [
                    "downhill"
                ],
                "name": "Fall Line",
                "ref": null,
                "description": null,
                "difficulty": "intermediate",
                "difficultyConvention": "north_america",
                "status": "operating",
                "oneway": true,
                "lit": false,
                "gladed": null,
                "patrolled": null,
                "grooming": "classic",
                "skiAreas": [
                    {
                        "type": "Feature",
                        "properties": {
                            "id": "0f0d574cfdbd7b9a55296a94c4683b3e732a543b",
                            "name": "Okemo Mountain",
                            "activities": [
                                "downhill"
                            ],
                            "type": "skiArea",
                            "status": "operating"
                        },
                        "geometry": {
                            "type": "Polygon",
                            "coordinates": [
                                [
                                    [
                                        -72.74308640000002,
                                        43.4274285
                                    ],
                                    [
                                        -72.74806460000003,
                                        43.42050910000001
                                    ],
                                    [
                                        -72.7589651,
                                        43.406449499999994
                                    ],
                                    [
                                        -72.74969530000003,
                                        43.39276080000001
                                    ],
                                    [
                                        -72.7296968,
                                        43.387583899999996
                                    ],
                                    [
                                        -72.7130885,
                                        43.3982803
                                    ],
                                    [
                                        -72.71038490000002,
                                        43.4090683
                                    ],
                                    [
                                        -72.7109428,
                                        43.4191064
                                    ],
                                    [
                                        -72.716908,
                                        43.4270234
                                    ],
                                    [
                                        -72.72420360000004,
                                        43.42717920000001
                                    ],
                                    [
                                        -72.74308640000002,
                                        43.4274285
                                    ]
                                ]
                            ]
                        }
                    }
                ],
                "elevationProfile": {
                    "heights": [
                        852.7,
                        847.8,
                        839.9,
                        834,
                        831.9,
                        829.4,
                        824,
                        819.3,
                        814.2,
                        808.2,
                        802.9,
                        797.5,
                        792,
                        784.7,
                        777.8,
                        770.6,
                        762.9,
                        755.2,
                        750.1,
                        742.7,
                        733.4,
                        720.8,
                        708.3,
                        704.9
                    ],
                    "resolution": 25
                },
                "sources": [
                    {
                        "type": "openstreetmap",
                        "id": "way/257542035"
                    }
                ],
                "websites": [],
                "wikidataID": null,
                "places": [
                    {
                        "iso3166_2": "US-VT",
                        "localized": {
                            "en": {
                                "region": "Vermont",
                                "country": "United States",
                                "locality": "Ludlow"
                            }
                        },
                        "iso3166_1Alpha2": "US"
                    }
                ]
            },
            "geometry": {
                "type": "LineString",
                "coordinates": [
                    [
                        -72.74372490000003,
                        43.4035833,
                        852.7
                    ],
                    [
                        -72.74293229999998,
                        43.40339020000001,
                        835.4
                    ],
                    [
                        -72.7371483,
                        43.40204890000001,
                        704.9
                    ]
                ]
            }
        },
        {
            "type": "Feature",
            "properties": {
                "type": "run",
                "id": "d1472c3c71132934fc3982f997db4f0480051173",
                "uses": [
                    "downhill"
                ],
                "name": "Muellers\u0027 Run",
                "ref": null,
                "description": null,
                "difficulty": "advanced",
                "difficultyConvention": "north_america",
                "status": "operating",
                "oneway": true,
                "lit": false,
                "gladed": null,
                "patrolled": null,
                "grooming": "classic",
                "skiAreas": [
                    {
                        "type": "Feature",
                        "properties": {
                            "id": "0f0d574cfdbd7b9a55296a94c4683b3e732a543b",
                            "name": "Okemo Mountain",
                            "activities": [
                                "downhill"
                            ],
                            "type": "skiArea",
                            "status": "operating"
                        },
                        "geometry": {
                            "type": "Polygon",
                            "coordinates": [
                                [
                                    [
                                        -72.74308640000002,
                                        43.4274285
                                    ],
                                    [
                                        -72.74806460000003,
                                        43.42050910000001
                                    ],
                                    [
                                        -72.7589651,
                                        43.406449499999994
                                    ],
                                    [
                                        -72.74969530000003,
                                        43.39276080000001
                                    ],
                                    [
                                        -72.7296968,
                                        43.387583899999996
                                    ],
                                    [
                                        -72.7130885,
                                        43.3982803
                                    ],
                                    [
                                        -72.71038490000002,
                                        43.4090683
                                    ],
                                    [
                                        -72.7109428,
                                        43.4191064
                                    ],
                                    [
                                        -72.716908,
                                        43.4270234
                                    ],
                                    [
                                        -72.72420360000004,
                                        43.42717920000001
                                    ],
                                    [
                                        -72.74308640000002,
                                        43.4274285
                                    ]
                                ]
                            ]
                        }
                    }
                ],
                "elevationProfile": {
                    "heights": [
                        913.7,
                        907.5,
                        902.1,
                        897.2,
                        890.9,
                        881.9,
                        874.3,
                        869.8,
                        864.6,
                        857.4,
                        849,
                        842.4,
                        834.4,
                        827.5,
                        819.7,
                        812.4,
                        805.9,
                        802.2,
                        798.9,
                        794.5,
                        787.9,
                        780.8,
                        771.3,
                        759.7,
                        749.2,
                        739.9,
                        733.1,
                        730.4
                    ],
                    "resolution": 25
                },
                "sources": [
                    {
                        "type": "openstreetmap",
                        "id": "way/257542499"
                    }
                ],
                "websites": [],
                "wikidataID": null,
                "places": [
                    {
                        "iso3166_2": "US-VT",
                        "localized": {
                            "en": {
                                "region": "Vermont",
                                "country": "United States",
                                "locality": "Ludlow"
                            }
                        },
                        "iso3166_1Alpha2": "US"
                    }
                ]
            },
            "geometry": {
                "type": "LineString",
                "coordinates": [
                    [
                        -72.74385480000002,
                        43.405738800000016,
                        913.7
                    ],
                    [
                        -72.7434421,
                        43.405393300000014,
                        902
                    ],
                    [
                        -72.74310840000003,
                        43.4051691,
                        894.5
                    ],
                    [
                        -72.7429211,
                        43.4050948,
                        889.5
                    ],
                    [
                        -72.7427575,
                        43.404964599999985,
                        882.2
                    ],
                    [
                        -72.7426378,
                        43.404783099999996,
                        875
                    ],
                    [
                        -72.7424926,
                        43.404643899999996,
                        871.2
                    ],
                    [
                        -72.74226450000003,
                        43.404547699999995,
                        867.2
                    ],
                    [
                        -72.74175920000003,
                        43.404386499999994,
                        855.1
                    ],
                    [
                        -72.74138470000003,
                        43.404205,
                        844.1
                    ],
                    [
                        -72.74108140000003,
                        43.4041269,
                        836.4
                    ],
                    [
                        -72.74068700000002,
                        43.4041537,
                        827
                    ],
                    [
                        -72.74030490000003,
                        43.40429699999999,
                        815.9
                    ],
                    [
                        -72.7398982,
                        43.4043507,
                        807.4
                    ],
                    [
                        -72.73941760000002,
                        43.40429699999999,
                        801.8
                    ],
                    [
                        -72.73888769999998,
                        43.404091099999995,
                        792.9
                    ],
                    [
                        -72.7384193,
                        43.4038225,
                        778.7
                    ],
                    [
                        -72.7370877,
                        43.4031667,
                        730.4
                    ]
                ]
            }
        },
        {
            "type": "Feature",
            "properties": {
                "type": "run",
                "id": "a2bfbdeb0eb8418e13a23caebd37bf09cea2e77f",
                "uses": [
                    "downhill"
                ],
                "name": "Upper World Cup",
                "ref": null,
                "description": null,
                "difficulty": "advanced",
                "difficultyConvention": "north_america",
                "status": "operating",
                "oneway": true,
                "lit": false,
                "gladed": null,
                "patrolled": null,
                "grooming": "classic",
                "skiAreas": [
                    {
                        "type": "Feature",
                        "properties": {
                            "id": "0f0d574cfdbd7b9a55296a94c4683b3e732a543b",
                            "name": "Okemo Mountain",
                            "activities": [
                                "downhill"
                            ],
                            "type": "skiArea",
                            "status": "operating"
                        },
                        "geometry": {
                            "type": "Polygon",
                            "coordinates": [
                                [
                                    [
                                        -72.74308640000002,
                                        43.4274285
                                    ],
                                    [
                                        -72.74806460000003,
                                        43.42050910000001
                                    ],
                                    [
                                        -72.7589651,
                                        43.406449499999994
                                    ],
                                    [
                                        -72.74969530000003,
                                        43.39276080000001
                                    ],
                                    [
                                        -72.7296968,
                                        43.387583899999996
                                    ],
                                    [
                                        -72.7130885,
                                        43.3982803
                                    ],
                                    [
                                        -72.71038490000002,
                                        43.4090683
                                    ],
                                    [
                                        -72.7109428,
                                        43.4191064
                                    ],
                                    [
                                        -72.716908,
                                        43.4270234
                                    ],
                                    [
                                        -72.72420360000004,
                                        43.42717920000001
                                    ],
                                    [
                                        -72.74308640000002,
                                        43.4274285
                                    ]
                                ]
                            ]
                        }
                    }
                ],
                "elevationProfile": {
                    "heights": [
                        916.5,
                        913.4,
                        909.5,
                        906,
                        900.9,
                        894.7,
                        887.8,
                        880.6,
                        874,
                        867.5,
                        859.8,
                        851.6,
                        843,
                        833.7,
                        824.4,
                        817.2,
                        813.9,
                        809.7,
                        805.2,
                        798.6,
                        790.2,
                        780.4,
                        771.2,
                        762.4,
                        753.5,
                        747.6,
                        741.2,
                        736.2,
                        729,
                        720.1,
                        712,
                        705.4,
                        699.9,
                        696.9,
                        696.9
                    ],
                    "resolution": 25
                },
                "sources": [
                    {
                        "type": "openstreetmap",
                        "id": "way/257545874"
                    }
                ],
                "websites": [],
                "wikidataID": null,
                "places": [
                    {
                        "iso3166_2": "US-VT",
                        "localized": {
                            "en": {
                                "region": "Vermont",
                                "country": "United States",
                                "locality": "Ludlow"
                            }
                        },
                        "iso3166_1Alpha2": "US"
                    }
                ]
            },
            "geometry": {
                "type": "LineString",
                "coordinates": [
                    [
                        -72.74412920000006,
                        43.40573240000001,
                        916.5
                    ],
                    [
                        -72.74385480000002,
                        43.405738800000016,
                        913.7
                    ],
                    [
                        -72.7433225,
                        43.4057511,
                        907.5
                    ],
                    [
                        -72.74301980000003,
                        43.4057595,
                        903.1
                    ],
                    [
                        -72.74266380000003,
                        43.4057205,
                        896.4
                    ],
                    [
                        -72.74246950000003,
                        43.4056435,
                        891.5
                    ],
                    [
                        -72.74223970000003,
                        43.40550630000001,
                        884.5
                    ],
                    [
                        -72.74171260000003,
                        43.4052136,
                        870.2
                    ],
                    [
                        -72.74136070000003,
                        43.405135600000015,
                        861.7
                    ],
                    [
                        -72.74071490000003,
                        43.4050717,
                        844.2
                    ],
                    [
                        -72.7398913,
                        43.40500090000001,
                        820
                    ],
                    [
                        -72.73944709999998,
                        43.404994499999994,
                        813.9
                    ],
                    [
                        -72.73874479999998,
                        43.4050954,
                        803.6
                    ],
                    [
                        -72.7383334,
                        43.4050889,
                        793.8
                    ],
                    [
                        -72.7379073,
                        43.404965499999996,
                        779.3
                    ],
                    [
                        -72.73731990000003,
                        43.404629099999994,
                        757.4
                    ],
                    [
                        -72.73721620000003,
                        43.404569699999996,
                        753.7
                    ],
                    [
                        -72.7366877,
                        43.4043334,
                        741.4
                    ],
                    [
                        -72.7354843,
                        43.4040262,
                        711.4
                    ],
                    [
                        -72.73451460000005,
                        43.403931,
                        696.9
                    ]
                ]
            }
        },
        {
            "type": "Feature",
            "properties": {
                "type": "run",
                "id": "c7e97496b08c1ee6b1f597f3cc8bd8a53e059cb4",
                "uses": [
                    "downhill"
                ],
                "name": "Upper Chief",
                "ref": null,
                "description": null,
                "difficulty": "advanced",
                "difficultyConvention": "north_america",
                "status": "operating",
                "oneway": true,
                "lit": false,
                "gladed": null,
                "patrolled": null,
                "grooming": "classic",
                "skiAreas": [
                    {
                        "type": "Feature",
                        "properties": {
                            "id": "0f0d574cfdbd7b9a55296a94c4683b3e732a543b",
                            "name": "Okemo Mountain",
                            "activities": [
                                "downhill"
                            ],
                            "type": "skiArea",
                            "status": "operating"
                        },
                        "geometry": {
                            "type": "Polygon",
                            "coordinates": [
                                [
                                    [
                                        -72.74308640000002,
                                        43.4274285
                                    ],
                                    [
                                        -72.74806460000003,
                                        43.42050910000001
                                    ],
                                    [
                                        -72.7589651,
                                        43.406449499999994
                                    ],
                                    [
                                        -72.74969530000003,
                                        43.39276080000001
                                    ],
                                    [
                                        -72.7296968,
                                        43.387583899999996
                                    ],
                                    [
                                        -72.7130885,
                                        43.3982803
                                    ],
                                    [
                                        -72.71038490000002,
                                        43.4090683
                                    ],
                                    [
                                        -72.7109428,
                                        43.4191064
                                    ],
                                    [
                                        -72.716908,
                                        43.4270234
                                    ],
                                    [
                                        -72.72420360000004,
                                        43.42717920000001
                                    ],
                                    [
                                        -72.74308640000002,
                                        43.4274285
                                    ]
                                ]
                            ]
                        }
                    }
                ],
                "elevationProfile": {
                    "heights": [
                        934.5,
                        927.3,
                        921.3,
                        912.8,
                        906.1,
                        900.7,
                        894.8,
                        888.4,
                        882.9,
                        877.9,
                        869.9,
                        860.1,
                        849.9,
                        840.4,
                        829.3,
                        821.5,
                        816.3,
                        811.1,
                        806.8,
                        800.8,
                        792,
                        783.9,
                        776.4,
                        770.6,
                        763.4,
                        755.6,
                        746.9,
                        742.3,
                        738.1,
                        731.7,
                        730.9
                    ],
                    "resolution": 25
                },
                "sources": [
                    {
                        "type": "openstreetmap",
                        "id": "way/257548958"
                    }
                ],
                "websites": [],
                "wikidataID": null,
                "places": [
                    {
                        "iso3166_2": "US-VT",
                        "localized": {
                            "en": {
                                "region": "Vermont",
                                "country": "United States",
                                "locality": "Ludlow"
                            }
                        },
                        "iso3166_1Alpha2": "US"
                    }
                ]
            },
            "geometry": {
                "type": "LineString",
                "coordinates": [
                    [
                        -72.74411430000004,
                        43.4063839,
                        934.5
                    ],
                    [
                        -72.7435583,
                        43.4062473,
                        922.1
                    ],
                    [
                        -72.74251760000003,
                        43.4061706,
                        899.6
                    ],
                    [
                        -72.74155000000003,
                        43.4060997,
                        880.7
                    ],
                    [
                        -72.74080190000002,
                        43.4059047,
                        860.4
                    ],
                    [
                        -72.7392571,
                        43.4058398,
                        816.4
                    ],
                    [
                        -72.7382651,
                        43.4059284,
                        799.3
                    ],
                    [
                        -72.73756580000003,
                        43.4058161,
                        779.3
                    ],
                    [
                        -72.73696410000002,
                        43.4055917,
                        765.8
                    ],
                    [
                        -72.7364681,
                        43.40552080000001,
                        752.7
                    ],
                    [
                        -72.73533309999998,
                        43.40570020000001,
                        730.9
                    ]
                ]
            }
        },
        {
            "type": "Feature",
            "properties": {
                "type": "run",
                "id": "a895fd9a34377cef56fd18ba9136e5eeeeccfcc8",
                "uses": [
                    "downhill"
                ],
                "name": "Drop Off",
                "ref": null,
                "description": null,
                "difficulty": "intermediate",
                "difficultyConvention": "north_america",
                "status": "operating",
                "oneway": true,
                "lit": false,
                "gladed": null,
                "patrolled": null,
                "grooming": "classic",
                "skiAreas": [
                    {
                        "type": "Feature",
                        "properties": {
                            "id": "0f0d574cfdbd7b9a55296a94c4683b3e732a543b",
                            "name": "Okemo Mountain",
                            "activities": [
                                "downhill"
                            ],
                            "type": "skiArea",
                            "status": "operating"
                        },
                        "geometry": {
                            "type": "Polygon",
                            "coordinates": [
                                [
                                    [
                                        -72.74308640000002,
                                        43.4274285
                                    ],
                                    [
                                        -72.74806460000003,
                                        43.42050910000001
                                    ],
                                    [
                                        -72.7589651,
                                        43.406449499999994
                                    ],
                                    [
                                        -72.74969530000003,
                                        43.39276080000001
                                    ],
                                    [
                                        -72.7296968,
                                        43.387583899999996
                                    ],
                                    [
                                        -72.7130885,
                                        43.3982803
                                    ],
                                    [
                                        -72.71038490000002,
                                        43.4090683
                                    ],
                                    [
                                        -72.7109428,
                                        43.4191064
                                    ],
                                    [
                                        -72.716908,
                                        43.4270234
                                    ],
                                    [
                                        -72.72420360000004,
                                        43.42717920000001
                                    ],
                                    [
                                        -72.74308640000002,
                                        43.4274285
                                    ]
                                ]
                            ]
                        }
                    }
                ],
                "elevationProfile": {
                    "heights": [
                        757.4,
                        751.2,
                        748.7,
                        745.4,
                        742.5,
                        735.7,
                        733.6,
                        728.4,
                        719.8,
                        710.9,
                        704.4,
                        704.2
                    ],
                    "resolution": 25
                },
                "sources": [
                    {
                        "type": "openstreetmap",
                        "id": "way/257555647"
                    }
                ],
                "websites": [],
                "wikidataID": null,
                "places": [
                    {
                        "iso3166_2": "US-VT",
                        "localized": {
                            "en": {
                                "region": "Vermont",
                                "country": "United States",
                                "locality": "Ludlow"
                            }
                        },
                        "iso3166_1Alpha2": "US"
                    }
                ]
            },
            "geometry": {
                "type": "LineString",
                "coordinates": [
                    [
                        -72.73731990000003,
                        43.404629099999994,
                        757.4
                    ],
                    [
                        -72.73705940000004,
                        43.404025499999996,
                        746.3
                    ],
                    [
                        -72.7369391,
                        43.4037838,
                        742.8
                    ],
                    [
                        -72.736932,
                        43.4035575,
                        735.9
                    ],
                    [
                        -72.73705940000004,
                        43.403315800000016,
                        733.3
                    ],
                    [
                        -72.7370877,
                        43.4031667,
                        730.4
                    ],
                    [
                        -72.73677629999997,
                        43.402781,
                        712.6
                    ],
                    [
                        -72.7366085,
                        43.4025905,
                        705.7
                    ],
                    [
                        -72.7365317,
                        43.4025612,
                        704.2
                    ]
                ]
            }
        },
        {
            "type": "Feature",
            "properties": {
                "type": "run",
                "id": "bf9e1a4ec2993aaa761f658a9d149a9cae2b56b9",
                "uses": [
                    "downhill"
                ],
                "name": "Scooter",
                "ref": null,
                "description": null,
                "difficulty": "intermediate",
                "difficultyConvention": "north_america",
                "status": "operating",
                "oneway": true,
                "lit": false,
                "gladed": null,
                "patrolled": null,
                "grooming": "classic",
                "skiAreas": [
                    {
                        "type": "Feature",
                        "properties": {
                            "id": "0f0d574cfdbd7b9a55296a94c4683b3e732a543b",
                            "name": "Okemo Mountain",
                            "activities": [
                                "downhill"
                            ],
                            "type": "skiArea",
                            "status": "operating"
                        },
                        "geometry": {
                            "type": "Polygon",
                            "coordinates": [
                                [
                                    [
                                        -72.74308640000002,
                                        43.4274285
                                    ],
                                    [
                                        -72.74806460000003,
                                        43.42050910000001
                                    ],
                                    [
                                        -72.7589651,
                                        43.406449499999994
                                    ],
                                    [
                                        -72.74969530000003,
                                        43.39276080000001
                                    ],
                                    [
                                        -72.7296968,
                                        43.387583899999996
                                    ],
                                    [
                                        -72.7130885,
                                        43.3982803
                                    ],
                                    [
                                        -72.71038490000002,
                                        43.4090683
                                    ],
                                    [
                                        -72.7109428,
                                        43.4191064
                                    ],
                                    [
                                        -72.716908,
                                        43.4270234
                                    ],
                                    [
                                        -72.72420360000004,
                                        43.42717920000001
                                    ],
                                    [
                                        -72.74308640000002,
                                        43.4274285
                                    ]
                                ]
                            ]
                        }
                    }
                ],
                "elevationProfile": {
                    "heights": [
                        735.9,
                        731.8,
                        722,
                        713.6,
                        709.7,
                        707.7,
                        706.7
                    ],
                    "resolution": 25
                },
                "sources": [
                    {
                        "type": "openstreetmap",
                        "id": "way/257555985"
                    }
                ],
                "websites": [],
                "wikidataID": null,
                "places": [
                    {
                        "iso3166_2": "US-VT",
                        "localized": {
                            "en": {
                                "region": "Vermont",
                                "country": "United States",
                                "locality": "Ludlow"
                            }
                        },
                        "iso3166_1Alpha2": "US"
                    }
                ]
            },
            "geometry": {
                "type": "LineString",
                "coordinates": [
                    [
                        -72.736932,
                        43.4035575,
                        735.9
                    ],
                    [
                        -72.73676040000002,
                        43.403429,
                        732.7
                    ],
                    [
                        -72.7352915,
                        43.4034346,
                        706.7
                    ]
                ]
            }
        },
        {
            "type": "Feature",
            "properties": {
                "type": "run",
                "id": "91cf45b3a0b06b197a7e2d560c7335da4ba96d45",
                "uses": [
                    "downhill"
                ],
                "name": "Link",
                "ref": null,
                "description": null,
                "difficulty": "intermediate",
                "difficultyConvention": "north_america",
                "status": "operating",
                "oneway": true,
                "lit": false,
                "gladed": null,
                "patrolled": null,
                "grooming": "classic",
                "skiAreas": [
                    {
                        "type": "Feature",
                        "properties": {
                            "id": "0f0d574cfdbd7b9a55296a94c4683b3e732a543b",
                            "name": "Okemo Mountain",
                            "activities": [
                                "downhill"
                            ],
                            "type": "skiArea",
                            "status": "operating"
                        },
                        "geometry": {
                            "type": "Polygon",
                            "coordinates": [
                                [
                                    [
                                        -72.74308640000002,
                                        43.4274285
                                    ],
                                    [
                                        -72.74806460000003,
                                        43.42050910000001
                                    ],
                                    [
                                        -72.7589651,
                                        43.406449499999994
                                    ],
                                    [
                                        -72.74969530000003,
                                        43.39276080000001
                                    ],
                                    [
                                        -72.7296968,
                                        43.387583899999996
                                    ],
                                    [
                                        -72.7130885,
                                        43.3982803
                                    ],
                                    [
                                        -72.71038490000002,
                                        43.4090683
                                    ],
                                    [
                                        -72.7109428,
                                        43.4191064
                                    ],
                                    [
                                        -72.716908,
                                        43.4270234
                                    ],
                                    [
                                        -72.72420360000004,
                                        43.42717920000001
                                    ],
                                    [
                                        -72.74308640000002,
                                        43.4274285
                                    ]
                                ]
                            ]
                        }
                    }
                ],
                "elevationProfile": {
                    "heights": [
                        703.2,
                        704.3,
                        706.4,
                        706.8,
                        705.9,
                        703.2,
                        698.6,
                        696.9
                    ],
                    "resolution": 25
                },
                "sources": [
                    {
                        "type": "openstreetmap",
                        "id": "way/257556184"
                    }
                ],
                "websites": [],
                "wikidataID": null,
                "places": [
                    {
                        "iso3166_2": "US-VT",
                        "localized": {
                            "en": {
                                "region": "Vermont",
                                "country": "United States",
                                "locality": "Ludlow"
                            }
                        },
                        "iso3166_1Alpha2": "US"
                    }
                ]
            },
            "geometry": {
                "type": "LineString",
                "coordinates": [
                    [
                        -72.7359484,
                        43.402864199999996,
                        703.2
                    ],
                    [
                        -72.73584229999997,
                        43.402938200000015,
                        703.3
                    ],
                    [
                        -72.7356058,
                        43.40316590000001,
                        705.9
                    ],
                    [
                        -72.7352915,
                        43.4034346,
                        706.7
                    ],
                    [
                        -72.73498340000003,
                        43.403649499999986,
                        704.2
                    ],
                    [
                        -72.73451460000005,
                        43.403931,
                        696.9
                    ]
                ]
            }
        },
        {
            "type": "Feature",
            "properties": {
                "type": "run",
                "id": "394421e2f56b59787070c52f0a1a4fadc7dd20f7",
                "uses": [
                    "downhill"
                ],
                "name": "Sachem",
                "ref": null,
                "description": null,
                "difficulty": "easy",
                "difficultyConvention": "north_america",
                "status": "operating",
                "oneway": true,
                "lit": false,
                "gladed": null,
                "patrolled": null,
                "grooming": "classic",
                "skiAreas": [
                    {
                        "type": "Feature",
                        "properties": {
                            "id": "0f0d574cfdbd7b9a55296a94c4683b3e732a543b",
                            "name": "Okemo Mountain",
                            "activities": [
                                "downhill"
                            ],
                            "type": "skiArea",
                            "status": "operating"
                        },
                        "geometry": {
                            "type": "Polygon",
                            "coordinates": [
                                [
                                    [
                                        -72.74308640000002,
                                        43.4274285
                                    ],
                                    [
                                        -72.74806460000003,
                                        43.42050910000001
                                    ],
                                    [
                                        -72.7589651,
                                        43.406449499999994
                                    ],
                                    [
                                        -72.74969530000003,
                                        43.39276080000001
                                    ],
                                    [
                                        -72.7296968,
                                        43.387583899999996
                                    ],
                                    [
                                        -72.7130885,
                                        43.3982803
                                    ],
                                    [
                                        -72.71038490000002,
                                        43.4090683
                                    ],
                                    [
                                        -72.7109428,
                                        43.4191064
                                    ],
                                    [
                                        -72.716908,
                                        43.4270234
                                    ],
                                    [
                                        -72.72420360000004,
                                        43.42717920000001
                                    ],
                                    [
                                        -72.74308640000002,
                                        43.4274285
                                    ]
                                ]
                            ]
                        }
                    }
                ],
                "elevationProfile": {
                    "heights": [
                        688.9,
                        687.4,
                        685.6,
                        682.1,
                        677.1,
                        672.7,
                        669,
                        664.2,
                        659.6,
                        656.3,
                        656.6,
                        656.2,
                        654.4,
                        649.8,
                        644.9,
                        641.6,
                        635.4,
                        630.5,
                        627.6,
                        626.2,
                        625.6,
                        623.2,
                        619,
                        611.6,
                        605.3,
                        599.8,
                        593.8,
                        590.5,
                        588.8,
                        586.1,
                        585.5,
                        583.3,
                        578.5,
                        572,
                        567,
                        564.2,
                        558.1,
                        552.4,
                        549.8,
                        545,
                        541.1,
                        536.7,
                        531.9,
                        524.7,
                        517.4,
                        513.1,
                        509.2,
                        505.8,
                        503.6,
                        498.5,
                        493.6,
                        490.9,
                        487.2,
                        483.8,
                        481.1,
                        479.5,
                        478,
                        476.6,
                        473.4,
                        469.9,
                        468.1,
                        463.7,
                        460,
                        457.2,
                        452.5,
                        445.6,
                        438.4,
                        431.4,
                        425.6,
                        419.7,
                        415.9,
                        414.5,
                        414.5
                    ],
                    "resolution": 25
                },
                "sources": [
                    {
                        "type": "openstreetmap",
                        "id": "way/257558192"
                    }
                ],
                "websites": [],
                "wikidataID": null,
                "places": [
                    {
                        "iso3166_2": "US-VT",
                        "localized": {
                            "en": {
                                "region": "Vermont",
                                "country": "United States",
                                "locality": "Ludlow"
                            }
                        },
                        "iso3166_1Alpha2": "US"
                    }
                ]
            },
            "geometry": {
                "type": "LineString",
                "coordinates": [
                    [
                        -72.7361407,
                        43.401654599999986,
                        688.9
                    ],
                    [
                        -72.736141,
                        43.4015373,
                        687.6
                    ],
                    [
                        -72.7361467,
                        43.401482699999995,
                        687.4
                    ],
                    [
                        -72.73616570000003,
                        43.4011943,
                        685.3
                    ],
                    [
                        -72.73611350000003,
                        43.4009756,
                        682
                    ],
                    [
                        -72.73580199999998,
                        43.4007596,
                        675.1
                    ],
                    [
                        -72.7355826,
                        43.4005385,
                        670.6
                    ],
                    [
                        -72.7355189,
                        43.400332800000015,
                        666.5
                    ],
                    [
                        -72.735441,
                        43.399983,
                        659
                    ],
                    [
                        -72.73537729999997,
                        43.3998905,
                        657.2
                    ],
                    [
                        -72.7351791,
                        43.399972800000015,
                        655.9
                    ],
                    [
                        -72.73493140000002,
                        43.4001682,
                        656.1
                    ],
                    [
                        -72.7347474,
                        43.4003893,
                        655.2
                    ],
                    [
                        -72.73454920000003,
                        43.4005591,
                        651.9
                    ],
                    [
                        -72.73431560000003,
                        43.4006773,
                        646.3
                    ],
                    [
                        -72.73413860000002,
                        43.40077510000001,
                        643.8
                    ],
                    [
                        -72.73402540000004,
                        43.400826499999994,
                        642.8
                    ],
                    [
                        -72.73386260000002,
                        43.400826499999994,
                        640.7
                    ],
                    [
                        -72.7336361,
                        43.4007288,
                        634.8
                    ],
                    [
                        -72.73340950000002,
                        43.400646499999986,
                        630.8
                    ],
                    [
                        -72.73322550000003,
                        43.400646499999986,
                        628.6
                    ],
                    [
                        -72.73287869999997,
                        43.400713300000014,
                        626.4
                    ],
                    [
                        -72.7324186,
                        43.4008316,
                        625.2
                    ],
                    [
                        -72.73220620000002,
                        43.4008368,
                        623.4
                    ],
                    [
                        -72.7319868,
                        43.400841899999996,
                        620.5
                    ],
                    [
                        -72.73170370000003,
                        43.40073390000001,
                        614
                    ],
                    [
                        -72.73154790000002,
                        43.4006105,
                        608.8
                    ],
                    [
                        -72.7313002,
                        43.40052820000001,
                        603.3
                    ],
                    [
                        -72.73092500000003,
                        43.4005436,
                        596.1
                    ],
                    [
                        -72.7302384,
                        43.4005488,
                        589.1
                    ],
                    [
                        -72.729927,
                        43.4005591,
                        587.1
                    ],
                    [
                        -72.7295872,
                        43.4005231,
                        585.6
                    ],
                    [
                        -72.7293749,
                        43.400487099999985,
                        584.8
                    ],
                    [
                        -72.7291342,
                        43.400481899999996,
                        581.7
                    ],
                    [
                        -72.72905109999998,
                        43.400453,
                        580.2
                    ],
                    [
                        -72.72897139999996,
                        43.4004253,
                        578.8
                    ],
                    [
                        -72.7287237,
                        43.4002453,
                        571.6
                    ],
                    [
                        -72.7285962,
                        43.4001065,
                        567.8
                    ],
                    [
                        -72.7285042,
                        43.399905900000014,
                        565.2
                    ],
                    [
                        -72.72819279999997,
                        43.3997413,
                        558.1
                    ],
                    [
                        -72.7279804,
                        43.399767,
                        553.5
                    ],
                    [
                        -72.72785300000002,
                        43.3998545,
                        551.8
                    ],
                    [
                        -72.727676,
                        43.399983,
                        549.4
                    ],
                    [
                        -72.72746370000003,
                        43.4001836,
                        543.8
                    ],
                    [
                        -72.7273009,
                        43.4003636,
                        540.2
                    ],
                    [
                        -72.72706020000003,
                        43.4005745,
                        535.5
                    ],
                    [
                        -72.7267205,
                        43.4006979,
                        527.5
                    ],
                    [
                        -72.72626040000003,
                        43.4007596,
                        516.9
                    ],
                    [
                        -72.72584269999997,
                        43.4008779,
                        510.8
                    ],
                    [
                        -72.7255667,
                        43.4010579,
                        506.3
                    ],
                    [
                        -72.7253614,
                        43.401263599999986,
                        503.8
                    ],
                    [
                        -72.72507119999996,
                        43.4013768,
                        498.7
                    ],
                    [
                        -72.72485879999998,
                        43.401474499999985,
                        494.1
                    ],
                    [
                        -72.7247598,
                        43.401664799999985,
                        492.2
                    ],
                    [
                        -72.72453320000002,
                        43.4018139,
                        488.3
                    ],
                    [
                        -72.7242784,
                        43.401860199999994,
                        485.3
                    ],
                    [
                        -72.723812,
                        43.401944599999986,
                        480.9
                    ],
                    [
                        -72.7235366,
                        43.4020699,
                        479.1
                    ],
                    [
                        -72.72312460000003,
                        43.4022613,
                        477.4
                    ],
                    [
                        -72.72297889999996,
                        43.4026016,
                        472.3
                    ],
                    [
                        -72.72286129999998,
                        43.40271030000002,
                        470.1
                    ],
                    [
                        -72.72204599999998,
                        43.4027872,
                        461.5
                    ],
                    [
                        -72.7217995,
                        43.40279020000001,
                        459.4
                    ],
                    [
                        -72.72112790000003,
                        43.4028018,
                        449.2
                    ],
                    [
                        -72.72034809999997,
                        43.4028401,
                        431.2
                    ],
                    [
                        -72.71995520000003,
                        43.4028768,
                        423.7
                    ],
                    [
                        -72.71957460000003,
                        43.4029246,
                        417.4
                    ],
                    [
                        -72.7192583,
                        43.4029806,
                        414.7
                    ],
                    [
                        -72.7190819,
                        43.40301810000001,
                        414.5
                    ]
                ]
            }
        },
        {
            "type": "Feature",
            "properties": {
                "type": "run",
                "id": "9a52efc4d71dd5ae63c7da7d20076db3df3738fd",
                "uses": [
                    "downhill"
                ],
                "name": "Easy Street",
                "ref": null,
                "description": null,
                "difficulty": "easy",
                "difficultyConvention": "north_america",
                "status": "operating",
                "oneway": true,
                "lit": false,
                "gladed": null,
                "patrolled": null,
                "grooming": "classic",
                "skiAreas": [
                    {
                        "type": "Feature",
                        "properties": {
                            "id": "0f0d574cfdbd7b9a55296a94c4683b3e732a543b",
                            "name": "Okemo Mountain",
                            "activities": [
                                "downhill"
                            ],
                            "type": "skiArea",
                            "status": "operating"
                        },
                        "geometry": {
                            "type": "Polygon",
                            "coordinates": [
                                [
                                    [
                                        -72.74308640000002,
                                        43.4274285
                                    ],
                                    [
                                        -72.74806460000003,
                                        43.42050910000001
                                    ],
                                    [
                                        -72.7589651,
                                        43.406449499999994
                                    ],
                                    [
                                        -72.74969530000003,
                                        43.39276080000001
                                    ],
                                    [
                                        -72.7296968,
                                        43.387583899999996
                                    ],
                                    [
                                        -72.7130885,
                                        43.3982803
                                    ],
                                    [
                                        -72.71038490000002,
                                        43.4090683
                                    ],
                                    [
                                        -72.7109428,
                                        43.4191064
                                    ],
                                    [
                                        -72.716908,
                                        43.4270234
                                    ],
                                    [
                                        -72.72420360000004,
                                        43.42717920000001
                                    ],
                                    [
                                        -72.74308640000002,
                                        43.4274285
                                    ]
                                ]
                            ]
                        }
                    }
                ],
                "elevationProfile": {
                    "heights": [
                        699.3,
                        694.9,
                        689.9,
                        685.4,
                        679.8,
                        672.2,
                        664.9,
                        662.3,
                        661.3,
                        659.6,
                        656.7,
                        652.2,
                        648.6,
                        644.7,
                        640.9,
                        638.2,
                        633.6,
                        626.5,
                        624.1
                    ],
                    "resolution": 25
                },
                "sources": [
                    {
                        "type": "openstreetmap",
                        "id": "way/257558294"
                    }
                ],
                "websites": [],
                "wikidataID": null,
                "places": [
                    {
                        "iso3166_2": "US-VT",
                        "localized": {
                            "en": {
                                "region": "Vermont",
                                "country": "United States",
                                "locality": "Ludlow"
                            }
                        },
                        "iso3166_1Alpha2": "US"
                    }
                ]
            },
            "geometry": {
                "type": "LineString",
                "coordinates": [
                    [
                        -72.735825,
                        43.4026021,
                        699.3
                    ],
                    [
                        -72.7304445,
                        43.4026148,
                        624.1
                    ]
                ]
            }
        },
        {
            "type": "Feature",
            "properties": {
                "type": "run",
                "id": "e09f8015854ed82f230a265d799b0ddaca14c5d3",
                "uses": [
                    "downhill"
                ],
                "name": "Home Stretch",
                "ref": null,
                "description": null,
                "difficulty": "easy",
                "difficultyConvention": "north_america",
                "status": "operating",
                "oneway": true,
                "lit": false,
                "gladed": null,
                "patrolled": null,
                "grooming": "classic",
                "skiAreas": [
                    {
                        "type": "Feature",
                        "properties": {
                            "id": "0f0d574cfdbd7b9a55296a94c4683b3e732a543b",
                            "name": "Okemo Mountain",
                            "activities": [
                                "downhill"
                            ],
                            "type": "skiArea",
                            "status": "operating"
                        },
                        "geometry": {
                            "type": "Polygon",
                            "coordinates": [
                                [
                                    [
                                        -72.74308640000002,
                                        43.4274285
                                    ],
                                    [
                                        -72.74806460000003,
                                        43.42050910000001
                                    ],
                                    [
                                        -72.7589651,
                                        43.406449499999994
                                    ],
                                    [
                                        -72.74969530000003,
                                        43.39276080000001
                                    ],
                                    [
                                        -72.7296968,
                                        43.387583899999996
                                    ],
                                    [
                                        -72.7130885,
                                        43.3982803
                                    ],
                                    [
                                        -72.71038490000002,
                                        43.4090683
                                    ],
                                    [
                                        -72.7109428,
                                        43.4191064
                                    ],
                                    [
                                        -72.716908,
                                        43.4270234
                                    ],
                                    [
                                        -72.72420360000004,
                                        43.42717920000001
                                    ],
                                    [
                                        -72.74308640000002,
                                        43.4274285
                                    ]
                                ]
                            ]
                        }
                    }
                ],
                "elevationProfile": {
                    "heights": [
                        624.1,
                        622.9,
                        620.2,
                        617.6,
                        614.4,
                        609.3,
                        603,
                        598.1,
                        594.2,
                        590.3,
                        584.6,
                        580.6,
                        580.2
                    ],
                    "resolution": 25
                },
                "sources": [
                    {
                        "type": "openstreetmap",
                        "id": "way/257558476"
                    }
                ],
                "websites": [],
                "wikidataID": null,
                "places": [
                    {
                        "iso3166_2": "US-VT",
                        "localized": {
                            "en": {
                                "region": "Vermont",
                                "country": "United States",
                                "locality": "Ludlow"
                            }
                        },
                        "iso3166_1Alpha2": "US"
                    }
                ]
            },
            "geometry": {
                "type": "LineString",
                "coordinates": [
                    [
                        -72.7304445,
                        43.4026148,
                        624.1
                    ],
                    [
                        -72.7304061,
                        43.402459,
                        624.3
                    ],
                    [
                        -72.7301101,
                        43.40226,
                        620.2
                    ],
                    [
                        -72.7299031,
                        43.402176300000015,
                        618.4
                    ],
                    [
                        -72.7298706,
                        43.40202280000001,
                        615.9
                    ],
                    [
                        -72.7299275,
                        43.401816,
                        613.2
                    ],
                    [
                        -72.72996,
                        43.401609199999996,
                        607.2
                    ],
                    [
                        -72.7299031,
                        43.4013906,
                        601.7
                    ],
                    [
                        -72.7297486,
                        43.401207499999984,
                        596.9
                    ],
                    [
                        -72.7294397,
                        43.4009771,
                        591.5
                    ],
                    [
                        -72.7291923,
                        43.4007767,
                        585.2
                    ],
                    [
                        -72.72908679999998,
                        43.4006117,
                        581.6
                    ],
                    [
                        -72.72905109999998,
                        43.400453,
                        580.2
                    ]
                ]
            }
        },
        {
            "type": "Feature",
            "properties": {
                "type": "run",
                "id": "9741c01970a2b92985eb4d583e86983c13dede6b",
                "uses": [
                    "downhill"
                ],
                "name": "Ledges",
                "ref": null,
                "description": null,
                "difficulty": "advanced",
                "difficultyConvention": "north_america",
                "status": "operating",
                "oneway": true,
                "lit": false,
                "gladed": null,
                "patrolled": null,
                "grooming": "mogul",
                "skiAreas": [
                    {
                        "type": "Feature",
                        "properties": {
                            "id": "0f0d574cfdbd7b9a55296a94c4683b3e732a543b",
                            "name": "Okemo Mountain",
                            "activities": [
                                "downhill"
                            ],
                            "type": "skiArea",
                            "status": "operating"
                        },
                        "geometry": {
                            "type": "Polygon",
                            "coordinates": [
                                [
                                    [
                                        -72.74308640000002,
                                        43.4274285
                                    ],
                                    [
                                        -72.74806460000003,
                                        43.42050910000001
                                    ],
                                    [
                                        -72.7589651,
                                        43.406449499999994
                                    ],
                                    [
                                        -72.74969530000003,
                                        43.39276080000001
                                    ],
                                    [
                                        -72.7296968,
                                        43.387583899999996
                                    ],
                                    [
                                        -72.7130885,
                                        43.3982803
                                    ],
                                    [
                                        -72.71038490000002,
                                        43.4090683
                                    ],
                                    [
                                        -72.7109428,
                                        43.4191064
                                    ],
                                    [
                                        -72.716908,
                                        43.4270234
                                    ],
                                    [
                                        -72.72420360000004,
                                        43.42717920000001
                                    ],
                                    [
                                        -72.74308640000002,
                                        43.4274285
                                    ]
                                ]
                            ]
                        }
                    }
                ],
                "elevationProfile": {
                    "heights": [
                        624.1,
                        620.3,
                        613.9,
                        605.8,
                        594,
                        582.4,
                        571.9,
                        562.8,
                        552.4,
                        542.4,
                        533.1,
                        527.7,
                        521.9,
                        516.5,
                        512,
                        506,
                        498.7,
                        493.9,
                        492.2,
                        489.8,
                        486.2,
                        481.2,
                        477.8,
                        474.3,
                        471.3,
                        470.1
                    ],
                    "resolution": 25
                },
                "sources": [
                    {
                        "type": "openstreetmap",
                        "id": "way/257558642"
                    }
                ],
                "websites": [],
                "wikidataID": null,
                "places": [
                    {
                        "iso3166_2": "US-VT",
                        "localized": {
                            "en": {
                                "region": "Vermont",
                                "country": "United States",
                                "locality": "Ludlow"
                            }
                        },
                        "iso3166_1Alpha2": "US"
                    }
                ]
            },
            "geometry": {
                "type": "LineString",
                "coordinates": [
                    [
                        -72.7304445,
                        43.4026148,
                        624.1
                    ],
                    [
                        -72.7235495,
                        43.4028473,
                        477
                    ],
                    [
                        -72.72286129999998,
                        43.40271030000002,
                        470.1
                    ]
                ]
            }
        },
        {
            "type": "Feature",
            "properties": {
                "type": "run",
                "id": "24ac94788abb84b5854285f99dbb480eb9153125",
                "uses": [
                    "downhill"
                ],
                "name": "Lower World Cup",
                "ref": null,
                "description": null,
                "difficulty": "intermediate",
                "difficultyConvention": "north_america",
                "status": "operating",
                "oneway": true,
                "lit": false,
                "gladed": null,
                "patrolled": null,
                "grooming": "classic",
                "skiAreas": [
                    {
                        "type": "Feature",
                        "properties": {
                            "id": "0f0d574cfdbd7b9a55296a94c4683b3e732a543b",
                            "name": "Okemo Mountain",
                            "activities": [
                                "downhill"
                            ],
                            "type": "skiArea",
                            "status": "operating"
                        },
                        "geometry": {
                            "type": "Polygon",
                            "coordinates": [
                                [
                                    [
                                        -72.74308640000002,
                                        43.4274285
                                    ],
                                    [
                                        -72.74806460000003,
                                        43.42050910000001
                                    ],
                                    [
                                        -72.7589651,
                                        43.406449499999994
                                    ],
                                    [
                                        -72.74969530000003,
                                        43.39276080000001
                                    ],
                                    [
                                        -72.7296968,
                                        43.387583899999996
                                    ],
                                    [
                                        -72.7130885,
                                        43.3982803
                                    ],
                                    [
                                        -72.71038490000002,
                                        43.4090683
                                    ],
                                    [
                                        -72.7109428,
                                        43.4191064
                                    ],
                                    [
                                        -72.716908,
                                        43.4270234
                                    ],
                                    [
                                        -72.72420360000004,
                                        43.42717920000001
                                    ],
                                    [
                                        -72.74308640000002,
                                        43.4274285
                                    ]
                                ]
                            ]
                        }
                    }
                ],
                "elevationProfile": {
                    "heights": [
                        696.9,
                        694.8,
                        690.8,
                        684.4,
                        677.8,
                        672.2,
                        667.5,
                        662.1,
                        656.2,
                        649.2,
                        642.9,
                        636.5,
                        628.9,
                        620.3,
                        611.2,
                        600.6,
                        592.9,
                        585.1,
                        578.2,
                        572.7,
                        565,
                        555.2,
                        546.7,
                        541.1,
                        536.2,
                        532.2,
                        528.4,
                        524.2,
                        518.6,
                        511.1,
                        504.5,
                        498.7,
                        494.3,
                        490.8,
                        487,
                        481.5,
                        475.9,
                        471.7,
                        470.1
                    ],
                    "resolution": 25
                },
                "sources": [
                    {
                        "type": "openstreetmap",
                        "id": "way/257559992"
                    }
                ],
                "websites": [],
                "wikidataID": null,
                "places": [
                    {
                        "iso3166_2": "US-VT",
                        "localized": {
                            "en": {
                                "region": "Vermont",
                                "country": "United States",
                                "locality": "Ludlow"
                            }
                        },
                        "iso3166_1Alpha2": "US"
                    }
                ]
            },
            "geometry": {
                "type": "LineString",
                "coordinates": [
                    [
                        -72.73451460000005,
                        43.403931,
                        696.9
                    ],
                    [
                        -72.73340350000002,
                        43.4039319,
                        681
                    ],
                    [
                        -72.7316761,
                        43.40406449999998,
                        647.9
                    ],
                    [
                        -72.73001320000003,
                        43.404087799999985,
                        604.9
                    ],
                    [
                        -72.7285862,
                        43.40397090000001,
                        571.4
                    ],
                    [
                        -72.72752410000002,
                        43.4039397,
                        542.4
                    ],
                    [
                        -72.7265263,
                        43.403682499999995,
                        528.1
                    ],
                    [
                        -72.7253032,
                        43.4035032,
                        503.8
                    ],
                    [
                        -72.72414450000002,
                        43.4033863,
                        487.5
                    ],
                    [
                        -72.72358129999998,
                        43.403335800000015,
                        477.7
                    ],
                    [
                        -72.7234793,
                        43.40335510000001,
                        475.5
                    ],
                    [
                        -72.7231222,
                        43.4034765,
                        470.1
                    ]
                ]
            }
        },
        {
            "type": "Feature",
            "properties": {
                "type": "run",
                "id": "94ead72520e9fefb5084be5bb9577c8cd282a19c",
                "uses": [
                    "downhill"
                ],
                "name": "Chute",
                "ref": null,
                "description": null,
                "difficulty": "intermediate",
                "difficultyConvention": "north_america",
                "status": "operating",
                "oneway": true,
                "lit": false,
                "gladed": null,
                "patrolled": null,
                "grooming": "classic",
                "skiAreas": [
                    {
                        "type": "Feature",
                        "properties": {
                            "id": "0f0d574cfdbd7b9a55296a94c4683b3e732a543b",
                            "name": "Okemo Mountain",
                            "activities": [
                                "downhill"
                            ],
                            "type": "skiArea",
                            "status": "operating"
                        },
                        "geometry": {
                            "type": "Polygon",
                            "coordinates": [
                                [
                                    [
                                        -72.74308640000002,
                                        43.4274285
                                    ],
                                    [
                                        -72.74806460000003,
                                        43.42050910000001
                                    ],
                                    [
                                        -72.7589651,
                                        43.406449499999994
                                    ],
                                    [
                                        -72.74969530000003,
                                        43.39276080000001
                                    ],
                                    [
                                        -72.7296968,
                                        43.387583899999996
                                    ],
                                    [
                                        -72.7130885,
                                        43.3982803
                                    ],
                                    [
                                        -72.71038490000002,
                                        43.4090683
                                    ],
                                    [
                                        -72.7109428,
                                        43.4191064
                                    ],
                                    [
                                        -72.716908,
                                        43.4270234
                                    ],
                                    [
                                        -72.72420360000004,
                                        43.42717920000001
                                    ],
                                    [
                                        -72.74308640000002,
                                        43.4274285
                                    ]
                                ]
                            ]
                        }
                    }
                ],
                "elevationProfile": {
                    "heights": [
                        696.9,
                        694,
                        688.6,
                        683.3,
                        680,
                        679.3,
                        678.5,
                        675.5,
                        673.9,
                        670.1,
                        663,
                        656.6,
                        654.5,
                        654.1
                    ],
                    "resolution": 25
                },
                "sources": [
                    {
                        "type": "openstreetmap",
                        "id": "way/257560092"
                    }
                ],
                "websites": [],
                "wikidataID": null,
                "places": [
                    {
                        "iso3166_2": "US-VT",
                        "localized": {
                            "en": {
                                "region": "Vermont",
                                "country": "United States",
                                "locality": "Ludlow"
                            }
                        },
                        "iso3166_1Alpha2": "US"
                    }
                ]
            },
            "geometry": {
                "type": "LineString",
                "coordinates": [
                    [
                        -72.73451460000005,
                        43.403931,
                        696.9
                    ],
                    [
                        -72.7338343,
                        43.4040429,
                        686.9
                    ],
                    [
                        -72.7334974,
                        43.4042639,
                        680.8
                    ],
                    [
                        -72.73314340000003,
                        43.4045367,
                        678.7
                    ],
                    [
                        -72.732961,
                        43.404848499999986,
                        676.1
                    ],
                    [
                        -72.7327259,
                        43.4051672,
                        672.5
                    ],
                    [
                        -72.7322919,
                        43.405476,
                        660.2
                    ],
                    [
                        -72.7318707,
                        43.4057194,
                        654.1
                    ]
                ]
            }
        },
        {
            "type": "Feature",
            "properties": {
                "type": "run",
                "id": "7d9a32f13d19d2d6328825c082360a7639326889",
                "uses": [
                    "downhill"
                ],
                "name": "Lower Chief",
                "ref": null,
                "description": null,
                "difficulty": "intermediate",
                "difficultyConvention": "north_america",
                "status": "operating",
                "oneway": true,
                "lit": false,
                "gladed": null,
                "patrolled": null,
                "grooming": "classic",
                "skiAreas": [
                    {
                        "type": "Feature",
                        "properties": {
                            "id": "0f0d574cfdbd7b9a55296a94c4683b3e732a543b",
                            "name": "Okemo Mountain",
                            "activities": [
                                "downhill"
                            ],
                            "type": "skiArea",
                            "status": "operating"
                        },
                        "geometry": {
                            "type": "Polygon",
                            "coordinates": [
                                [
                                    [
                                        -72.74308640000002,
                                        43.4274285
                                    ],
                                    [
                                        -72.74806460000003,
                                        43.42050910000001
                                    ],
                                    [
                                        -72.7589651,
                                        43.406449499999994
                                    ],
                                    [
                                        -72.74969530000003,
                                        43.39276080000001
                                    ],
                                    [
                                        -72.7296968,
                                        43.387583899999996
                                    ],
                                    [
                                        -72.7130885,
                                        43.3982803
                                    ],
                                    [
                                        -72.71038490000002,
                                        43.4090683
                                    ],
                                    [
                                        -72.7109428,
                                        43.4191064
                                    ],
                                    [
                                        -72.716908,
                                        43.4270234
                                    ],
                                    [
                                        -72.72420360000004,
                                        43.42717920000001
                                    ],
                                    [
                                        -72.74308640000002,
                                        43.4274285
                                    ]
                                ]
                            ]
                        }
                    }
                ],
                "elevationProfile": {
                    "heights": [
                        730.9,
                        723.1,
                        716.2,
                        709.9,
                        702.4,
                        695.1,
                        688.7,
                        681.6,
                        674.8,
                        668.3,
                        660.6,
                        655.1,
                        651,
                        644.4,
                        636,
                        628.4,
                        622,
                        614.3,
                        604.4,
                        596.7,
                        589.4,
                        583.1,
                        578.6,
                        575.6,
                        571.1,
                        566,
                        560.8,
                        557.2,
                        551.9,
                        544.5,
                        539.3,
                        536.2,
                        532.3,
                        527.8,
                        523,
                        517.6,
                        511.4,
                        504.7,
                        496.4,
                        489.1,
                        483.7,
                        481.2,
                        477.7,
                        474.9,
                        474.1
                    ],
                    "resolution": 25
                },
                "sources": [
                    {
                        "type": "openstreetmap",
                        "id": "way/257560678"
                    }
                ],
                "websites": [],
                "wikidataID": null,
                "places": [
                    {
                        "iso3166_2": "US-VT",
                        "localized": {
                            "en": {
                                "region": "Vermont",
                                "country": "United States",
                                "locality": "Ludlow"
                            }
                        },
                        "iso3166_1Alpha2": "US"
                    }
                ]
            },
            "geometry": {
                "type": "LineString",
                "coordinates": [
                    [
                        -72.73533309999998,
                        43.40570020000001,
                        730.9
                    ],
                    [
                        -72.73405530000002,
                        43.4057994,
                        701.4
                    ],
                    [
                        -72.7327142,
                        43.405713700000014,
                        671.9
                    ],
                    [
                        -72.7318707,
                        43.4057194,
                        654.1
                    ],
                    [
                        -72.73156630000003,
                        43.4057215,
                        650
                    ],
                    [
                        -72.73061140000003,
                        43.4056903,
                        626.9
                    ],
                    [
                        -72.7299677,
                        43.40542530000001,
                        607.7
                    ],
                    [
                        -72.72920590000003,
                        43.40542530000001,
                        588.4
                    ],
                    [
                        -72.7283154,
                        43.4055266,
                        575.3
                    ],
                    [
                        -72.72756440000003,
                        43.4054565,
                        563.3
                    ],
                    [
                        -72.7265033,
                        43.4053666,
                        544.7
                    ],
                    [
                        -72.7262769,
                        43.4053474,
                        540.4
                    ],
                    [
                        -72.72422770000003,
                        43.40537850000001,
                        509.5
                    ],
                    [
                        -72.7230905,
                        43.405362900000014,
                        483.7
                    ],
                    [
                        -72.72204219999996,
                        43.4053066,
                        474.1
                    ]
                ]
            }
        },
        {
            "type": "Feature",
            "properties": {
                "type": "run",
                "id": "9b7bc9938bb791f9200bd2a90977f8e915992029",
                "uses": [
                    "downhill"
                ],
                "name": "Willie\u0027s Way",
                "ref": null,
                "description": null,
                "difficulty": "intermediate",
                "difficultyConvention": "north_america",
                "status": "operating",
                "oneway": true,
                "lit": false,
                "gladed": null,
                "patrolled": null,
                "grooming": "classic",
                "skiAreas": [
                    {
                        "type": "Feature",
                        "properties": {
                            "id": "0f0d574cfdbd7b9a55296a94c4683b3e732a543b",
                            "name": "Okemo Mountain",
                            "activities": [
                                "downhill"
                            ],
                            "type": "skiArea",
                            "status": "operating"
                        },
                        "geometry": {
                            "type": "Polygon",
                            "coordinates": [
                                [
                                    [
                                        -72.74308640000002,
                                        43.4274285
                                    ],
                                    [
                                        -72.74806460000003,
                                        43.42050910000001
                                    ],
                                    [
                                        -72.7589651,
                                        43.406449499999994
                                    ],
                                    [
                                        -72.74969530000003,
                                        43.39276080000001
                                    ],
                                    [
                                        -72.7296968,
                                        43.387583899999996
                                    ],
                                    [
                                        -72.7130885,
                                        43.3982803
                                    ],
                                    [
                                        -72.71038490000002,
                                        43.4090683
                                    ],
                                    [
                                        -72.7109428,
                                        43.4191064
                                    ],
                                    [
                                        -72.716908,
                                        43.4270234
                                    ],
                                    [
                                        -72.72420360000004,
                                        43.42717920000001
                                    ],
                                    [
                                        -72.74308640000002,
                                        43.4274285
                                    ]
                                ]
                            ]
                        }
                    }
                ],
                "elevationProfile": {
                    "heights": [
                        544.7,
                        539.7,
                        533.9,
                        527.5,
                        522.4,
                        516.5,
                        511.9,
                        507.5,
                        499.9,
                        494.3,
                        489.1,
                        484.3,
                        477,
                        468.1,
                        462.1
                    ],
                    "resolution": 25
                },
                "sources": [
                    {
                        "type": "openstreetmap",
                        "id": "way/257560780"
                    }
                ],
                "websites": [],
                "wikidataID": null,
                "places": [
                    {
                        "iso3166_2": "US-VT",
                        "localized": {
                            "en": {
                                "region": "Vermont",
                                "country": "United States",
                                "locality": "Ludlow"
                            }
                        },
                        "iso3166_1Alpha2": "US"
                    }
                ]
            },
            "geometry": {
                "type": "LineString",
                "coordinates": [
                    [
                        -72.7265033,
                        43.4053666,
                        544.7
                    ],
                    [
                        -72.7260707,
                        43.4049432,
                        531.6
                    ],
                    [
                        -72.7254446,
                        43.4046183,
                        517.5
                    ],
                    [
                        -72.7251275,
                        43.404417499999994,
                        511.2
                    ],
                    [
                        -72.72462340000006,
                        43.40432290000001,
                        500.9
                    ],
                    [
                        -72.7238834,
                        43.404222499999996,
                        487.6
                    ],
                    [
                        -72.7231598,
                        43.4041457,
                        470.8
                    ],
                    [
                        -72.7227532,
                        43.404098499999996,
                        462.1
                    ]
                ]
            }
        },
        {
            "type": "Feature",
            "properties": {
                "type": "run",
                "id": "9efaad974dd2158ab09baaa2e7f42959a8174db6",
                "uses": [
                    "downhill"
                ],
                "name": "Nor\u0027Easter",
                "ref": null,
                "description": null,
                "difficulty": "advanced",
                "difficultyConvention": "north_america",
                "status": "operating",
                "oneway": true,
                "lit": false,
                "gladed": null,
                "patrolled": null,
                "grooming": "classic",
                "skiAreas": [
                    {
                        "type": "Feature",
                        "properties": {
                            "id": "0f0d574cfdbd7b9a55296a94c4683b3e732a543b",
                            "name": "Okemo Mountain",
                            "activities": [
                                "downhill"
                            ],
                            "type": "skiArea",
                            "status": "operating"
                        },
                        "geometry": {
                            "type": "Polygon",
                            "coordinates": [
                                [
                                    [
                                        -72.74308640000002,
                                        43.4274285
                                    ],
                                    [
                                        -72.74806460000003,
                                        43.42050910000001
                                    ],
                                    [
                                        -72.7589651,
                                        43.406449499999994
                                    ],
                                    [
                                        -72.74969530000003,
                                        43.39276080000001
                                    ],
                                    [
                                        -72.7296968,
                                        43.387583899999996
                                    ],
                                    [
                                        -72.7130885,
                                        43.3982803
                                    ],
                                    [
                                        -72.71038490000002,
                                        43.4090683
                                    ],
                                    [
                                        -72.7109428,
                                        43.4191064
                                    ],
                                    [
                                        -72.716908,
                                        43.4270234
                                    ],
                                    [
                                        -72.72420360000004,
                                        43.42717920000001
                                    ],
                                    [
                                        -72.74308640000002,
                                        43.4274285
                                    ]
                                ]
                            ]
                        }
                    }
                ],
                "elevationProfile": {
                    "heights": [
                        946.9,
                        940.9,
                        935.4,
                        927.3,
                        918.5,
                        911.9,
                        904.5,
                        895.9,
                        889.6,
                        885,
                        880.1,
                        870.3,
                        859.5,
                        850.9,
                        841.5,
                        831.3,
                        824.8,
                        816.4,
                        809,
                        804.1,
                        800.1,
                        794,
                        787.1,
                        781.3,
                        775.7,
                        769.4,
                        761.9,
                        753.7,
                        747.8,
                        741.3,
                        734.1,
                        726.4,
                        718.3,
                        712.6,
                        708.2,
                        703.4,
                        699.3,
                        693,
                        682.9,
                        674.4,
                        667,
                        660,
                        653,
                        644.9,
                        635.4,
                        627.3,
                        621.1,
                        614.5,
                        607.6,
                        599.3,
                        592.3,
                        585.9,
                        581,
                        577.7,
                        573.6,
                        569.1,
                        563.3,
                        558.8,
                        553.5,
                        547.3,
                        540.7,
                        534.2,
                        528.8,
                        525.3,
                        519,
                        513.3,
                        507.1,
                        501.7,
                        495.7,
                        489.9,
                        485.4,
                        484.2,
                        483.2,
                        483.7
                    ],
                    "resolution": 25
                },
                "sources": [
                    {
                        "type": "openstreetmap",
                        "id": "way/257561440"
                    }
                ],
                "websites": [],
                "wikidataID": null,
                "places": [
                    {
                        "iso3166_2": "US-VT",
                        "localized": {
                            "en": {
                                "region": "Vermont",
                                "country": "United States",
                                "locality": "Ludlow"
                            }
                        },
                        "iso3166_1Alpha2": "US"
                    }
                ]
            },
            "geometry": {
                "type": "LineString",
                "coordinates": [
                    [
                        -72.74434590000003,
                        43.4067704,
                        946.9
                    ],
                    [
                        -72.742197,
                        43.40668399999999,
                        896.4
                    ],
                    [
                        -72.73986090000002,
                        43.406626599999996,
                        835.7
                    ],
                    [
                        -72.7327869,
                        43.40632220000001,
                        689.5
                    ],
                    [
                        -72.7258237,
                        43.4060088,
                        541.2
                    ],
                    [
                        -72.72187249999998,
                        43.40587520000001,
                        483.7
                    ]
                ]
            }
        },
        {
            "type": "Feature",
            "properties": {
                "type": "run",
                "id": "06b3bb8de0d3895dd51284e74002576f26c9c28a",
                "uses": [
                    "downhill"
                ],
                "name": "Upper Timberline",
                "ref": null,
                "description": null,
                "difficulty": "intermediate",
                "difficultyConvention": "north_america",
                "status": "operating",
                "oneway": true,
                "lit": false,
                "gladed": null,
                "patrolled": null,
                "grooming": "classic",
                "skiAreas": [
                    {
                        "type": "Feature",
                        "properties": {
                            "id": "0f0d574cfdbd7b9a55296a94c4683b3e732a543b",
                            "name": "Okemo Mountain",
                            "activities": [
                                "downhill"
                            ],
                            "type": "skiArea",
                            "status": "operating"
                        },
                        "geometry": {
                            "type": "Polygon",
                            "coordinates": [
                                [
                                    [
                                        -72.74308640000002,
                                        43.4274285
                                    ],
                                    [
                                        -72.74806460000003,
                                        43.42050910000001
                                    ],
                                    [
                                        -72.7589651,
                                        43.406449499999994
                                    ],
                                    [
                                        -72.74969530000003,
                                        43.39276080000001
                                    ],
                                    [
                                        -72.7296968,
                                        43.387583899999996
                                    ],
                                    [
                                        -72.7130885,
                                        43.3982803
                                    ],
                                    [
                                        -72.71038490000002,
                                        43.4090683
                                    ],
                                    [
                                        -72.7109428,
                                        43.4191064
                                    ],
                                    [
                                        -72.716908,
                                        43.4270234
                                    ],
                                    [
                                        -72.72420360000004,
                                        43.42717920000001
                                    ],
                                    [
                                        -72.74308640000002,
                                        43.4274285
                                    ]
                                ]
                            ]
                        }
                    }
                ],
                "elevationProfile": {
                    "heights": [
                        930.4,
                        923.9,
                        918.3,
                        913.2,
                        905.8,
                        897.3,
                        889.5,
                        882.9,
                        874.7,
                        864.3,
                        856.4,
                        850.7,
                        844.5,
                        839.8,
                        835.5,
                        828.3,
                        823.1,
                        817.8,
                        810.3,
                        804.3,
                        802.5
                    ],
                    "resolution": 25
                },
                "sources": [
                    {
                        "type": "openstreetmap",
                        "id": "way/257562413"
                    }
                ],
                "websites": [],
                "wikidataID": null,
                "places": [
                    {
                        "iso3166_2": "US-VT",
                        "localized": {
                            "en": {
                                "region": "Vermont",
                                "country": "United States",
                                "locality": "Ludlow"
                            }
                        },
                        "iso3166_1Alpha2": "US"
                    },
                    {
                        "iso3166_2": "US-VT",
                        "localized": {
                            "en": {
                                "region": "Vermont",
                                "country": "United States",
                                "locality": null
                            }
                        },
                        "iso3166_1Alpha2": "US"
                    }
                ]
            },
            "geometry": {
                "type": "LineString",
                "coordinates": [
                    [
                        -72.74336860000003,
                        43.407788499999995,
                        930.4
                    ],
                    [
                        -72.74327950000003,
                        43.4078124,
                        928.2
                    ],
                    [
                        -72.74259310000002,
                        43.408078300000014,
                        914.1
                    ],
                    [
                        -72.74135480000002,
                        43.4084367,
                        881.9
                    ],
                    [
                        -72.739362,
                        43.4088504,
                        836.4
                    ],
                    [
                        -72.7389824,
                        43.4089292,
                        827.6
                    ],
                    [
                        -72.7377575,
                        43.4092967,
                        802.5
                    ]
                ]
            }
        },
        {
            "type": "Feature",
            "properties": {
                "type": "run",
                "id": "4f4b27c4c8753137e419d1bf0985ef101ea59fa1",
                "uses": [
                    "downhill"
                ],
                "name": "Jolly Green Giant",
                "ref": null,
                "description": null,
                "difficulty": "intermediate",
                "difficultyConvention": "north_america",
                "status": "operating",
                "oneway": true,
                "lit": false,
                "gladed": null,
                "patrolled": null,
                "grooming": "classic",
                "skiAreas": [
                    {
                        "type": "Feature",
                        "properties": {
                            "id": "0f0d574cfdbd7b9a55296a94c4683b3e732a543b",
                            "name": "Okemo Mountain",
                            "activities": [
                                "downhill"
                            ],
                            "type": "skiArea",
                            "status": "operating"
                        },
                        "geometry": {
                            "type": "Polygon",
                            "coordinates": [
                                [
                                    [
                                        -72.74308640000002,
                                        43.4274285
                                    ],
                                    [
                                        -72.74806460000003,
                                        43.42050910000001
                                    ],
                                    [
                                        -72.7589651,
                                        43.406449499999994
                                    ],
                                    [
                                        -72.74969530000003,
                                        43.39276080000001
                                    ],
                                    [
                                        -72.7296968,
                                        43.387583899999996
                                    ],
                                    [
                                        -72.7130885,
                                        43.3982803
                                    ],
                                    [
                                        -72.71038490000002,
                                        43.4090683
                                    ],
                                    [
                                        -72.7109428,
                                        43.4191064
                                    ],
                                    [
                                        -72.716908,
                                        43.4270234
                                    ],
                                    [
                                        -72.72420360000004,
                                        43.42717920000001
                                    ],
                                    [
                                        -72.74308640000002,
                                        43.4274285
                                    ]
                                ]
                            ]
                        }
                    }
                ],
                "elevationProfile": {
                    "heights": [
                        938,
                        932,
                        925.2,
                        921.3,
                        915.1,
                        905.4,
                        897.3,
                        889.6,
                        882.4,
                        874.2,
                        865.5,
                        858.5,
                        851.7,
                        844.1,
                        835.9,
                        828.5,
                        821.9,
                        815.7,
                        810.8,
                        805.3,
                        802.4,
                        796,
                        791.8,
                        790.2,
                        788,
                        783.9,
                        778,
                        771.6,
                        767,
                        761.4,
                        754.2,
                        747.3,
                        738.8,
                        730.9,
                        724.1,
                        718.4,
                        715.7,
                        714.9
                    ],
                    "resolution": 25
                },
                "sources": [
                    {
                        "type": "openstreetmap",
                        "id": "way/257632651"
                    }
                ],
                "websites": [],
                "wikidataID": null,
                "places": [
                    {
                        "iso3166_2": "US-VT",
                        "localized": {
                            "en": {
                                "region": "Vermont",
                                "country": "United States",
                                "locality": "Ludlow"
                            }
                        },
                        "iso3166_1Alpha2": "US"
                    },
                    {
                        "iso3166_2": "US-VT",
                        "localized": {
                            "en": {
                                "region": "Vermont",
                                "country": "United States",
                                "locality": null
                            }
                        },
                        "iso3166_1Alpha2": "US"
                    }
                ]
            },
            "geometry": {
                "type": "LineString",
                "coordinates": [
                    [
                        -72.7437798,
                        43.407067699999985,
                        938
                    ],
                    [
                        -72.7428618,
                        43.407218,
                        921.1
                    ],
                    [
                        -72.7417071,
                        43.407389499999994,
                        890.6
                    ],
                    [
                        -72.73761000000003,
                        43.4079766,
                        800.3
                    ],
                    [
                        -72.73274579999998,
                        43.408523,
                        714.9
                    ]
                ]
            }
        },
        {
            "type": "Feature",
            "properties": {
                "type": "run",
                "id": "7099f3299d08561b251737cffd062cf76b11954e",
                "uses": [
                    "downhill"
                ],
                "name": "Side Kick",
                "ref": null,
                "description": null,
                "difficulty": "advanced",
                "difficultyConvention": "north_america",
                "status": "operating",
                "oneway": true,
                "lit": false,
                "gladed": null,
                "patrolled": null,
                "grooming": "classic",
                "skiAreas": [
                    {
                        "type": "Feature",
                        "properties": {
                            "id": "0f0d574cfdbd7b9a55296a94c4683b3e732a543b",
                            "name": "Okemo Mountain",
                            "activities": [
                                "downhill"
                            ],
                            "type": "skiArea",
                            "status": "operating"
                        },
                        "geometry": {
                            "type": "Polygon",
                            "coordinates": [
                                [
                                    [
                                        -72.74308640000002,
                                        43.4274285
                                    ],
                                    [
                                        -72.74806460000003,
                                        43.42050910000001
                                    ],
                                    [
                                        -72.7589651,
                                        43.406449499999994
                                    ],
                                    [
                                        -72.74969530000003,
                                        43.39276080000001
                                    ],
                                    [
                                        -72.7296968,
                                        43.387583899999996
                                    ],
                                    [
                                        -72.7130885,
                                        43.3982803
                                    ],
                                    [
                                        -72.71038490000002,
                                        43.4090683
                                    ],
                                    [
                                        -72.7109428,
                                        43.4191064
                                    ],
                                    [
                                        -72.716908,
                                        43.4270234
                                    ],
                                    [
                                        -72.72420360000004,
                                        43.42717920000001
                                    ],
                                    [
                                        -72.74308640000002,
                                        43.4274285
                                    ]
                                ]
                            ]
                        }
                    }
                ],
                "elevationProfile": {
                    "heights": [
                        738.9,
                        734.8,
                        730.1,
                        725.2,
                        720,
                        716.3,
                        714.6
                    ],
                    "resolution": 25
                },
                "sources": [
                    {
                        "type": "openstreetmap",
                        "id": "way/257632796"
                    }
                ],
                "websites": [],
                "wikidataID": null,
                "places": [
                    {
                        "iso3166_2": "US-VT",
                        "localized": {
                            "en": {
                                "region": "Vermont",
                                "country": "United States",
                                "locality": "Ludlow"
                            }
                        },
                        "iso3166_1Alpha2": "US"
                    }
                ]
            },
            "geometry": {
                "type": "LineString",
                "coordinates": [
                    [
                        -72.73406900000003,
                        43.4075427,
                        738.9
                    ],
                    [
                        -72.7338962,
                        43.4077396,
                        734.5
                    ],
                    [
                        -72.73377279999997,
                        43.4079149,
                        730.4
                    ],
                    [
                        -72.73366550000003,
                        43.4080591,
                        726.8
                    ],
                    [
                        -72.7336008,
                        43.408116100000015,
                        725.2
                    ],
                    [
                        -72.73356360000004,
                        43.40814880000001,
                        724.5
                    ],
                    [
                        -72.733408,
                        43.408218900000016,
                        721.1
                    ],
                    [
                        -72.73280199999998,
                        43.408332000000016,
                        714.6
                    ]
                ]
            }
        },
        {
            "type": "Feature",
            "properties": {
                "type": "run",
                "id": "58c59d356389c22eaedc67f6c6f70995a964362c",
                "uses": [
                    "downhill"
                ],
                "name": "Upper Sapphire",
                "ref": null,
                "description": null,
                "difficulty": "intermediate",
                "difficultyConvention": "north_america",
                "status": "operating",
                "oneway": true,
                "lit": false,
                "gladed": null,
                "patrolled": null,
                "grooming": "classic",
                "skiAreas": [
                    {
                        "type": "Feature",
                        "properties": {
                            "id": "0f0d574cfdbd7b9a55296a94c4683b3e732a543b",
                            "name": "Okemo Mountain",
                            "activities": [
                                "downhill"
                            ],
                            "type": "skiArea",
                            "status": "operating"
                        },
                        "geometry": {
                            "type": "Polygon",
                            "coordinates": [
                                [
                                    [
                                        -72.74308640000002,
                                        43.4274285
                                    ],
                                    [
                                        -72.74806460000003,
                                        43.42050910000001
                                    ],
                                    [
                                        -72.7589651,
                                        43.406449499999994
                                    ],
                                    [
                                        -72.74969530000003,
                                        43.39276080000001
                                    ],
                                    [
                                        -72.7296968,
                                        43.387583899999996
                                    ],
                                    [
                                        -72.7130885,
                                        43.3982803
                                    ],
                                    [
                                        -72.71038490000002,
                                        43.4090683
                                    ],
                                    [
                                        -72.7109428,
                                        43.4191064
                                    ],
                                    [
                                        -72.716908,
                                        43.4270234
                                    ],
                                    [
                                        -72.72420360000004,
                                        43.42717920000001
                                    ],
                                    [
                                        -72.74308640000002,
                                        43.4274285
                                    ]
                                ]
                            ]
                        }
                    }
                ],
                "elevationProfile": {
                    "heights": [
                        929.9,
                        925,
                        919.5,
                        913.1,
                        907.3,
                        899.9,
                        891.9,
                        888.5,
                        882.3,
                        874.9,
                        867.6,
                        860.8,
                        852.5,
                        847.2,
                        843.4,
                        837.7,
                        830.5,
                        824.9,
                        820.3,
                        815.7,
                        815
                    ],
                    "resolution": 25
                },
                "sources": [
                    {
                        "type": "openstreetmap",
                        "id": "way/257633641"
                    }
                ],
                "websites": [],
                "wikidataID": null,
                "places": [
                    {
                        "iso3166_2": "US-VT",
                        "localized": {
                            "en": {
                                "region": "Vermont",
                                "country": "United States",
                                "locality": "Ludlow"
                            }
                        },
                        "iso3166_1Alpha2": "US"
                    },
                    {
                        "iso3166_2": "US-VT",
                        "localized": {
                            "en": {
                                "region": "Vermont",
                                "country": "United States",
                                "locality": null
                            }
                        },
                        "iso3166_1Alpha2": "US"
                    }
                ]
            },
            "geometry": {
                "type": "LineString",
                "coordinates": [
                    [
                        -72.74350050000002,
                        43.4079901,
                        929.9
                    ],
                    [
                        -72.74312690000004,
                        43.4084651,
                        916.6
                    ],
                    [
                        -72.7426786,
                        43.408739900000015,
                        904.7
                    ],
                    [
                        -72.7421789,
                        43.408845,
                        891.9
                    ],
                    [
                        -72.74164190000003,
                        43.4088179,
                        883.8
                    ],
                    [
                        -72.74112820000003,
                        43.4089604,
                        871
                    ],
                    [
                        -72.74026890000003,
                        43.40951000000001,
                        846.2
                    ],
                    [
                        -72.73949370000003,
                        43.4099374,
                        828
                    ],
                    [
                        -72.73882590000002,
                        43.4101715,
                        816.6
                    ],
                    [
                        -72.7386908,
                        43.410201199999996,
                        815
                    ]
                ]
            }
        },
        {
            "type": "Feature",
            "properties": {
                "type": "run",
                "id": "af1bff570f2bba063df9e7141e6950e40c7fb7ee",
                "uses": [
                    "downhill"
                ],
                "name": "Wardance",
                "ref": null,
                "description": null,
                "difficulty": "advanced",
                "difficultyConvention": "north_america",
                "status": "operating",
                "oneway": true,
                "lit": false,
                "gladed": null,
                "patrolled": null,
                "grooming": "classic",
                "skiAreas": [
                    {
                        "type": "Feature",
                        "properties": {
                            "id": "0f0d574cfdbd7b9a55296a94c4683b3e732a543b",
                            "name": "Okemo Mountain",
                            "activities": [
                                "downhill"
                            ],
                            "type": "skiArea",
                            "status": "operating"
                        },
                        "geometry": {
                            "type": "Polygon",
                            "coordinates": [
                                [
                                    [
                                        -72.74308640000002,
                                        43.4274285
                                    ],
                                    [
                                        -72.74806460000003,
                                        43.42050910000001
                                    ],
                                    [
                                        -72.7589651,
                                        43.406449499999994
                                    ],
                                    [
                                        -72.74969530000003,
                                        43.39276080000001
                                    ],
                                    [
                                        -72.7296968,
                                        43.387583899999996
                                    ],
                                    [
                                        -72.7130885,
                                        43.3982803
                                    ],
                                    [
                                        -72.71038490000002,
                                        43.4090683
                                    ],
                                    [
                                        -72.7109428,
                                        43.4191064
                                    ],
                                    [
                                        -72.716908,
                                        43.4270234
                                    ],
                                    [
                                        -72.72420360000004,
                                        43.42717920000001
                                    ],
                                    [
                                        -72.74308640000002,
                                        43.4274285
                                    ]
                                ]
                            ]
                        }
                    }
                ],
                "elevationProfile": {
                    "heights": [
                        708.2,
                        698.8,
                        688.8,
                        678.4,
                        670.5,
                        662.8,
                        655.1,
                        644.3,
                        635.2,
                        628.7,
                        620.9,
                        614,
                        608.7,
                        603.1,
                        596.7,
                        591.6,
                        586,
                        580.3,
                        574.3,
                        568.2,
                        561.6,
                        556.3,
                        551.1,
                        544.8,
                        540.5,
                        536.1,
                        529.4,
                        523.1,
                        517.7,
                        513.8,
                        510.2,
                        504.9,
                        499.9,
                        494.3,
                        490.3,
                        490.1
                    ],
                    "resolution": 25
                },
                "sources": [
                    {
                        "type": "openstreetmap",
                        "id": "way/257633982"
                    }
                ],
                "websites": [],
                "wikidataID": null,
                "places": [
                    {
                        "iso3166_2": "US-VT",
                        "localized": {
                            "en": {
                                "region": "Vermont",
                                "country": "United States",
                                "locality": "Ludlow"
                            }
                        },
                        "iso3166_1Alpha2": "US"
                    }
                ]
            },
            "geometry": {
                "type": "LineString",
                "coordinates": [
                    [
                        -72.73296340000003,
                        43.4072158,
                        708.2
                    ],
                    [
                        -72.73155060000003,
                        43.4069998,
                        665.2
                    ],
                    [
                        -72.7298093,
                        43.406866099999995,
                        618.4
                    ],
                    [
                        -72.72830869999997,
                        43.4069484,
                        590.5
                    ],
                    [
                        -72.72704879999998,
                        43.40680439999999,
                        566.2
                    ],
                    [
                        -72.72612860000002,
                        43.4066502,
                        548.7
                    ],
                    [
                        -72.7239484,
                        43.40666039999999,
                        512.4
                    ],
                    [
                        -72.72355879999998,
                        43.406547,
                        506.2
                    ],
                    [
                        -72.723237,
                        43.406424599999994,
                        500.2
                    ],
                    [
                        -72.7228229,
                        43.4062714,
                        492.6
                    ],
                    [
                        -72.7226602,
                        43.4062064,
                        490.1
                    ]
                ]
            }
        },
        {
            "type": "Feature",
            "properties": {
                "type": "run",
                "id": "bf99883c10826a00f59cf14d8ba0c3c4476ef035",
                "uses": [
                    "downhill"
                ],
                "name": "Black Out",
                "ref": null,
                "description": null,
                "difficulty": "advanced",
                "difficultyConvention": "north_america",
                "status": "operating",
                "oneway": true,
                "lit": false,
                "gladed": null,
                "patrolled": null,
                "grooming": "classic",
                "skiAreas": [
                    {
                        "type": "Feature",
                        "properties": {
                            "id": "0f0d574cfdbd7b9a55296a94c4683b3e732a543b",
                            "name": "Okemo Mountain",
                            "activities": [
                                "downhill"
                            ],
                            "type": "skiArea",
                            "status": "operating"
                        },
                        "geometry": {
                            "type": "Polygon",
                            "coordinates": [
                                [
                                    [
                                        -72.74308640000002,
                                        43.4274285
                                    ],
                                    [
                                        -72.74806460000003,
                                        43.42050910000001
                                    ],
                                    [
                                        -72.7589651,
                                        43.406449499999994
                                    ],
                                    [
                                        -72.74969530000003,
                                        43.39276080000001
                                    ],
                                    [
                                        -72.7296968,
                                        43.387583899999996
                                    ],
                                    [
                                        -72.7130885,
                                        43.3982803
                                    ],
                                    [
                                        -72.71038490000002,
                                        43.4090683
                                    ],
                                    [
                                        -72.7109428,
                                        43.4191064
                                    ],
                                    [
                                        -72.716908,
                                        43.4270234
                                    ],
                                    [
                                        -72.72420360000004,
                                        43.42717920000001
                                    ],
                                    [
                                        -72.74308640000002,
                                        43.4274285
                                    ]
                                ]
                            ]
                        }
                    }
                ],
                "elevationProfile": {
                    "heights": [
                        712.4,
                        707.6,
                        701.4,
                        693.9,
                        684.6,
                        673.6,
                        665.1,
                        657.1,
                        649.5,
                        640.6,
                        630.1,
                        620,
                        611.7,
                        605.3,
                        600.8,
                        593,
                        586.3,
                        582,
                        577.3,
                        571.1,
                        565.9,
                        560.4,
                        553.7,
                        546.4,
                        540.2,
                        535.2,
                        531.6,
                        526.6,
                        521,
                        514.5,
                        509.3,
                        507.2
                    ],
                    "resolution": 25
                },
                "sources": [
                    {
                        "type": "openstreetmap",
                        "id": "way/257634253"
                    }
                ],
                "websites": [],
                "wikidataID": null,
                "places": [
                    {
                        "iso3166_2": "US-VT",
                        "localized": {
                            "en": {
                                "region": "Vermont",
                                "country": "United States",
                                "locality": "Ludlow"
                            }
                        },
                        "iso3166_1Alpha2": "US"
                    }
                ]
            },
            "geometry": {
                "type": "LineString",
                "coordinates": [
                    [
                        -72.7329658,
                        43.40796,
                        712.4
                    ],
                    [
                        -72.7289086,
                        43.4075786,
                        604.5
                    ],
                    [
                        -72.7235155,
                        43.4070107,
                        507.2
                    ]
                ]
            }
        },
        {
            "type": "Feature",
            "properties": {
                "type": "run",
                "id": "584cabe2cbcafcb74c70c58a4d4c148374f6277d",
                "uses": [
                    "downhill"
                ],
                "name": "Sel\u0027s Choice",
                "ref": null,
                "description": null,
                "difficulty": "advanced",
                "difficultyConvention": "north_america",
                "status": "operating",
                "oneway": true,
                "lit": false,
                "gladed": null,
                "patrolled": null,
                "grooming": "mogul",
                "skiAreas": [
                    {
                        "type": "Feature",
                        "properties": {
                            "id": "0f0d574cfdbd7b9a55296a94c4683b3e732a543b",
                            "name": "Okemo Mountain",
                            "activities": [
                                "downhill"
                            ],
                            "type": "skiArea",
                            "status": "operating"
                        },
                        "geometry": {
                            "type": "Polygon",
                            "coordinates": [
                                [
                                    [
                                        -72.74308640000002,
                                        43.4274285
                                    ],
                                    [
                                        -72.74806460000003,
                                        43.42050910000001
                                    ],
                                    [
                                        -72.7589651,
                                        43.406449499999994
                                    ],
                                    [
                                        -72.74969530000003,
                                        43.39276080000001
                                    ],
                                    [
                                        -72.7296968,
                                        43.387583899999996
                                    ],
                                    [
                                        -72.7130885,
                                        43.3982803
                                    ],
                                    [
                                        -72.71038490000002,
                                        43.4090683
                                    ],
                                    [
                                        -72.7109428,
                                        43.4191064
                                    ],
                                    [
                                        -72.716908,
                                        43.4270234
                                    ],
                                    [
                                        -72.72420360000004,
                                        43.42717920000001
                                    ],
                                    [
                                        -72.74308640000002,
                                        43.4274285
                                    ]
                                ]
                            ]
                        }
                    }
                ],
                "elevationProfile": {
                    "heights": [
                        714.9,
                        709.3,
                        701.5,
                        692.8,
                        685.1,
                        677.4,
                        666.8,
                        655.8,
                        647.8,
                        640.5,
                        631.1,
                        624,
                        616.6,
                        610,
                        605.3
                    ],
                    "resolution": 25
                },
                "sources": [
                    {
                        "type": "openstreetmap",
                        "id": "way/257634301"
                    }
                ],
                "websites": [],
                "wikidataID": null,
                "places": [
                    {
                        "iso3166_2": "US-VT",
                        "localized": {
                            "en": {
                                "region": "Vermont",
                                "country": "United States",
                                "locality": "Ludlow"
                            }
                        },
                        "iso3166_1Alpha2": "US"
                    }
                ]
            },
            "geometry": {
                "type": "LineString",
                "coordinates": [
                    [
                        -72.73274579999998,
                        43.408523,
                        714.9
                    ],
                    [
                        -72.7314838,
                        43.408680499999996,
                        684
                    ],
                    [
                        -72.73074340000002,
                        43.4086948,
                        660.8
                    ],
                    [
                        -72.7298352,
                        43.40857290000002,
                        635.1
                    ],
                    [
                        -72.7292448,
                        43.40837860000001,
                        619.7
                    ],
                    [
                        -72.7287642,
                        43.40802890000001,
                        605.3
                    ]
                ]
            }
        },
        {
            "type": "Feature",
            "properties": {
                "type": "run",
                "id": "2102841bbbad76c54cbaf91d4262481ca61e558e",
                "uses": [
                    "downhill"
                ],
                "name": "Rum Run",
                "ref": null,
                "description": null,
                "difficulty": "intermediate",
                "difficultyConvention": "north_america",
                "status": "operating",
                "oneway": true,
                "lit": false,
                "gladed": null,
                "patrolled": null,
                "grooming": "classic",
                "skiAreas": [
                    {
                        "type": "Feature",
                        "properties": {
                            "id": "0f0d574cfdbd7b9a55296a94c4683b3e732a543b",
                            "name": "Okemo Mountain",
                            "activities": [
                                "downhill"
                            ],
                            "type": "skiArea",
                            "status": "operating"
                        },
                        "geometry": {
                            "type": "Polygon",
                            "coordinates": [
                                [
                                    [
                                        -72.74308640000002,
                                        43.4274285
                                    ],
                                    [
                                        -72.74806460000003,
                                        43.42050910000001
                                    ],
                                    [
                                        -72.7589651,
                                        43.406449499999994
                                    ],
                                    [
                                        -72.74969530000003,
                                        43.39276080000001
                                    ],
                                    [
                                        -72.7296968,
                                        43.387583899999996
                                    ],
                                    [
                                        -72.7130885,
                                        43.3982803
                                    ],
                                    [
                                        -72.71038490000002,
                                        43.4090683
                                    ],
                                    [
                                        -72.7109428,
                                        43.4191064
                                    ],
                                    [
                                        -72.716908,
                                        43.4270234
                                    ],
                                    [
                                        -72.72420360000004,
                                        43.42717920000001
                                    ],
                                    [
                                        -72.74308640000002,
                                        43.4274285
                                    ]
                                ]
                            ]
                        }
                    }
                ],
                "elevationProfile": {
                    "heights": [
                        964.7,
                        962.1,
                        960.8,
                        958.9,
                        958.8,
                        957.8,
                        956.1,
                        953.4,
                        949.4,
                        943.5,
                        938.7,
                        936.9
                    ],
                    "resolution": 25
                },
                "sources": [
                    {
                        "type": "openstreetmap",
                        "id": "way/257634921"
                    }
                ],
                "websites": [],
                "wikidataID": null,
                "places": [
                    {
                        "iso3166_2": "US-VT",
                        "localized": {
                            "en": {
                                "region": "Vermont",
                                "country": "United States",
                                "locality": null
                            }
                        },
                        "iso3166_1Alpha2": "US"
                    }
                ]
            },
            "geometry": {
                "type": "LineString",
                "coordinates": [
                    [
                        -72.74565480000003,
                        43.4072792,
                        964.7
                    ],
                    [
                        -72.74568970000003,
                        43.407297199999995,
                        964.3
                    ],
                    [
                        -72.74582740000002,
                        43.4073855,
                        962.7
                    ],
                    [
                        -72.7459477,
                        43.40748539999999,
                        961.3
                    ],
                    [
                        -72.74605940000004,
                        43.40764139999999,
                        960.6
                    ],
                    [
                        -72.7461711,
                        43.407822499999995,
                        958.9
                    ],
                    [
                        -72.746386,
                        43.40794739999999,
                        958.9
                    ],
                    [
                        -72.74656640000003,
                        43.408066,
                        958.1
                    ],
                    [
                        -72.74673109999998,
                        43.4081605,
                        957.1
                    ],
                    [
                        -72.74722470000006,
                        43.4084007,
                        952.5
                    ],
                    [
                        -72.74757020000003,
                        43.40855850000001,
                        946.4
                    ],
                    [
                        -72.74769850000003,
                        43.4086804,
                        941.6
                    ],
                    [
                        -72.74779340000003,
                        43.4088174,
                        938.8
                    ],
                    [
                        -72.74783910000002,
                        43.408918200000016,
                        936.9
                    ]
                ]
            }
        },
        {
            "type": "Feature",
            "properties": {
                "type": "run",
                "id": "34a062cd324af815006ba5ffd5de5406aa39f2fa",
                "uses": [
                    "downhill"
                ],
                "name": "Easy Rider",
                "ref": null,
                "description": null,
                "difficulty": "easy",
                "difficultyConvention": "north_america",
                "status": "operating",
                "oneway": true,
                "lit": false,
                "gladed": null,
                "patrolled": null,
                "grooming": "classic",
                "skiAreas": [
                    {
                        "type": "Feature",
                        "properties": {
                            "id": "0f0d574cfdbd7b9a55296a94c4683b3e732a543b",
                            "name": "Okemo Mountain",
                            "activities": [
                                "downhill"
                            ],
                            "type": "skiArea",
                            "status": "operating"
                        },
                        "geometry": {
                            "type": "Polygon",
                            "coordinates": [
                                [
                                    [
                                        -72.74308640000002,
                                        43.4274285
                                    ],
                                    [
                                        -72.74806460000003,
                                        43.42050910000001
                                    ],
                                    [
                                        -72.7589651,
                                        43.406449499999994
                                    ],
                                    [
                                        -72.74969530000003,
                                        43.39276080000001
                                    ],
                                    [
                                        -72.7296968,
                                        43.387583899999996
                                    ],
                                    [
                                        -72.7130885,
                                        43.3982803
                                    ],
                                    [
                                        -72.71038490000002,
                                        43.4090683
                                    ],
                                    [
                                        -72.7109428,
                                        43.4191064
                                    ],
                                    [
                                        -72.716908,
                                        43.4270234
                                    ],
                                    [
                                        -72.72420360000004,
                                        43.42717920000001
                                    ],
                                    [
                                        -72.74308640000002,
                                        43.4274285
                                    ]
                                ]
                            ]
                        }
                    }
                ],
                "elevationProfile": {
                    "heights": [
                        936.8,
                        933.5,
                        933.3,
                        931.8,
                        929.7,
                        926.3,
                        921.6,
                        915.7,
                        910.4,
                        907.3,
                        903.1,
                        898.2,
                        893.6,
                        890.6,
                        887.7,
                        884.9,
                        882.2,
                        880.2,
                        877.6,
                        874.7,
                        871.7,
                        869,
                        865.5,
                        862.4,
                        859.8,
                        856.6,
                        852.2,
                        847.6,
                        843.1,
                        839,
                        835.9,
                        830.1,
                        824.7,
                        820.6,
                        815.6,
                        810.9,
                        805.7,
                        804.7
                    ],
                    "resolution": 25
                },
                "sources": [
                    {
                        "type": "openstreetmap",
                        "id": "way/257636409"
                    }
                ],
                "websites": [],
                "wikidataID": null,
                "places": [
                    {
                        "iso3166_2": "US-VT",
                        "localized": {
                            "en": {
                                "region": "Vermont",
                                "country": "United States",
                                "locality": null
                            }
                        },
                        "iso3166_1Alpha2": "US"
                    }
                ]
            },
            "geometry": {
                "type": "LineString",
                "coordinates": [
                    [
                        -72.74431680000002,
                        43.4082652,
                        936.8
                    ],
                    [
                        -72.74441540000004,
                        43.4083815,
                        934.1
                    ],
                    [
                        -72.7448322,
                        43.40851400000001,
                        933.2
                    ],
                    [
                        -72.74540540000002,
                        43.40871270000002,
                        929.7
                    ],
                    [
                        -72.7458352,
                        43.409025,
                        920.9
                    ],
                    [
                        -72.74591070000002,
                        43.409087899999996,
                        918.8
                    ],
                    [
                        -72.74636930000003,
                        43.4094698,
                        907.9
                    ],
                    [
                        -72.7467991,
                        43.4100281,
                        895.4
                    ],
                    [
                        -72.74691640000003,
                        43.4105201,
                        888.2
                    ],
                    [
                        -72.7468776,
                        43.4108398,
                        884.2
                    ],
                    [
                        -72.7469823,
                        43.4113289,
                        879.2
                    ],
                    [
                        -72.74711700000003,
                        43.41235610000001,
                        865.5
                    ],
                    [
                        -72.74701970000004,
                        43.41270390000001,
                        860.7
                    ],
                    [
                        -72.74659330000003,
                        43.4134104,
                        847.4
                    ],
                    [
                        -72.74608450000002,
                        43.41402449999998,
                        834.7
                    ],
                    [
                        -72.74602340000006,
                        43.41413520000001,
                        831.6
                    ],
                    [
                        -72.7459706,
                        43.41427699999999,
                        827.9
                    ],
                    [
                        -72.7459268,
                        43.414600199999995,
                        821.3
                    ],
                    [
                        -72.7458069,
                        43.4151374,
                        809.3
                    ],
                    [
                        -72.74572500000002,
                        43.4152068,
                        807.5
                    ],
                    [
                        -72.7454068,
                        43.415284799999995,
                        804.7
                    ]
                ]
            }
        },
        {
            "type": "Feature",
            "properties": {
                "type": "run",
                "id": "6f00d6e11bf593aa0f01c85afbcd020bc7feec57",
                "uses": [
                    "downhill"
                ],
                "name": "Roundhouse Run",
                "ref": null,
                "description": null,
                "difficulty": "easy",
                "difficultyConvention": "north_america",
                "status": "operating",
                "oneway": true,
                "lit": false,
                "gladed": null,
                "patrolled": null,
                "grooming": "classic",
                "skiAreas": [
                    {
                        "type": "Feature",
                        "properties": {
                            "id": "0f0d574cfdbd7b9a55296a94c4683b3e732a543b",
                            "name": "Okemo Mountain",
                            "activities": [
                                "downhill"
                            ],
                            "type": "skiArea",
                            "status": "operating"
                        },
                        "geometry": {
                            "type": "Polygon",
                            "coordinates": [
                                [
                                    [
                                        -72.74308640000002,
                                        43.4274285
                                    ],
                                    [
                                        -72.74806460000003,
                                        43.42050910000001
                                    ],
                                    [
                                        -72.7589651,
                                        43.406449499999994
                                    ],
                                    [
                                        -72.74969530000003,
                                        43.39276080000001
                                    ],
                                    [
                                        -72.7296968,
                                        43.387583899999996
                                    ],
                                    [
                                        -72.7130885,
                                        43.3982803
                                    ],
                                    [
                                        -72.71038490000002,
                                        43.4090683
                                    ],
                                    [
                                        -72.7109428,
                                        43.4191064
                                    ],
                                    [
                                        -72.716908,
                                        43.4270234
                                    ],
                                    [
                                        -72.72420360000004,
                                        43.42717920000001
                                    ],
                                    [
                                        -72.74308640000002,
                                        43.4274285
                                    ]
                                ]
                            ]
                        }
                    }
                ],
                "elevationProfile": {
                    "heights": [
                        829.6,
                        827,
                        823.7,
                        820.1,
                        816.6,
                        812.8,
                        808.3,
                        804.7,
                        800.8,
                        796.8,
                        793.9,
                        790.3,
                        785,
                        779.9,
                        774.8,
                        771.1,
                        768.2,
                        765.5,
                        763.1,
                        762.8
                    ],
                    "resolution": 25
                },
                "sources": [
                    {
                        "type": "openstreetmap",
                        "id": "way/257641244"
                    }
                ],
                "websites": [],
                "wikidataID": null,
                "places": [
                    {
                        "iso3166_2": "US-VT",
                        "localized": {
                            "en": {
                                "region": "Vermont",
                                "country": "United States",
                                "locality": "Ludlow"
                            }
                        },
                        "iso3166_1Alpha2": "US"
                    },
                    {
                        "iso3166_2": "US-VT",
                        "localized": {
                            "en": {
                                "region": "Vermont",
                                "country": "United States",
                                "locality": null
                            }
                        },
                        "iso3166_1Alpha2": "US"
                    }
                ]
            },
            "geometry": {
                "type": "LineString",
                "coordinates": [
                    [
                        -72.74060950000003,
                        43.4123624,
                        829.6
                    ],
                    [
                        -72.74072690000003,
                        43.4126201,
                        826.2
                    ],
                    [
                        -72.74082550000003,
                        43.412861799999995,
                        822.8
                    ],
                    [
                        -72.7407885,
                        43.41317520000001,
                        817.6
                    ],
                    [
                        -72.74064060000003,
                        43.4133632,
                        814.2
                    ],
                    [
                        -72.7404558,
                        43.4137205,
                        806.5
                    ],
                    [
                        -72.74034960000003,
                        43.414085599999986,
                        800.5
                    ],
                    [
                        -72.74029300000004,
                        43.4145381,
                        793.7
                    ],
                    [
                        -72.74027170000002,
                        43.4150317,
                        783.6
                    ],
                    [
                        -72.7403283,
                        43.4153248,
                        776.8
                    ],
                    [
                        -72.7403425,
                        43.4155767,
                        772.2
                    ],
                    [
                        -72.7403071,
                        43.4158286,
                        768.5
                    ],
                    [
                        -72.7403972,
                        43.41636439999999,
                        762.8
                    ]
                ]
            }
        },
        {
            "type": "Feature",
            "properties": {
                "type": "run",
                "id": "ec45893d43e22097c9af106dd6dab482befd93a7",
                "uses": [
                    "downhill"
                ],
                "name": "Coleman Brook",
                "ref": null,
                "description": null,
                "difficulty": "easy",
                "difficultyConvention": "north_america",
                "status": "operating",
                "oneway": true,
                "lit": false,
                "gladed": null,
                "patrolled": null,
                "grooming": "classic",
                "skiAreas": [
                    {
                        "type": "Feature",
                        "properties": {
                            "id": "0f0d574cfdbd7b9a55296a94c4683b3e732a543b",
                            "name": "Okemo Mountain",
                            "activities": [
                                "downhill"
                            ],
                            "type": "skiArea",
                            "status": "operating"
                        },
                        "geometry": {
                            "type": "Polygon",
                            "coordinates": [
                                [
                                    [
                                        -72.74308640000002,
                                        43.4274285
                                    ],
                                    [
                                        -72.74806460000003,
                                        43.42050910000001
                                    ],
                                    [
                                        -72.7589651,
                                        43.406449499999994
                                    ],
                                    [
                                        -72.74969530000003,
                                        43.39276080000001
                                    ],
                                    [
                                        -72.7296968,
                                        43.387583899999996
                                    ],
                                    [
                                        -72.7130885,
                                        43.3982803
                                    ],
                                    [
                                        -72.71038490000002,
                                        43.4090683
                                    ],
                                    [
                                        -72.7109428,
                                        43.4191064
                                    ],
                                    [
                                        -72.716908,
                                        43.4270234
                                    ],
                                    [
                                        -72.72420360000004,
                                        43.42717920000001
                                    ],
                                    [
                                        -72.74308640000002,
                                        43.4274285
                                    ]
                                ]
                            ]
                        }
                    }
                ],
                "elevationProfile": {
                    "heights": [
                        829.6,
                        826.6,
                        822.5,
                        817.2,
                        811.4,
                        805.8,
                        801.3,
                        796.4,
                        791,
                        786.9,
                        781.1,
                        774.6,
                        767.9,
                        761.5,
                        754.3,
                        748.8,
                        741.6,
                        733.6,
                        728.2,
                        724.7,
                        720.6,
                        715.1,
                        714.4
                    ],
                    "resolution": 25
                },
                "sources": [
                    {
                        "type": "openstreetmap",
                        "id": "way/257641385"
                    }
                ],
                "websites": [],
                "wikidataID": null,
                "places": [
                    {
                        "iso3166_2": "US-VT",
                        "localized": {
                            "en": {
                                "region": "Vermont",
                                "country": "United States",
                                "locality": "Ludlow"
                            }
                        },
                        "iso3166_1Alpha2": "US"
                    },
                    {
                        "iso3166_2": "US-VT",
                        "localized": {
                            "en": {
                                "region": "Vermont",
                                "country": "United States",
                                "locality": null
                            }
                        },
                        "iso3166_1Alpha2": "US"
                    }
                ]
            },
            "geometry": {
                "type": "LineString",
                "coordinates": [
                    [
                        -72.74060950000003,
                        43.4123624,
                        829.6
                    ],
                    [
                        -72.74049090000003,
                        43.4124332,
                        828.5
                    ],
                    [
                        -72.73995320000003,
                        43.4133092,
                        807.2
                    ],
                    [
                        -72.73946480000002,
                        43.4139519,
                        790.8
                    ],
                    [
                        -72.738849,
                        43.4144558,
                        774.5
                    ],
                    [
                        -72.7381765,
                        43.414784899999994,
                        756.6
                    ],
                    [
                        -72.73746160000003,
                        43.414980299999996,
                        740.7
                    ],
                    [
                        -72.73666170000003,
                        43.4150985,
                        725.4
                    ],
                    [
                        -72.7359401,
                        43.4151007,
                        714.4
                    ]
                ]
            }
        },
        {
            "type": "Feature",
            "properties": {
                "type": "run",
                "id": "c86d26b15f00b4e907f9465f270f1937d19bba1b",
                "uses": [
                    "downhill"
                ],
                "name": "Sweet Solitude",
                "ref": null,
                "description": null,
                "difficulty": "easy",
                "difficultyConvention": "north_america",
                "status": "operating",
                "oneway": true,
                "lit": false,
                "gladed": null,
                "patrolled": null,
                "grooming": "classic",
                "skiAreas": [
                    {
                        "type": "Feature",
                        "properties": {
                            "id": "0f0d574cfdbd7b9a55296a94c4683b3e732a543b",
                            "name": "Okemo Mountain",
                            "activities": [
                                "downhill"
                            ],
                            "type": "skiArea",
                            "status": "operating"
                        },
                        "geometry": {
                            "type": "Polygon",
                            "coordinates": [
                                [
                                    [
                                        -72.74308640000002,
                                        43.4274285
                                    ],
                                    [
                                        -72.74806460000003,
                                        43.42050910000001
                                    ],
                                    [
                                        -72.7589651,
                                        43.406449499999994
                                    ],
                                    [
                                        -72.74969530000003,
                                        43.39276080000001
                                    ],
                                    [
                                        -72.7296968,
                                        43.387583899999996
                                    ],
                                    [
                                        -72.7130885,
                                        43.3982803
                                    ],
                                    [
                                        -72.71038490000002,
                                        43.4090683
                                    ],
                                    [
                                        -72.7109428,
                                        43.4191064
                                    ],
                                    [
                                        -72.716908,
                                        43.4270234
                                    ],
                                    [
                                        -72.72420360000004,
                                        43.42717920000001
                                    ],
                                    [
                                        -72.74308640000002,
                                        43.4274285
                                    ]
                                ]
                            ]
                        }
                    }
                ],
                "elevationProfile": {
                    "heights": [
                        936.8,
                        930.7,
                        925,
                        919,
                        912.4,
                        906.7,
                        899.6,
                        893.1,
                        885.6,
                        879.5,
                        873.8,
                        869.6,
                        865.3,
                        861.1,
                        856,
                        851.4,
                        847.4,
                        845.6,
                        843.5,
                        841,
                        839,
                        836.8,
                        833.5,
                        830.3,
                        829.6
                    ],
                    "resolution": 25
                },
                "sources": [
                    {
                        "type": "openstreetmap",
                        "id": "way/257641497"
                    }
                ],
                "websites": [],
                "wikidataID": null,
                "places": [
                    {
                        "iso3166_2": "US-VT",
                        "localized": {
                            "en": {
                                "region": "Vermont",
                                "country": "United States",
                                "locality": null
                            }
                        },
                        "iso3166_1Alpha2": "US"
                    }
                ]
            },
            "geometry": {
                "type": "LineString",
                "coordinates": [
                    [
                        -72.74431680000002,
                        43.4082652,
                        936.8
                    ],
                    [
                        -72.74406600000003,
                        43.4091565,
                        912.1
                    ],
                    [
                        -72.7438023,
                        43.4098763,
                        890.3
                    ],
                    [
                        -72.74366910000003,
                        43.4102399,
                        879.2
                    ],
                    [
                        -72.7428859,
                        43.4113154,
                        853.5
                    ],
                    [
                        -72.7425211,
                        43.411635,
                        846.4
                    ],
                    [
                        -72.74060950000003,
                        43.4123624,
                        829.6
                    ]
                ]
            }
        },
        {
            "type": "Feature",
            "properties": {
                "type": "run",
                "id": "fa15d649494b60fc4c644132efb4d2c74a821c24",
                "uses": [
                    "downhill"
                ],
                "name": "Upper Tomahawk",
                "ref": null,
                "description": null,
                "difficulty": "intermediate",
                "difficultyConvention": "north_america",
                "status": "operating",
                "oneway": true,
                "lit": false,
                "gladed": null,
                "patrolled": null,
                "grooming": "classic",
                "skiAreas": [
                    {
                        "type": "Feature",
                        "properties": {
                            "id": "0f0d574cfdbd7b9a55296a94c4683b3e732a543b",
                            "name": "Okemo Mountain",
                            "activities": [
                                "downhill"
                            ],
                            "type": "skiArea",
                            "status": "operating"
                        },
                        "geometry": {
                            "type": "Polygon",
                            "coordinates": [
                                [
                                    [
                                        -72.74308640000002,
                                        43.4274285
                                    ],
                                    [
                                        -72.74806460000003,
                                        43.42050910000001
                                    ],
                                    [
                                        -72.7589651,
                                        43.406449499999994
                                    ],
                                    [
                                        -72.74969530000003,
                                        43.39276080000001
                                    ],
                                    [
                                        -72.7296968,
                                        43.387583899999996
                                    ],
                                    [
                                        -72.7130885,
                                        43.3982803
                                    ],
                                    [
                                        -72.71038490000002,
                                        43.4090683
                                    ],
                                    [
                                        -72.7109428,
                                        43.4191064
                                    ],
                                    [
                                        -72.716908,
                                        43.4270234
                                    ],
                                    [
                                        -72.72420360000004,
                                        43.42717920000001
                                    ],
                                    [
                                        -72.74308640000002,
                                        43.4274285
                                    ]
                                ]
                            ]
                        }
                    }
                ],
                "elevationProfile": {
                    "heights": [
                        916.6,
                        911.9,
                        906.4,
                        901.5,
                        894.7,
                        888.1,
                        882.1,
                        876,
                        869.9,
                        863.8,
                        856.6,
                        847.8,
                        839.8,
                        835,
                        831.4,
                        828.7,
                        826.2,
                        822.4,
                        822
                    ],
                    "resolution": 25
                },
                "sources": [
                    {
                        "type": "openstreetmap",
                        "id": "way/257641792"
                    }
                ],
                "websites": [],
                "wikidataID": null,
                "places": [
                    {
                        "iso3166_2": "US-VT",
                        "localized": {
                            "en": {
                                "region": "Vermont",
                                "country": "United States",
                                "locality": "Ludlow"
                            }
                        },
                        "iso3166_1Alpha2": "US"
                    },
                    {
                        "iso3166_2": "US-VT",
                        "localized": {
                            "en": {
                                "region": "Vermont",
                                "country": "United States",
                                "locality": null
                            }
                        },
                        "iso3166_1Alpha2": "US"
                    }
                ]
            },
            "geometry": {
                "type": "LineString",
                "coordinates": [
                    [
                        -72.74312690000004,
                        43.4084651,
                        916.6
                    ],
                    [
                        -72.7431971,
                        43.40876820000001,
                        910.1
                    ],
                    [
                        -72.7431358,
                        43.4090712,
                        903.3
                    ],
                    [
                        -72.742538,
                        43.4094037,
                        887.1
                    ],
                    [
                        -72.74152930000004,
                        43.409627599999986,
                        866.1
                    ],
                    [
                        -72.74086620000003,
                        43.409804,
                        849.4
                    ],
                    [
                        -72.74021250000003,
                        43.410229499999986,
                        832.6
                    ],
                    [
                        -72.73991350000003,
                        43.4103739,
                        829.1
                    ],
                    [
                        -72.7393175,
                        43.410616,
                        822
                    ]
                ]
            }
        },
        {
            "type": "Feature",
            "properties": {
                "type": "run",
                "id": "e26b40daed2470cb9f93381e037228e1adc08714",
                "uses": [
                    "downhill"
                ],
                "name": "Lower Tomahawk",
                "ref": null,
                "description": null,
                "difficulty": "intermediate",
                "difficultyConvention": "north_america",
                "status": "operating",
                "oneway": true,
                "lit": false,
                "gladed": null,
                "patrolled": null,
                "grooming": "classic",
                "skiAreas": [
                    {
                        "type": "Feature",
                        "properties": {
                            "id": "0f0d574cfdbd7b9a55296a94c4683b3e732a543b",
                            "name": "Okemo Mountain",
                            "activities": [
                                "downhill"
                            ],
                            "type": "skiArea",
                            "status": "operating"
                        },
                        "geometry": {
                            "type": "Polygon",
                            "coordinates": [
                                [
                                    [
                                        -72.74308640000002,
                                        43.4274285
                                    ],
                                    [
                                        -72.74806460000003,
                                        43.42050910000001
                                    ],
                                    [
                                        -72.7589651,
                                        43.406449499999994
                                    ],
                                    [
                                        -72.74969530000003,
                                        43.39276080000001
                                    ],
                                    [
                                        -72.7296968,
                                        43.387583899999996
                                    ],
                                    [
                                        -72.7130885,
                                        43.3982803
                                    ],
                                    [
                                        -72.71038490000002,
                                        43.4090683
                                    ],
                                    [
                                        -72.7109428,
                                        43.4191064
                                    ],
                                    [
                                        -72.716908,
                                        43.4270234
                                    ],
                                    [
                                        -72.72420360000004,
                                        43.42717920000001
                                    ],
                                    [
                                        -72.74308640000002,
                                        43.4274285
                                    ]
                                ]
                            ]
                        }
                    }
                ],
                "elevationProfile": {
                    "heights": [
                        822,
                        817,
                        814.3,
                        811.1,
                        807.6,
                        804.3,
                        798.3,
                        790.5,
                        783,
                        775.9,
                        770.1,
                        763.3,
                        757.8,
                        752.3,
                        747,
                        741.2,
                        735.5,
                        728.6,
                        720.9,
                        714.8,
                        709.1,
                        703.8,
                        697.7,
                        692,
                        686.4,
                        678.6,
                        671.5,
                        666,
                        663.6
                    ],
                    "resolution": 25
                },
                "sources": [
                    {
                        "type": "openstreetmap",
                        "id": "way/257641877"
                    }
                ],
                "websites": [],
                "wikidataID": null,
                "places": [
                    {
                        "iso3166_2": "US-VT",
                        "localized": {
                            "en": {
                                "region": "Vermont",
                                "country": "United States",
                                "locality": "Ludlow"
                            }
                        },
                        "iso3166_1Alpha2": "US"
                    }
                ]
            },
            "geometry": {
                "type": "LineString",
                "coordinates": [
                    [
                        -72.7393175,
                        43.410616,
                        822
                    ],
                    [
                        -72.7389013,
                        43.4106222,
                        816
                    ],
                    [
                        -72.7384658,
                        43.4107539,
                        811.5
                    ],
                    [
                        -72.73826970000003,
                        43.4109167,
                        808.1
                    ],
                    [
                        -72.7380455,
                        43.41116099999999,
                        803.7
                    ],
                    [
                        -72.73756920000004,
                        43.411289899999986,
                        792.1
                    ],
                    [
                        -72.736906,
                        43.41131030000001,
                        776.6
                    ],
                    [
                        -72.7363176,
                        43.411256,
                        764.6
                    ],
                    [
                        -72.73581320000002,
                        43.4113238,
                        754.9
                    ],
                    [
                        -72.73530889999996,
                        43.4114392,
                        746
                    ],
                    [
                        -72.73487920000002,
                        43.411663099999984,
                        736.1
                    ],
                    [
                        -72.73458400000003,
                        43.4117503,
                        728.9
                    ],
                    [
                        -72.73432820000002,
                        43.4118259,
                        721.9
                    ],
                    [
                        -72.73377709999997,
                        43.411927699999985,
                        710.6
                    ],
                    [
                        -72.7333755,
                        43.411907299999996,
                        703.8
                    ],
                    [
                        -72.7329365,
                        43.411839499999985,
                        694.9
                    ],
                    [
                        -72.73222670000003,
                        43.41164949999998,
                        679.5
                    ],
                    [
                        -72.7318021,
                        43.4115143,
                        669.5
                    ],
                    [
                        -72.73143879999998,
                        43.4115177,
                        663.6
                    ]
                ]
            }
        },
        {
            "type": "Feature",
            "properties": {
                "type": "run",
                "id": "bae4cb68b4841e357749d6cf6aba4d65183495c0",
                "uses": [
                    "downhill"
                ],
                "name": "Express Lane",
                "ref": null,
                "description": null,
                "difficulty": "intermediate",
                "difficultyConvention": "north_america",
                "status": "operating",
                "oneway": true,
                "lit": false,
                "gladed": null,
                "patrolled": null,
                "grooming": "classic",
                "skiAreas": [
                    {
                        "type": "Feature",
                        "properties": {
                            "id": "0f0d574cfdbd7b9a55296a94c4683b3e732a543b",
                            "name": "Okemo Mountain",
                            "activities": [
                                "downhill"
                            ],
                            "type": "skiArea",
                            "status": "operating"
                        },
                        "geometry": {
                            "type": "Polygon",
                            "coordinates": [
                                [
                                    [
                                        -72.74308640000002,
                                        43.4274285
                                    ],
                                    [
                                        -72.74806460000003,
                                        43.42050910000001
                                    ],
                                    [
                                        -72.7589651,
                                        43.406449499999994
                                    ],
                                    [
                                        -72.74969530000003,
                                        43.39276080000001
                                    ],
                                    [
                                        -72.7296968,
                                        43.387583899999996
                                    ],
                                    [
                                        -72.7130885,
                                        43.3982803
                                    ],
                                    [
                                        -72.71038490000002,
                                        43.4090683
                                    ],
                                    [
                                        -72.7109428,
                                        43.4191064
                                    ],
                                    [
                                        -72.716908,
                                        43.4270234
                                    ],
                                    [
                                        -72.72420360000004,
                                        43.42717920000001
                                    ],
                                    [
                                        -72.74308640000002,
                                        43.4274285
                                    ]
                                ]
                            ]
                        }
                    }
                ],
                "elevationProfile": {
                    "heights": [
                        839,
                        835.3,
                        831.7,
                        829.9,
                        827.2,
                        825.8,
                        824,
                        823.4,
                        819.9,
                        817.4,
                        815.2,
                        815
                    ],
                    "resolution": 25
                },
                "sources": [
                    {
                        "type": "openstreetmap",
                        "id": "way/257643580"
                    }
                ],
                "websites": [],
                "wikidataID": null,
                "places": [
                    {
                        "iso3166_2": "US-VT",
                        "localized": {
                            "en": {
                                "region": "Vermont",
                                "country": "United States",
                                "locality": "Ludlow"
                            }
                        },
                        "iso3166_1Alpha2": "US"
                    },
                    {
                        "iso3166_2": "US-VT",
                        "localized": {
                            "en": {
                                "region": "Vermont",
                                "country": "United States",
                                "locality": null
                            }
                        },
                        "iso3166_1Alpha2": "US"
                    }
                ]
            },
            "geometry": {
                "type": "LineString",
                "coordinates": [
                    [
                        -72.74095200000002,
                        43.4117335,
                        839
                    ],
                    [
                        -72.74061930000003,
                        43.411639499999986,
                        834.5
                    ],
                    [
                        -72.74028650000002,
                        43.4113933,
                        830
                    ],
                    [
                        -72.740077,
                        43.411160599999995,
                        827.3
                    ],
                    [
                        -72.74001120000003,
                        43.4110556,
                        826.8
                    ],
                    [
                        -72.73990500000002,
                        43.410960499999995,
                        825.8
                    ],
                    [
                        -72.739682,
                        43.410826799999995,
                        824
                    ],
                    [
                        -72.7393175,
                        43.410616,
                        822
                    ],
                    [
                        -72.7386908,
                        43.410201199999996,
                        815
                    ]
                ]
            }
        },
        {
            "type": "Feature",
            "properties": {
                "type": "run",
                "id": "d579463d868299706c4f40b032d7a64a953ea74f",
                "uses": [
                    "downhill"
                ],
                "name": "Route 103",
                "ref": null,
                "description": null,
                "difficulty": "intermediate",
                "difficultyConvention": "north_america",
                "status": "operating",
                "oneway": true,
                "lit": false,
                "gladed": null,
                "patrolled": null,
                "grooming": "classic",
                "skiAreas": [
                    {
                        "type": "Feature",
                        "properties": {
                            "id": "0f0d574cfdbd7b9a55296a94c4683b3e732a543b",
                            "name": "Okemo Mountain",
                            "activities": [
                                "downhill"
                            ],
                            "type": "skiArea",
                            "status": "operating"
                        },
                        "geometry": {
                            "type": "Polygon",
                            "coordinates": [
                                [
                                    [
                                        -72.74308640000002,
                                        43.4274285
                                    ],
                                    [
                                        -72.74806460000003,
                                        43.42050910000001
                                    ],
                                    [
                                        -72.7589651,
                                        43.406449499999994
                                    ],
                                    [
                                        -72.74969530000003,
                                        43.39276080000001
                                    ],
                                    [
                                        -72.7296968,
                                        43.387583899999996
                                    ],
                                    [
                                        -72.7130885,
                                        43.3982803
                                    ],
                                    [
                                        -72.71038490000002,
                                        43.4090683
                                    ],
                                    [
                                        -72.7109428,
                                        43.4191064
                                    ],
                                    [
                                        -72.716908,
                                        43.4270234
                                    ],
                                    [
                                        -72.72420360000004,
                                        43.42717920000001
                                    ],
                                    [
                                        -72.74308640000002,
                                        43.4274285
                                    ]
                                ]
                            ]
                        }
                    }
                ],
                "elevationProfile": {
                    "heights": [
                        815,
                        813.5,
                        813.1,
                        811.2,
                        806.9,
                        802.9,
                        801.9
                    ],
                    "resolution": 25
                },
                "sources": [
                    {
                        "type": "openstreetmap",
                        "id": "way/257643593"
                    }
                ],
                "websites": [],
                "wikidataID": null,
                "places": [
                    {
                        "iso3166_2": "US-VT",
                        "localized": {
                            "en": {
                                "region": "Vermont",
                                "country": "United States",
                                "locality": "Ludlow"
                            }
                        },
                        "iso3166_1Alpha2": "US"
                    }
                ]
            },
            "geometry": {
                "type": "LineString",
                "coordinates": [
                    [
                        -72.7386908,
                        43.410201199999996,
                        815
                    ],
                    [
                        -72.7384548,
                        43.4100339,
                        813.5
                    ],
                    [
                        -72.7383548,
                        43.40996290000001,
                        813.8
                    ],
                    [
                        -72.73812480000002,
                        43.4098112,
                        812.5
                    ],
                    [
                        -72.7379408,
                        43.40955930000001,
                        807.8
                    ],
                    [
                        -72.73772920000003,
                        43.4092547,
                        801.9
                    ]
                ]
            }
        },
        {
            "type": "Feature",
            "properties": {
                "type": "run",
                "id": "bfe8b30054a17215f86082e6e258b7a5eefafffb",
                "uses": [
                    "downhill"
                ],
                "name": "Cutter\u0027s Folly",
                "ref": null,
                "description": null,
                "difficulty": "intermediate",
                "difficultyConvention": "north_america",
                "status": "operating",
                "oneway": true,
                "lit": false,
                "gladed": null,
                "patrolled": null,
                "grooming": "classic",
                "skiAreas": [
                    {
                        "type": "Feature",
                        "properties": {
                            "id": "0f0d574cfdbd7b9a55296a94c4683b3e732a543b",
                            "name": "Okemo Mountain",
                            "activities": [
                                "downhill"
                            ],
                            "type": "skiArea",
                            "status": "operating"
                        },
                        "geometry": {
                            "type": "Polygon",
                            "coordinates": [
                                [
                                    [
                                        -72.74308640000002,
                                        43.4274285
                                    ],
                                    [
                                        -72.74806460000003,
                                        43.42050910000001
                                    ],
                                    [
                                        -72.7589651,
                                        43.406449499999994
                                    ],
                                    [
                                        -72.74969530000003,
                                        43.39276080000001
                                    ],
                                    [
                                        -72.7296968,
                                        43.387583899999996
                                    ],
                                    [
                                        -72.7130885,
                                        43.3982803
                                    ],
                                    [
                                        -72.71038490000002,
                                        43.4090683
                                    ],
                                    [
                                        -72.7109428,
                                        43.4191064
                                    ],
                                    [
                                        -72.716908,
                                        43.4270234
                                    ],
                                    [
                                        -72.72420360000004,
                                        43.42717920000001
                                    ],
                                    [
                                        -72.74308640000002,
                                        43.4274285
                                    ]
                                ]
                            ]
                        }
                    }
                ],
                "elevationProfile": {
                    "heights": [
                        836.4,
                        829.6,
                        826.6,
                        826.5,
                        825.1,
                        819.5,
                        814.2,
                        813.5
                    ],
                    "resolution": 25
                },
                "sources": [
                    {
                        "type": "openstreetmap",
                        "id": "way/257643791"
                    }
                ],
                "websites": [],
                "wikidataID": null,
                "places": [
                    {
                        "iso3166_2": "US-VT",
                        "localized": {
                            "en": {
                                "region": "Vermont",
                                "country": "United States",
                                "locality": "Ludlow"
                            }
                        },
                        "iso3166_1Alpha2": "US"
                    }
                ]
            },
            "geometry": {
                "type": "LineString",
                "coordinates": [
                    [
                        -72.739362,
                        43.4088504,
                        836.4
                    ],
                    [
                        -72.73915470000003,
                        43.4090913,
                        828.5
                    ],
                    [
                        -72.73906620000002,
                        43.4091685,
                        826.6
                    ],
                    [
                        -72.73901310000002,
                        43.40925590000001,
                        826.7
                    ],
                    [
                        -72.73900960000003,
                        43.40938439999999,
                        826.9
                    ],
                    [
                        -72.73894940000002,
                        43.4095516,
                        826
                    ],
                    [
                        -72.738868,
                        43.4096493,
                        825.1
                    ],
                    [
                        -72.7387406,
                        43.4097367,
                        822.9
                    ],
                    [
                        -72.73865570000002,
                        43.4098138,
                        819.8
                    ],
                    [
                        -72.7384548,
                        43.4100339,
                        813.5
                    ]
                ]
            }
        },
        {
            "type": "Feature",
            "properties": {
                "type": "run",
                "id": "5f82c82c02f630c45998267fbc3d252322105c0f",
                "uses": [
                    "downhill"
                ],
                "name": "Heaven\u0027s Gate",
                "ref": null,
                "description": null,
                "difficulty": "intermediate",
                "difficultyConvention": "north_america",
                "status": "operating",
                "oneway": true,
                "lit": false,
                "gladed": null,
                "patrolled": null,
                "grooming": "classic",
                "skiAreas": [
                    {
                        "type": "Feature",
                        "properties": {
                            "id": "0f0d574cfdbd7b9a55296a94c4683b3e732a543b",
                            "name": "Okemo Mountain",
                            "activities": [
                                "downhill"
                            ],
                            "type": "skiArea",
                            "status": "operating"
                        },
                        "geometry": {
                            "type": "Polygon",
                            "coordinates": [
                                [
                                    [
                                        -72.74308640000002,
                                        43.4274285
                                    ],
                                    [
                                        -72.74806460000003,
                                        43.42050910000001
                                    ],
                                    [
                                        -72.7589651,
                                        43.406449499999994
                                    ],
                                    [
                                        -72.74969530000003,
                                        43.39276080000001
                                    ],
                                    [
                                        -72.7296968,
                                        43.387583899999996
                                    ],
                                    [
                                        -72.7130885,
                                        43.3982803
                                    ],
                                    [
                                        -72.71038490000002,
                                        43.4090683
                                    ],
                                    [
                                        -72.7109428,
                                        43.4191064
                                    ],
                                    [
                                        -72.716908,
                                        43.4270234
                                    ],
                                    [
                                        -72.72420360000004,
                                        43.42717920000001
                                    ],
                                    [
                                        -72.74308640000002,
                                        43.4274285
                                    ]
                                ]
                            ]
                        }
                    }
                ],
                "elevationProfile": {
                    "heights": [
                        830,
                        827.2,
                        823.5,
                        820.2,
                        813.9,
                        807.5,
                        800.9,
                        794.9,
                        788.3,
                        781.4,
                        775.9,
                        770.6,
                        764.3,
                        756.8,
                        750.2,
                        744.3,
                        738.8,
                        734,
                        729.2,
                        721.5,
                        713.6,
                        707.8,
                        703,
                        697.1,
                        692.1,
                        686.2,
                        679.2,
                        671.8,
                        666.8,
                        660.3,
                        652.7,
                        652.3
                    ],
                    "resolution": 25
                },
                "sources": [
                    {
                        "type": "openstreetmap",
                        "id": "way/257643993"
                    }
                ],
                "websites": [],
                "wikidataID": null,
                "places": [
                    {
                        "iso3166_2": "US-VT",
                        "localized": {
                            "en": {
                                "region": "Vermont",
                                "country": "United States",
                                "locality": "Ludlow"
                            }
                        },
                        "iso3166_1Alpha2": "US"
                    }
                ]
            },
            "geometry": {
                "type": "LineString",
                "coordinates": [
                    [
                        -72.74028650000002,
                        43.4113933,
                        830
                    ],
                    [
                        -72.7400988,
                        43.4114253,
                        828.7
                    ],
                    [
                        -72.7395011,
                        43.4114119,
                        822.2
                    ],
                    [
                        -72.7391314,
                        43.41147899999999,
                        815.5
                    ],
                    [
                        -72.7386261,
                        43.4117028,
                        802.6
                    ],
                    [
                        -72.73795440000004,
                        43.411823699999985,
                        788.8
                    ],
                    [
                        -72.7372581,
                        43.411958,
                        774.6
                    ],
                    [
                        -72.73640160000002,
                        43.4120117,
                        756.6
                    ],
                    [
                        -72.73574219999996,
                        43.41211470000001,
                        743.1
                    ],
                    [
                        -72.7350213,
                        43.41235190000001,
                        730.5
                    ],
                    [
                        -72.734177,
                        43.4125578,
                        709.6
                    ],
                    [
                        -72.73365940000004,
                        43.4126608,
                        700.8
                    ],
                    [
                        -72.7327967,
                        43.4127772,
                        684.9
                    ],
                    [
                        -72.73190060000003,
                        43.4129749,
                        665.3
                    ],
                    [
                        -72.7313473,
                        43.4130549,
                        652.3
                    ]
                ]
            }
        },
        {
            "type": "Feature",
            "properties": {
                "type": "run",
                "id": "644225d7105d872f677711ef97a2e9f5454fc0f3",
                "uses": [
                    "downhill"
                ],
                "name": "Ridge Runner",
                "ref": null,
                "description": null,
                "difficulty": "easy",
                "difficultyConvention": "north_america",
                "status": "operating",
                "oneway": true,
                "lit": false,
                "gladed": null,
                "patrolled": null,
                "grooming": "classic",
                "skiAreas": [
                    {
                        "type": "Feature",
                        "properties": {
                            "id": "0f0d574cfdbd7b9a55296a94c4683b3e732a543b",
                            "name": "Okemo Mountain",
                            "activities": [
                                "downhill"
                            ],
                            "type": "skiArea",
                            "status": "operating"
                        },
                        "geometry": {
                            "type": "Polygon",
                            "coordinates": [
                                [
                                    [
                                        -72.74308640000002,
                                        43.4274285
                                    ],
                                    [
                                        -72.74806460000003,
                                        43.42050910000001
                                    ],
                                    [
                                        -72.7589651,
                                        43.406449499999994
                                    ],
                                    [
                                        -72.74969530000003,
                                        43.39276080000001
                                    ],
                                    [
                                        -72.7296968,
                                        43.387583899999996
                                    ],
                                    [
                                        -72.7130885,
                                        43.3982803
                                    ],
                                    [
                                        -72.71038490000002,
                                        43.4090683
                                    ],
                                    [
                                        -72.7109428,
                                        43.4191064
                                    ],
                                    [
                                        -72.716908,
                                        43.4270234
                                    ],
                                    [
                                        -72.72420360000004,
                                        43.42717920000001
                                    ],
                                    [
                                        -72.74308640000002,
                                        43.4274285
                                    ]
                                ]
                            ]
                        }
                    }
                ],
                "elevationProfile": {
                    "heights": [
                        712.6,
                        714.8,
                        714.6,
                        712.9,
                        713.1,
                        715.6,
                        716.3,
                        715.6,
                        714.1,
                        709.6,
                        705.6,
                        702.4,
                        700.1,
                        699.1,
                        698,
                        696.4,
                        694.4,
                        690.5,
                        687.3,
                        683,
                        678.8,
                        675.8,
                        671.3,
                        665.7,
                        665.3
                    ],
                    "resolution": 25
                },
                "sources": [
                    {
                        "type": "openstreetmap",
                        "id": "way/257644137"
                    }
                ],
                "websites": [],
                "wikidataID": null,
                "places": [
                    {
                        "iso3166_2": "US-VT",
                        "localized": {
                            "en": {
                                "region": "Vermont",
                                "country": "United States",
                                "locality": "Ludlow"
                            }
                        },
                        "iso3166_1Alpha2": "US"
                    }
                ]
            },
            "geometry": {
                "type": "LineString",
                "coordinates": [
                    [
                        -72.7328665,
                        43.40815830000002,
                        712.6
                    ],
                    [
                        -72.73280199999998,
                        43.408332000000016,
                        714.6
                    ],
                    [
                        -72.7327366,
                        43.40845390000001,
                        714.8
                    ],
                    [
                        -72.73274579999998,
                        43.408523,
                        714.9
                    ],
                    [
                        -72.73279289999996,
                        43.4088748,
                        712.2
                    ],
                    [
                        -72.732986,
                        43.4090911,
                        714
                    ],
                    [
                        -72.73311480000002,
                        43.4092782,
                        716.2
                    ],
                    [
                        -72.73315500000002,
                        43.4097049,
                        715.6
                    ],
                    [
                        -72.73315500000002,
                        43.40985590000001,
                        714.4
                    ],
                    [
                        -72.73315500000002,
                        43.4101608,
                        708.7
                    ],
                    [
                        -72.73305260000002,
                        43.41051080000001,
                        702.7
                    ],
                    [
                        -72.7329641,
                        43.4108129,
                        699.7
                    ],
                    [
                        -72.7329377,
                        43.4109032,
                        699.3
                    ],
                    [
                        -72.7328412,
                        43.4115579,
                        695.9
                    ],
                    [
                        -72.7327285,
                        43.4119378,
                        689.4
                    ],
                    [
                        -72.73266330000003,
                        43.41204739999999,
                        687.8
                    ],
                    [
                        -72.7325998,
                        43.4121541,
                        686.2
                    ],
                    [
                        -72.73237449999998,
                        43.4122593,
                        681.9
                    ],
                    [
                        -72.7322377,
                        43.4123061,
                        679.7
                    ],
                    [
                        -72.7320285,
                        43.4124113,
                        677.4
                    ],
                    [
                        -72.7319721,
                        43.4125867,
                        674.6
                    ],
                    [
                        -72.73190060000003,
                        43.4129749,
                        665.3
                    ]
                ]
            }
        },
        {
            "type": "Feature",
            "properties": {
                "type": "run",
                "id": "4f753396095f5ef7e04e112ec0a6ea0046f91eac",
                "uses": [
                    "downhill"
                ],
                "name": "Upper Arrow",
                "ref": null,
                "description": null,
                "difficulty": "intermediate",
                "difficultyConvention": "north_america",
                "status": "operating",
                "oneway": true,
                "lit": false,
                "gladed": null,
                "patrolled": null,
                "grooming": "classic",
                "skiAreas": [
                    {
                        "type": "Feature",
                        "properties": {
                            "id": "0f0d574cfdbd7b9a55296a94c4683b3e732a543b",
                            "name": "Okemo Mountain",
                            "activities": [
                                "downhill"
                            ],
                            "type": "skiArea",
                            "status": "operating"
                        },
                        "geometry": {
                            "type": "Polygon",
                            "coordinates": [
                                [
                                    [
                                        -72.74308640000002,
                                        43.4274285
                                    ],
                                    [
                                        -72.74806460000003,
                                        43.42050910000001
                                    ],
                                    [
                                        -72.7589651,
                                        43.406449499999994
                                    ],
                                    [
                                        -72.74969530000003,
                                        43.39276080000001
                                    ],
                                    [
                                        -72.7296968,
                                        43.387583899999996
                                    ],
                                    [
                                        -72.7130885,
                                        43.3982803
                                    ],
                                    [
                                        -72.71038490000002,
                                        43.4090683
                                    ],
                                    [
                                        -72.7109428,
                                        43.4191064
                                    ],
                                    [
                                        -72.716908,
                                        43.4270234
                                    ],
                                    [
                                        -72.72420360000004,
                                        43.42717920000001
                                    ],
                                    [
                                        -72.74308640000002,
                                        43.4274285
                                    ]
                                ]
                            ]
                        }
                    }
                ],
                "elevationProfile": {
                    "heights": [
                        801.9,
                        798.7,
                        794.3,
                        791.4,
                        787.5,
                        781.9,
                        777.1,
                        771.6,
                        766.5,
                        760.1,
                        753.3,
                        746.5,
                        740.2,
                        733.3,
                        726.4,
                        719.4,
                        713.7,
                        708.9,
                        704.3,
                        697.5,
                        690.1,
                        682.1,
                        674.1,
                        667.9,
                        660.6,
                        653.9,
                        647.2,
                        638.9,
                        632.9,
                        626.6,
                        619.2,
                        618.8
                    ],
                    "resolution": 25
                },
                "sources": [
                    {
                        "type": "openstreetmap",
                        "id": "way/257644273"
                    }
                ],
                "websites": [],
                "wikidataID": null,
                "places": [
                    {
                        "iso3166_2": "US-VT",
                        "localized": {
                            "en": {
                                "region": "Vermont",
                                "country": "United States",
                                "locality": "Ludlow"
                            }
                        },
                        "iso3166_1Alpha2": "US"
                    }
                ]
            },
            "geometry": {
                "type": "LineString",
                "coordinates": [
                    [
                        -72.73772920000003,
                        43.4092547,
                        801.9
                    ],
                    [
                        -72.73756250000002,
                        43.4091005,
                        799.6
                    ],
                    [
                        -72.73710580000002,
                        43.408958700000014,
                        793.6
                    ],
                    [
                        -72.73666220000003,
                        43.40895200000001,
                        787.9
                    ],
                    [
                        -72.73616300000003,
                        43.4090796,
                        779
                    ],
                    [
                        -72.73584879999997,
                        43.4091266,
                        773.4
                    ],
                    [
                        -72.7353959,
                        43.40907280000001,
                        765.8
                    ],
                    [
                        -72.73485050000002,
                        43.4090863,
                        753.9
                    ],
                    [
                        -72.73393540000002,
                        43.4090594,
                        734.3
                    ],
                    [
                        -72.7332422,
                        43.4090191,
                        718.8
                    ],
                    [
                        -72.73262290000002,
                        43.409046,
                        708.4
                    ],
                    [
                        -72.73226240000002,
                        43.40939520000001,
                        697
                    ],
                    [
                        -72.73124570000003,
                        43.4096973,
                        670.3
                    ],
                    [
                        -72.73112990000006,
                        43.4097034,
                        667.9
                    ],
                    [
                        -72.72997009999997,
                        43.409764499999994,
                        640.8
                    ],
                    [
                        -72.7299052,
                        43.409762,
                        639.2
                    ],
                    [
                        -72.7289445,
                        43.4097134,
                        618.8
                    ]
                ]
            }
        },
        {
            "type": "Feature",
            "properties": {
                "type": "run",
                "id": "ecadfd7e286abe886820b8b2d02eb76c10ec6f67",
                "uses": [
                    "downhill"
                ],
                "name": "Double Dipper",
                "ref": null,
                "description": null,
                "difficulty": "intermediate",
                "difficultyConvention": "north_america",
                "status": "operating",
                "oneway": true,
                "lit": false,
                "gladed": null,
                "patrolled": null,
                "grooming": "classic",
                "skiAreas": [
                    {
                        "type": "Feature",
                        "properties": {
                            "id": "0f0d574cfdbd7b9a55296a94c4683b3e732a543b",
                            "name": "Okemo Mountain",
                            "activities": [
                                "downhill"
                            ],
                            "type": "skiArea",
                            "status": "operating"
                        },
                        "geometry": {
                            "type": "Polygon",
                            "coordinates": [
                                [
                                    [
                                        -72.74308640000002,
                                        43.4274285
                                    ],
                                    [
                                        -72.74806460000003,
                                        43.42050910000001
                                    ],
                                    [
                                        -72.7589651,
                                        43.406449499999994
                                    ],
                                    [
                                        -72.74969530000003,
                                        43.39276080000001
                                    ],
                                    [
                                        -72.7296968,
                                        43.387583899999996
                                    ],
                                    [
                                        -72.7130885,
                                        43.3982803
                                    ],
                                    [
                                        -72.71038490000002,
                                        43.4090683
                                    ],
                                    [
                                        -72.7109428,
                                        43.4191064
                                    ],
                                    [
                                        -72.716908,
                                        43.4270234
                                    ],
                                    [
                                        -72.72420360000004,
                                        43.42717920000001
                                    ],
                                    [
                                        -72.74308640000002,
                                        43.4274285
                                    ]
                                ]
                            ]
                        }
                    }
                ],
                "elevationProfile": {
                    "heights": [
                        697,
                        689.2,
                        680.7,
                        675.1,
                        672.1,
                        672.4,
                        670.9,
                        664.8,
                        659.4,
                        657.2,
                        654.5,
                        650.3,
                        645.4,
                        641.2,
                        639.2
                    ],
                    "resolution": 25
                },
                "sources": [
                    {
                        "type": "openstreetmap",
                        "id": "way/257644294"
                    }
                ],
                "websites": [],
                "wikidataID": null,
                "places": [
                    {
                        "iso3166_2": "US-VT",
                        "localized": {
                            "en": {
                                "region": "Vermont",
                                "country": "United States",
                                "locality": "Ludlow"
                            }
                        },
                        "iso3166_1Alpha2": "US"
                    }
                ]
            },
            "geometry": {
                "type": "LineString",
                "coordinates": [
                    [
                        -72.73226240000002,
                        43.40939520000001,
                        697
                    ],
                    [
                        -72.7318768,
                        43.4097647,
                        680.2
                    ],
                    [
                        -72.7315968,
                        43.4101482,
                        672.1
                    ],
                    [
                        -72.73144960000003,
                        43.410489199999994,
                        671.8
                    ],
                    [
                        -72.73131660000003,
                        43.4107131,
                        667.6
                    ],
                    [
                        -72.73119750000002,
                        43.4108149,
                        663.2
                    ],
                    [
                        -72.73105040000003,
                        43.4108301,
                        660.5
                    ],
                    [
                        -72.7308682,
                        43.410784299999996,
                        657.1
                    ],
                    [
                        -72.73070709999998,
                        43.4106062,
                        656.3
                    ],
                    [
                        -72.73049,
                        43.410367099999995,
                        652.2
                    ],
                    [
                        -72.7299052,
                        43.409762,
                        639.2
                    ]
                ]
            }
        },
        {
            "type": "Feature",
            "properties": {
                "type": "run",
                "id": "54e22b6c361cb7ce0f1d849caa12394f306e71ae",
                "uses": [
                    "downhill"
                ],
                "name": "Lower Arrow",
                "ref": null,
                "description": null,
                "difficulty": "easy",
                "difficultyConvention": "north_america",
                "status": "operating",
                "oneway": true,
                "lit": false,
                "gladed": null,
                "patrolled": null,
                "grooming": "classic",
                "skiAreas": [
                    {
                        "type": "Feature",
                        "properties": {
                            "id": "0f0d574cfdbd7b9a55296a94c4683b3e732a543b",
                            "name": "Okemo Mountain",
                            "activities": [
                                "downhill"
                            ],
                            "type": "skiArea",
                            "status": "operating"
                        },
                        "geometry": {
                            "type": "Polygon",
                            "coordinates": [
                                [
                                    [
                                        -72.74308640000002,
                                        43.4274285
                                    ],
                                    [
                                        -72.74806460000003,
                                        43.42050910000001
                                    ],
                                    [
                                        -72.7589651,
                                        43.406449499999994
                                    ],
                                    [
                                        -72.74969530000003,
                                        43.39276080000001
                                    ],
                                    [
                                        -72.7296968,
                                        43.387583899999996
                                    ],
                                    [
                                        -72.7130885,
                                        43.3982803
                                    ],
                                    [
                                        -72.71038490000002,
                                        43.4090683
                                    ],
                                    [
                                        -72.7109428,
                                        43.4191064
                                    ],
                                    [
                                        -72.716908,
                                        43.4270234
                                    ],
                                    [
                                        -72.72420360000004,
                                        43.42717920000001
                                    ],
                                    [
                                        -72.74308640000002,
                                        43.4274285
                                    ]
                                ]
                            ]
                        }
                    }
                ],
                "elevationProfile": {
                    "heights": [
                        618.8,
                        612.4,
                        605.6,
                        599.9,
                        593.1,
                        587.6,
                        582.3,
                        578.2,
                        575.1,
                        570,
                        565.5,
                        559.4,
                        552.9,
                        546.4,
                        540.3,
                        535.3,
                        531.5,
                        529.2
                    ],
                    "resolution": 25
                },
                "sources": [
                    {
                        "type": "openstreetmap",
                        "id": "way/257644727"
                    }
                ],
                "websites": [],
                "wikidataID": null,
                "places": [
                    {
                        "iso3166_2": "US-VT",
                        "localized": {
                            "en": {
                                "region": "Vermont",
                                "country": "United States",
                                "locality": "Ludlow"
                            }
                        },
                        "iso3166_1Alpha2": "US"
                    }
                ]
            },
            "geometry": {
                "type": "LineString",
                "coordinates": [
                    [
                        -72.7289445,
                        43.4097134,
                        618.8
                    ],
                    [
                        -72.727793,
                        43.4094154,
                        593.4
                    ],
                    [
                        -72.72749400000002,
                        43.4092622,
                        586.9
                    ],
                    [
                        -72.7270085,
                        43.4090134,
                        578.1
                    ],
                    [
                        -72.72664420000002,
                        43.408687699999994,
                        570.4
                    ],
                    [
                        -72.7262589,
                        43.4085045,
                        562.9
                    ],
                    [
                        -72.7255655,
                        43.4084282,
                        548.7
                    ],
                    [
                        -72.72504709999997,
                        43.40841800000001,
                        538.3
                    ],
                    [
                        -72.72466730000002,
                        43.408314900000015,
                        532.8
                    ],
                    [
                        -72.7244618,
                        43.408215700000014,
                        529.2
                    ]
                ]
            }
        },
        {
            "type": "Feature",
            "properties": {
                "type": "run",
                "id": "0c4ae6167b43920d075b5b08d34c8b6b849a9889",
                "uses": [
                    "downhill"
                ],
                "name": "Open Slope",
                "ref": null,
                "description": null,
                "difficulty": "easy",
                "difficultyConvention": "north_america",
                "status": "operating",
                "oneway": true,
                "lit": false,
                "gladed": null,
                "patrolled": null,
                "grooming": "classic",
                "skiAreas": [
                    {
                        "type": "Feature",
                        "properties": {
                            "id": "0f0d574cfdbd7b9a55296a94c4683b3e732a543b",
                            "name": "Okemo Mountain",
                            "activities": [
                                "downhill"
                            ],
                            "type": "skiArea",
                            "status": "operating"
                        },
                        "geometry": {
                            "type": "Polygon",
                            "coordinates": [
                                [
                                    [
                                        -72.74308640000002,
                                        43.4274285
                                    ],
                                    [
                                        -72.74806460000003,
                                        43.42050910000001
                                    ],
                                    [
                                        -72.7589651,
                                        43.406449499999994
                                    ],
                                    [
                                        -72.74969530000003,
                                        43.39276080000001
                                    ],
                                    [
                                        -72.7296968,
                                        43.387583899999996
                                    ],
                                    [
                                        -72.7130885,
                                        43.3982803
                                    ],
                                    [
                                        -72.71038490000002,
                                        43.4090683
                                    ],
                                    [
                                        -72.7109428,
                                        43.4191064
                                    ],
                                    [
                                        -72.716908,
                                        43.4270234
                                    ],
                                    [
                                        -72.72420360000004,
                                        43.42717920000001
                                    ],
                                    [
                                        -72.74308640000002,
                                        43.4274285
                                    ]
                                ]
                            ]
                        }
                    }
                ],
                "elevationProfile": {
                    "heights": [
                        523.9,
                        521.8,
                        519.6,
                        515.5,
                        511.9,
                        508.6,
                        505.2,
                        500.9,
                        497.2,
                        495.6,
                        492.3,
                        489.1,
                        486.1,
                        484.6,
                        481.1,
                        476.5,
                        475,
                        472.5,
                        467.9,
                        462.3,
                        456.6,
                        452.6,
                        447.3,
                        443.2,
                        438.9,
                        433.7,
                        427.6,
                        421.8,
                        417.4,
                        413.6,
                        409.8,
                        404.8,
                        401.5,
                        400.2
                    ],
                    "resolution": 25
                },
                "sources": [
                    {
                        "type": "openstreetmap",
                        "id": "way/257645794"
                    }
                ],
                "websites": [],
                "wikidataID": null,
                "places": [
                    {
                        "iso3166_2": "US-VT",
                        "localized": {
                            "en": {
                                "region": "Vermont",
                                "country": "United States",
                                "locality": "Ludlow"
                            }
                        },
                        "iso3166_1Alpha2": "US"
                    }
                ]
            },
            "geometry": {
                "type": "LineString",
                "coordinates": [
                    [
                        -72.72341209999998,
                        43.40832930000001,
                        523.9
                    ],
                    [
                        -72.71962730000003,
                        43.4040387,
                        444.6
                    ],
                    [
                        -72.71801160000003,
                        43.4021744,
                        400.2
                    ]
                ]
            }
        },
        {
            "type": "Feature",
            "properties": {
                "type": "run",
                "id": "1c912d6c55e29f52ab96183526f4ea7a79692960",
                "uses": [
                    "downhill"
                ],
                "name": "Lift Line",
                "ref": null,
                "description": null,
                "difficulty": "easy",
                "difficultyConvention": "north_america",
                "status": "operating",
                "oneway": true,
                "lit": false,
                "gladed": null,
                "patrolled": null,
                "grooming": "classic",
                "skiAreas": [
                    {
                        "type": "Feature",
                        "properties": {
                            "id": "0f0d574cfdbd7b9a55296a94c4683b3e732a543b",
                            "name": "Okemo Mountain",
                            "activities": [
                                "downhill"
                            ],
                            "type": "skiArea",
                            "status": "operating"
                        },
                        "geometry": {
                            "type": "Polygon",
                            "coordinates": [
                                [
                                    [
                                        -72.74308640000002,
                                        43.4274285
                                    ],
                                    [
                                        -72.74806460000003,
                                        43.42050910000001
                                    ],
                                    [
                                        -72.7589651,
                                        43.406449499999994
                                    ],
                                    [
                                        -72.74969530000003,
                                        43.39276080000001
                                    ],
                                    [
                                        -72.7296968,
                                        43.387583899999996
                                    ],
                                    [
                                        -72.7130885,
                                        43.3982803
                                    ],
                                    [
                                        -72.71038490000002,
                                        43.4090683
                                    ],
                                    [
                                        -72.7109428,
                                        43.4191064
                                    ],
                                    [
                                        -72.716908,
                                        43.4270234
                                    ],
                                    [
                                        -72.72420360000004,
                                        43.42717920000001
                                    ],
                                    [
                                        -72.74308640000002,
                                        43.4274285
                                    ]
                                ]
                            ]
                        }
                    }
                ],
                "elevationProfile": {
                    "heights": [
                        477.4,
                        474.5,
                        473,
                        471.8,
                        468.8,
                        464.2,
                        459,
                        455.6,
                        451.4,
                        445.9,
                        440.1,
                        436.7,
                        436.8,
                        435.5
                    ],
                    "resolution": 25
                },
                "sources": [
                    {
                        "type": "openstreetmap",
                        "id": "way/257646413"
                    }
                ],
                "websites": [],
                "wikidataID": null,
                "places": [
                    {
                        "iso3166_2": "US-VT",
                        "localized": {
                            "en": {
                                "region": "Vermont",
                                "country": "United States",
                                "locality": "Ludlow"
                            }
                        },
                        "iso3166_1Alpha2": "US"
                    }
                ]
            },
            "geometry": {
                "type": "LineString",
                "coordinates": [
                    [
                        -72.720367,
                        43.4057677,
                        477.4
                    ],
                    [
                        -72.7202923,
                        43.4054334,
                        473.1
                    ],
                    [
                        -72.71919410000002,
                        43.4041421,
                        450.2
                    ],
                    [
                        -72.718727,
                        43.40355810000001,
                        435.8
                    ],
                    [
                        -72.71829690000003,
                        43.4035402,
                        435.5
                    ]
                ]
            }
        },
        {
            "type": "Feature",
            "properties": {
                "type": "run",
                "id": "68751289f0501a93d5f5ebb7b35e6ce9f37171ce",
                "uses": [
                    "downhill"
                ],
                "name": "Homeward Bound",
                "ref": null,
                "description": null,
                "difficulty": "easy",
                "difficultyConvention": "north_america",
                "status": "operating",
                "oneway": true,
                "lit": false,
                "gladed": null,
                "patrolled": null,
                "grooming": "classic",
                "skiAreas": [
                    {
                        "type": "Feature",
                        "properties": {
                            "id": "0f0d574cfdbd7b9a55296a94c4683b3e732a543b",
                            "name": "Okemo Mountain",
                            "activities": [
                                "downhill"
                            ],
                            "type": "skiArea",
                            "status": "operating"
                        },
                        "geometry": {
                            "type": "Polygon",
                            "coordinates": [
                                [
                                    [
                                        -72.74308640000002,
                                        43.4274285
                                    ],
                                    [
                                        -72.74806460000003,
                                        43.42050910000001
                                    ],
                                    [
                                        -72.7589651,
                                        43.406449499999994
                                    ],
                                    [
                                        -72.74969530000003,
                                        43.39276080000001
                                    ],
                                    [
                                        -72.7296968,
                                        43.387583899999996
                                    ],
                                    [
                                        -72.7130885,
                                        43.3982803
                                    ],
                                    [
                                        -72.71038490000002,
                                        43.4090683
                                    ],
                                    [
                                        -72.7109428,
                                        43.4191064
                                    ],
                                    [
                                        -72.716908,
                                        43.4270234
                                    ],
                                    [
                                        -72.72420360000004,
                                        43.42717920000001
                                    ],
                                    [
                                        -72.74308640000002,
                                        43.4274285
                                    ]
                                ]
                            ]
                        }
                    }
                ],
                "elevationProfile": {
                    "heights": [
                        526.1,
                        524.2,
                        522.1,
                        518.5,
                        514.9,
                        510,
                        505.7,
                        501.3,
                        497.8,
                        495,
                        492.2,
                        486.9,
                        484.2,
                        481.1,
                        477.2,
                        474,
                        472.8,
                        471,
                        468.5,
                        465.1,
                        460.8,
                        457.7,
                        454.4,
                        447.7,
                        441.9,
                        438.7,
                        435.9,
                        428.2,
                        419.6,
                        411.4,
                        406.5,
                        402.7,
                        399.6
                    ],
                    "resolution": 25
                },
                "sources": [
                    {
                        "type": "openstreetmap",
                        "id": "way/257646531"
                    }
                ],
                "websites": [],
                "wikidataID": null,
                "places": [
                    {
                        "iso3166_2": "US-VT",
                        "localized": {
                            "en": {
                                "region": "Vermont",
                                "country": "United States",
                                "locality": "Ludlow"
                            }
                        },
                        "iso3166_1Alpha2": "US"
                    }
                ]
            },
            "geometry": {
                "type": "LineString",
                "coordinates": [
                    [
                        -72.7226105,
                        43.40842590000001,
                        526.1
                    ],
                    [
                        -72.7225251,
                        43.40834930000001,
                        525.2
                    ],
                    [
                        -72.7221505,
                        43.407879,
                        519
                    ],
                    [
                        -72.7218845,
                        43.4075769,
                        512.6
                    ],
                    [
                        -72.72172340000003,
                        43.4073911,
                        508.4
                    ],
                    [
                        -72.7214689,
                        43.407099499999994,
                        501.5
                    ],
                    [
                        -72.7213223,
                        43.4069293,
                        498.2
                    ],
                    [
                        -72.72120600000002,
                        43.4068124,
                        496
                    ],
                    [
                        -72.72103229999998,
                        43.406687099999985,
                        494.8
                    ],
                    [
                        -72.7207895,
                        43.4064577,
                        489.2
                    ],
                    [
                        -72.72042390000003,
                        43.4059661,
                        480.9
                    ],
                    [
                        -72.7203235,
                        43.4058305,
                        478.2
                    ],
                    [
                        -72.72014440000002,
                        43.4056808,
                        474.7
                    ],
                    [
                        -72.7199468,
                        43.4055893,
                        473.6
                    ],
                    [
                        -72.7198065,
                        43.4054842,
                        472.8
                    ],
                    [
                        -72.71956140000003,
                        43.40525930000001,
                        470.3
                    ],
                    [
                        -72.7193331,
                        43.405025,
                        466.7
                    ],
                    [
                        -72.7189587,
                        43.404680499999984,
                        459.1
                    ],
                    [
                        -72.7186451,
                        43.404287199999985,
                        451.2
                    ],
                    [
                        -72.71857729999998,
                        43.4041417,
                        445.9
                    ],
                    [
                        -72.71829690000003,
                        43.4035402,
                        435.5
                    ],
                    [
                        -72.7173874,
                        43.4023849,
                        399.6
                    ]
                ]
            }
        },
        {
            "type": "Feature",
            "properties": {
                "type": "run",
                "id": "efa2580856d49b6d825de46ab240bcb739e061a6",
                "uses": [
                    "downhill"
                ],
                "name": "Kettle Brook",
                "ref": null,
                "description": null,
                "difficulty": "easy",
                "difficultyConvention": "north_america",
                "status": "operating",
                "oneway": true,
                "lit": false,
                "gladed": null,
                "patrolled": null,
                "grooming": "classic",
                "skiAreas": [
                    {
                        "type": "Feature",
                        "properties": {
                            "id": "0f0d574cfdbd7b9a55296a94c4683b3e732a543b",
                            "name": "Okemo Mountain",
                            "activities": [
                                "downhill"
                            ],
                            "type": "skiArea",
                            "status": "operating"
                        },
                        "geometry": {
                            "type": "Polygon",
                            "coordinates": [
                                [
                                    [
                                        -72.74308640000002,
                                        43.4274285
                                    ],
                                    [
                                        -72.74806460000003,
                                        43.42050910000001
                                    ],
                                    [
                                        -72.7589651,
                                        43.406449499999994
                                    ],
                                    [
                                        -72.74969530000003,
                                        43.39276080000001
                                    ],
                                    [
                                        -72.7296968,
                                        43.387583899999996
                                    ],
                                    [
                                        -72.7130885,
                                        43.3982803
                                    ],
                                    [
                                        -72.71038490000002,
                                        43.4090683
                                    ],
                                    [
                                        -72.7109428,
                                        43.4191064
                                    ],
                                    [
                                        -72.716908,
                                        43.4270234
                                    ],
                                    [
                                        -72.72420360000004,
                                        43.42717920000001
                                    ],
                                    [
                                        -72.74308640000002,
                                        43.4274285
                                    ]
                                ]
                            ]
                        }
                    }
                ],
                "elevationProfile": {
                    "heights": [
                        496,
                        494.8,
                        492.2,
                        486.4,
                        479.8,
                        474.8,
                        472.2,
                        467.8,
                        463.6,
                        459.9,
                        461.7,
                        460.2,
                        459.2,
                        458,
                        457,
                        458,
                        459.5,
                        458,
                        451.4,
                        444.8,
                        439.6,
                        437.5,
                        435.5
                    ],
                    "resolution": 25
                },
                "sources": [
                    {
                        "type": "openstreetmap",
                        "id": "way/257647334"
                    }
                ],
                "websites": [],
                "wikidataID": null,
                "places": [
                    {
                        "iso3166_2": "US-VT",
                        "localized": {
                            "en": {
                                "region": "Vermont",
                                "country": "United States",
                                "locality": "Ludlow"
                            }
                        },
                        "iso3166_1Alpha2": "US"
                    }
                ]
            },
            "geometry": {
                "type": "LineString",
                "coordinates": [
                    [
                        -72.72120600000002,
                        43.4068124,
                        496
                    ],
                    [
                        -72.7205961,
                        43.406774,
                        492.2
                    ],
                    [
                        -72.7205061,
                        43.40677330000001,
                        491
                    ],
                    [
                        -72.71993900000002,
                        43.4067246,
                        479.2
                    ],
                    [
                        -72.71942680000002,
                        43.4066316,
                        472.7
                    ],
                    [
                        -72.7191341,
                        43.4064854,
                        467.8
                    ],
                    [
                        -72.71885350000002,
                        43.4061797,
                        460.2
                    ],
                    [
                        -72.7188047,
                        43.4058651,
                        461.8
                    ],
                    [
                        -72.7184023,
                        43.405572700000015,
                        459.4
                    ],
                    [
                        -72.7180486,
                        43.405306900000014,
                        457.3
                    ],
                    [
                        -72.71785950000003,
                        43.4049923,
                        458
                    ],
                    [
                        -72.7178717,
                        43.4047797,
                        459.4
                    ],
                    [
                        -72.71795100000003,
                        43.4044828,
                        456.5
                    ],
                    [
                        -72.71829690000003,
                        43.4035402,
                        435.5
                    ]
                ]
            }
        },
        {
            "type": "Feature",
            "properties": {
                "type": "run",
                "id": "2cc757e1b169ef96f78be5f0f7c36851678d0ac7",
                "uses": [
                    "downhill"
                ],
                "name": "Ledgewood",
                "ref": null,
                "description": null,
                "difficulty": "easy",
                "difficultyConvention": "north_america",
                "status": "operating",
                "oneway": true,
                "lit": false,
                "gladed": null,
                "patrolled": null,
                "grooming": "classic",
                "skiAreas": [
                    {
                        "type": "Feature",
                        "properties": {
                            "id": "0f0d574cfdbd7b9a55296a94c4683b3e732a543b",
                            "name": "Okemo Mountain",
                            "activities": [
                                "downhill"
                            ],
                            "type": "skiArea",
                            "status": "operating"
                        },
                        "geometry": {
                            "type": "Polygon",
                            "coordinates": [
                                [
                                    [
                                        -72.74308640000002,
                                        43.4274285
                                    ],
                                    [
                                        -72.74806460000003,
                                        43.42050910000001
                                    ],
                                    [
                                        -72.7589651,
                                        43.406449499999994
                                    ],
                                    [
                                        -72.74969530000003,
                                        43.39276080000001
                                    ],
                                    [
                                        -72.7296968,
                                        43.387583899999996
                                    ],
                                    [
                                        -72.7130885,
                                        43.3982803
                                    ],
                                    [
                                        -72.71038490000002,
                                        43.4090683
                                    ],
                                    [
                                        -72.7109428,
                                        43.4191064
                                    ],
                                    [
                                        -72.716908,
                                        43.4270234
                                    ],
                                    [
                                        -72.72420360000004,
                                        43.42717920000001
                                    ],
                                    [
                                        -72.74308640000002,
                                        43.4274285
                                    ]
                                ]
                            ]
                        }
                    }
                ],
                "elevationProfile": {
                    "heights": [
                        512.6,
                        512.8,
                        512.6,
                        510.6,
                        508.2,
                        502.2,
                        493.9,
                        491.1,
                        492.2
                    ],
                    "resolution": 25
                },
                "sources": [
                    {
                        "type": "openstreetmap",
                        "id": "way/257647878"
                    }
                ],
                "websites": [],
                "wikidataID": null,
                "places": [
                    {
                        "iso3166_2": "US-VT",
                        "localized": {
                            "en": {
                                "region": "Vermont",
                                "country": "United States",
                                "locality": "Ludlow"
                            }
                        },
                        "iso3166_1Alpha2": "US"
                    }
                ]
            },
            "geometry": {
                "type": "LineString",
                "coordinates": [
                    [
                        -72.7218845,
                        43.4075769,
                        512.6
                    ],
                    [
                        -72.72127490000003,
                        43.4075751,
                        512.6
                    ],
                    [
                        -72.72087739999996,
                        43.407555,
                        510
                    ],
                    [
                        -72.72065560000003,
                        43.4075012,
                        508.2
                    ],
                    [
                        -72.7205447,
                        43.4073972,
                        505.3
                    ],
                    [
                        -72.7204153,
                        43.40715210000001,
                        495.6
                    ],
                    [
                        -72.72042450000002,
                        43.4069808,
                        491.2
                    ],
                    [
                        -72.7205961,
                        43.406774,
                        492.2
                    ]
                ]
            }
        },
        {
            "type": "Feature",
            "properties": {
                "type": "run",
                "id": "594acbb2cfdce0f1aaf214600e9b690b7d6404e3",
                "uses": [
                    "downhill"
                ],
                "name": "Snow Trak",
                "ref": null,
                "description": null,
                "difficulty": "easy",
                "difficultyConvention": "north_america",
                "status": "operating",
                "oneway": true,
                "lit": false,
                "gladed": null,
                "patrolled": null,
                "grooming": "classic",
                "skiAreas": [
                    {
                        "type": "Feature",
                        "properties": {
                            "id": "0f0d574cfdbd7b9a55296a94c4683b3e732a543b",
                            "name": "Okemo Mountain",
                            "activities": [
                                "downhill"
                            ],
                            "type": "skiArea",
                            "status": "operating"
                        },
                        "geometry": {
                            "type": "Polygon",
                            "coordinates": [
                                [
                                    [
                                        -72.74308640000002,
                                        43.4274285
                                    ],
                                    [
                                        -72.74806460000003,
                                        43.42050910000001
                                    ],
                                    [
                                        -72.7589651,
                                        43.406449499999994
                                    ],
                                    [
                                        -72.74969530000003,
                                        43.39276080000001
                                    ],
                                    [
                                        -72.7296968,
                                        43.387583899999996
                                    ],
                                    [
                                        -72.7130885,
                                        43.3982803
                                    ],
                                    [
                                        -72.71038490000002,
                                        43.4090683
                                    ],
                                    [
                                        -72.7109428,
                                        43.4191064
                                    ],
                                    [
                                        -72.716908,
                                        43.4270234
                                    ],
                                    [
                                        -72.72420360000004,
                                        43.42717920000001
                                    ],
                                    [
                                        -72.74308640000002,
                                        43.4274285
                                    ]
                                ]
                            ]
                        }
                    }
                ],
                "elevationProfile": {
                    "heights": [
                        509.6,
                        510,
                        507.9,
                        504.7,
                        501.1,
                        497.3,
                        492.4,
                        488.5,
                        487.2,
                        486.7,
                        484.9,
                        483.4,
                        481.9,
                        479.9,
                        479,
                        479,
                        478.1,
                        477,
                        474.8,
                        471.3,
                        466.7,
                        463.8,
                        460.7,
                        456,
                        455.9
                    ],
                    "resolution": 25
                },
                "sources": [
                    {
                        "type": "openstreetmap",
                        "id": "way/257648017"
                    }
                ],
                "websites": [],
                "wikidataID": null,
                "places": [
                    {
                        "iso3166_2": "US-VT",
                        "localized": {
                            "en": {
                                "region": "Vermont",
                                "country": "United States",
                                "locality": "Ludlow"
                            }
                        },
                        "iso3166_1Alpha2": "US"
                    }
                ]
            },
            "geometry": {
                "type": "LineString",
                "coordinates": [
                    [
                        -72.7207619,
                        43.4075684,
                        509.6
                    ],
                    [
                        -72.7203876,
                        43.4077161,
                        509.9
                    ],
                    [
                        -72.7200224,
                        43.4078538,
                        505.7
                    ],
                    [
                        -72.71947709999998,
                        43.4080418,
                        499
                    ],
                    [
                        -72.71901490000003,
                        43.40819620000001,
                        490.9
                    ],
                    [
                        -72.7187879,
                        43.4082565,
                        488.2
                    ],
                    [
                        -72.71863400000002,
                        43.40835290000002,
                        487.2
                    ],
                    [
                        -72.71846960000003,
                        43.4084648,
                        487.2
                    ],
                    [
                        -72.71824310000002,
                        43.408532000000015,
                        486.4
                    ],
                    [
                        -72.71811640000003,
                        43.4085631,
                        485.7
                    ],
                    [
                        -72.7180352,
                        43.408632800000014,
                        484.7
                    ],
                    [
                        -72.71798900000003,
                        43.40870320000001,
                        484
                    ],
                    [
                        -72.71792890000003,
                        43.408867699999995,
                        483.3
                    ],
                    [
                        -72.71782720000003,
                        43.4090054,
                        482.1
                    ],
                    [
                        -72.71764700000003,
                        43.4091867,
                        480
                    ],
                    [
                        -72.71747920000003,
                        43.40932570000001,
                        479
                    ],
                    [
                        -72.717376,
                        43.4094113,
                        479
                    ],
                    [
                        -72.71721450000005,
                        43.409494599999995,
                        479
                    ],
                    [
                        -72.71695540000003,
                        43.4095254,
                        478.1
                    ],
                    [
                        -72.71668350000003,
                        43.4095038,
                        477.6
                    ],
                    [
                        -72.71625440000005,
                        43.4094699,
                        474.9
                    ],
                    [
                        -72.71597829999997,
                        43.409457499999995,
                        471.8
                    ],
                    [
                        -72.7157404,
                        43.4094514,
                        467.8
                    ],
                    [
                        -72.71547699999998,
                        43.4093742,
                        464.8
                    ],
                    [
                        -72.7150479,
                        43.40911190000001,
                        458.9
                    ],
                    [
                        -72.7148823,
                        43.4090162,
                        455.9
                    ]
                ]
            }
        },
        {
            "type": "Feature",
            "properties": {
                "type": "run",
                "id": "4d60d6bb5e12bc73459e0d88820e0c9741ed1b94",
                "uses": [
                    "downhill"
                ],
                "name": "Galaxy Bowl",
                "ref": null,
                "description": null,
                "difficulty": "novice",
                "difficultyConvention": "north_america",
                "status": "operating",
                "oneway": true,
                "lit": false,
                "gladed": null,
                "patrolled": null,
                "grooming": "classic",
                "skiAreas": [
                    {
                        "type": "Feature",
                        "properties": {
                            "id": "0f0d574cfdbd7b9a55296a94c4683b3e732a543b",
                            "name": "Okemo Mountain",
                            "activities": [
                                "downhill"
                            ],
                            "type": "skiArea",
                            "status": "operating"
                        },
                        "geometry": {
                            "type": "Polygon",
                            "coordinates": [
                                [
                                    [
                                        -72.74308640000002,
                                        43.4274285
                                    ],
                                    [
                                        -72.74806460000003,
                                        43.42050910000001
                                    ],
                                    [
                                        -72.7589651,
                                        43.406449499999994
                                    ],
                                    [
                                        -72.74969530000003,
                                        43.39276080000001
                                    ],
                                    [
                                        -72.7296968,
                                        43.387583899999996
                                    ],
                                    [
                                        -72.7130885,
                                        43.3982803
                                    ],
                                    [
                                        -72.71038490000002,
                                        43.4090683
                                    ],
                                    [
                                        -72.7109428,
                                        43.4191064
                                    ],
                                    [
                                        -72.716908,
                                        43.4270234
                                    ],
                                    [
                                        -72.72420360000004,
                                        43.42717920000001
                                    ],
                                    [
                                        -72.74308640000002,
                                        43.4274285
                                    ]
                                ]
                            ]
                        }
                    }
                ],
                "elevationProfile": {
                    "heights": [
                        395.4,
                        394.3,
                        392.5
                    ],
                    "resolution": 25
                },
                "sources": [
                    {
                        "type": "openstreetmap",
                        "id": "way/257648435"
                    }
                ],
                "websites": [],
                "wikidataID": null,
                "places": [
                    {
                        "iso3166_2": "US-VT",
                        "localized": {
                            "en": {
                                "region": "Vermont",
                                "country": "United States",
                                "locality": "Ludlow"
                            }
                        },
                        "iso3166_1Alpha2": "US"
                    }
                ]
            },
            "geometry": {
                "type": "LineString",
                "coordinates": [
                    [
                        -72.71652050000003,
                        43.4020378,
                        395.4
                    ],
                    [
                        -72.71612770000003,
                        43.401702,
                        392.5
                    ]
                ]
            }
        },
        {
            "type": "Feature",
            "properties": {
                "type": "run",
                "id": "db931815c493d62128c977c5f3171ca37990a2c9",
                "uses": [
                    "downhill"
                ],
                "name": "Village Run",
                "ref": null,
                "description": null,
                "difficulty": "easy",
                "difficultyConvention": "north_america",
                "status": "operating",
                "oneway": true,
                "lit": false,
                "gladed": null,
                "patrolled": null,
                "grooming": "classic",
                "skiAreas": [
                    {
                        "type": "Feature",
                        "properties": {
                            "id": "0f0d574cfdbd7b9a55296a94c4683b3e732a543b",
                            "name": "Okemo Mountain",
                            "activities": [
                                "downhill"
                            ],
                            "type": "skiArea",
                            "status": "operating"
                        },
                        "geometry": {
                            "type": "Polygon",
                            "coordinates": [
                                [
                                    [
                                        -72.74308640000002,
                                        43.4274285
                                    ],
                                    [
                                        -72.74806460000003,
                                        43.42050910000001
                                    ],
                                    [
                                        -72.7589651,
                                        43.406449499999994
                                    ],
                                    [
                                        -72.74969530000003,
                                        43.39276080000001
                                    ],
                                    [
                                        -72.7296968,
                                        43.387583899999996
                                    ],
                                    [
                                        -72.7130885,
                                        43.3982803
                                    ],
                                    [
                                        -72.71038490000002,
                                        43.4090683
                                    ],
                                    [
                                        -72.7109428,
                                        43.4191064
                                    ],
                                    [
                                        -72.716908,
                                        43.4270234
                                    ],
                                    [
                                        -72.72420360000004,
                                        43.42717920000001
                                    ],
                                    [
                                        -72.74308640000002,
                                        43.4274285
                                    ]
                                ]
                            ]
                        }
                    }
                ],
                "elevationProfile": {
                    "heights": [
                        583.2,
                        579.4,
                        574,
                        565.8,
                        563.8,
                        563.6,
                        559.8,
                        552.3,
                        546.3,
                        545.3,
                        546.2,
                        545.1,
                        540.7,
                        535.1,
                        531.1,
                        528.1,
                        523.1,
                        517.5,
                        514,
                        511.9,
                        511.3,
                        510.1,
                        508.7,
                        506.2,
                        502.5,
                        501.3,
                        500.9
                    ],
                    "resolution": 25
                },
                "sources": [
                    {
                        "type": "openstreetmap",
                        "id": "way/257650137"
                    }
                ],
                "websites": [],
                "wikidataID": null,
                "places": [
                    {
                        "iso3166_2": "US-VT",
                        "localized": {
                            "en": {
                                "region": "Vermont",
                                "country": "United States",
                                "locality": "Ludlow"
                            }
                        },
                        "iso3166_1Alpha2": "US"
                    }
                ]
            },
            "geometry": {
                "type": "LineString",
                "coordinates": [
                    [
                        -72.72723140000002,
                        43.4104233,
                        583.2
                    ],
                    [
                        -72.72730109999998,
                        43.4105232,
                        581.9
                    ],
                    [
                        -72.7271181,
                        43.410827899999994,
                        574.1
                    ],
                    [
                        -72.7268742,
                        43.4112088,
                        563.6
                    ],
                    [
                        -72.7266425,
                        43.411563199999996,
                        561.8
                    ],
                    [
                        -72.72656930000002,
                        43.41201510000001,
                        547.4
                    ],
                    [
                        -72.726584,
                        43.4120765,
                        546.4
                    ],
                    [
                        -72.7266479,
                        43.4123434,
                        545.1
                    ],
                    [
                        -72.72666690000003,
                        43.4124227,
                        545.1
                    ],
                    [
                        -72.726801,
                        43.41275930000001,
                        545.1
                    ],
                    [
                        -72.72683219999996,
                        43.4131065,
                        538.1
                    ],
                    [
                        -72.72673259999996,
                        43.4133056,
                        532.6
                    ],
                    [
                        -72.7266425,
                        43.4134858,
                        530.1
                    ],
                    [
                        -72.7262522,
                        43.4139997,
                        517.7
                    ],
                    [
                        -72.7260205,
                        43.4143363,
                        512.7
                    ],
                    [
                        -72.7259352,
                        43.414453699999996,
                        511.6
                    ],
                    [
                        -72.72584499999998,
                        43.414577799999996,
                        511.2
                    ],
                    [
                        -72.72578869999997,
                        43.4146553,
                        511.4
                    ],
                    [
                        -72.7254594,
                        43.4149299,
                        508.8
                    ],
                    [
                        -72.7245924,
                        43.4152998,
                        500.9
                    ]
                ]
            }
        },
        {
            "type": "Feature",
            "properties": {
                "type": "run",
                "id": "13cf10910826df328fd507ff0c6341d684d2f52e",
                "uses": [
                    "downhill"
                ],
                "name": "Switchback",
                "ref": null,
                "description": null,
                "difficulty": "easy",
                "difficultyConvention": "north_america",
                "status": "operating",
                "oneway": true,
                "lit": false,
                "gladed": null,
                "patrolled": null,
                "grooming": "classic",
                "skiAreas": [
                    {
                        "type": "Feature",
                        "properties": {
                            "id": "0f0d574cfdbd7b9a55296a94c4683b3e732a543b",
                            "name": "Okemo Mountain",
                            "activities": [
                                "downhill"
                            ],
                            "type": "skiArea",
                            "status": "operating"
                        },
                        "geometry": {
                            "type": "Polygon",
                            "coordinates": [
                                [
                                    [
                                        -72.74308640000002,
                                        43.4274285
                                    ],
                                    [
                                        -72.74806460000003,
                                        43.42050910000001
                                    ],
                                    [
                                        -72.7589651,
                                        43.406449499999994
                                    ],
                                    [
                                        -72.74969530000003,
                                        43.39276080000001
                                    ],
                                    [
                                        -72.7296968,
                                        43.387583899999996
                                    ],
                                    [
                                        -72.7130885,
                                        43.3982803
                                    ],
                                    [
                                        -72.71038490000002,
                                        43.4090683
                                    ],
                                    [
                                        -72.7109428,
                                        43.4191064
                                    ],
                                    [
                                        -72.716908,
                                        43.4270234
                                    ],
                                    [
                                        -72.72420360000004,
                                        43.42717920000001
                                    ],
                                    [
                                        -72.74308640000002,
                                        43.4274285
                                    ]
                                ]
                            ]
                        }
                    }
                ],
                "elevationProfile": {
                    "heights": [
                        628.6,
                        621.6,
                        617.1,
                        614.7,
                        614.8,
                        614.1,
                        611.9,
                        604.2,
                        602,
                        600,
                        591.4,
                        584.2,
                        581.9
                    ],
                    "resolution": 25
                },
                "sources": [
                    {
                        "type": "openstreetmap",
                        "id": "way/257650377"
                    }
                ],
                "websites": [],
                "wikidataID": null,
                "places": [
                    {
                        "iso3166_2": "US-VT",
                        "localized": {
                            "en": {
                                "region": "Vermont",
                                "country": "United States",
                                "locality": "Ludlow"
                            }
                        },
                        "iso3166_1Alpha2": "US"
                    }
                ]
            },
            "geometry": {
                "type": "LineString",
                "coordinates": [
                    [
                        -72.72939229999997,
                        43.4104008,
                        628.6
                    ],
                    [
                        -72.7291337,
                        43.410307599999996,
                        621.9
                    ],
                    [
                        -72.729001,
                        43.410184099999995,
                        618.8
                    ],
                    [
                        -72.7288152,
                        43.4101224,
                        616.1
                    ],
                    [
                        -72.7287195,
                        43.410154,
                        614.9
                    ],
                    [
                        -72.7286877,
                        43.410215,
                        614.7
                    ],
                    [
                        -72.7287037,
                        43.4103963,
                        614.8
                    ],
                    [
                        -72.7287037,
                        43.41053510000001,
                        614.8
                    ],
                    [
                        -72.7287159,
                        43.410895599999996,
                        612.1
                    ],
                    [
                        -72.7286754,
                        43.4109927,
                        609
                    ],
                    [
                        -72.72858049999998,
                        43.41104239999999,
                        605.8
                    ],
                    [
                        -72.728449,
                        43.4110222,
                        602.7
                    ],
                    [
                        -72.72833929999997,
                        43.4109387,
                        601.7
                    ],
                    [
                        -72.7282433,
                        43.410796,
                        602.4
                    ],
                    [
                        -72.7281037,
                        43.41072439999999,
                        600
                    ],
                    [
                        -72.7278914,
                        43.4107202,
                        593.9
                    ],
                    [
                        -72.7276923,
                        43.410684999999994,
                        589
                    ],
                    [
                        -72.72746990000003,
                        43.4106203,
                        583.2
                    ],
                    [
                        -72.72736320000003,
                        43.4105782,
                        581.9
                    ],
                    [
                        -72.72730109999998,
                        43.4105232,
                        581.9
                    ]
                ]
            }
        },
        {
            "type": "Feature",
            "properties": {
                "type": "run",
                "id": "def5f6349e91506537214de7bfb79f5c3de9578f",
                "uses": [
                    "downhill"
                ],
                "name": "The Plunge",
                "ref": null,
                "description": null,
                "difficulty": "advanced",
                "difficultyConvention": "north_america",
                "status": "operating",
                "oneway": true,
                "lit": false,
                "gladed": null,
                "patrolled": null,
                "grooming": "classic",
                "skiAreas": [
                    {
                        "type": "Feature",
                        "properties": {
                            "id": "0f0d574cfdbd7b9a55296a94c4683b3e732a543b",
                            "name": "Okemo Mountain",
                            "activities": [
                                "downhill"
                            ],
                            "type": "skiArea",
                            "status": "operating"
                        },
                        "geometry": {
                            "type": "Polygon",
                            "coordinates": [
                                [
                                    [
                                        -72.74308640000002,
                                        43.4274285
                                    ],
                                    [
                                        -72.74806460000003,
                                        43.42050910000001
                                    ],
                                    [
                                        -72.7589651,
                                        43.406449499999994
                                    ],
                                    [
                                        -72.74969530000003,
                                        43.39276080000001
                                    ],
                                    [
                                        -72.7296968,
                                        43.387583899999996
                                    ],
                                    [
                                        -72.7130885,
                                        43.3982803
                                    ],
                                    [
                                        -72.71038490000002,
                                        43.4090683
                                    ],
                                    [
                                        -72.7109428,
                                        43.4191064
                                    ],
                                    [
                                        -72.716908,
                                        43.4270234
                                    ],
                                    [
                                        -72.72420360000004,
                                        43.42717920000001
                                    ],
                                    [
                                        -72.74308640000002,
                                        43.4274285
                                    ]
                                ]
                            ]
                        }
                    }
                ],
                "elevationProfile": {
                    "heights": [
                        637.1,
                        633.2,
                        626.4,
                        619,
                        610.1,
                        599.7,
                        590.7,
                        584.4,
                        577.2,
                        568.8,
                        559.4,
                        548.6,
                        538.3,
                        532.6
                    ],
                    "resolution": 25
                },
                "sources": [
                    {
                        "type": "openstreetmap",
                        "id": "way/257650544"
                    }
                ],
                "websites": [],
                "wikidataID": null,
                "places": [
                    {
                        "iso3166_2": "US-VT",
                        "localized": {
                            "en": {
                                "region": "Vermont",
                                "country": "United States",
                                "locality": "Ludlow"
                            }
                        },
                        "iso3166_1Alpha2": "US"
                    }
                ]
            },
            "geometry": {
                "type": "LineString",
                "coordinates": [
                    [
                        -72.73029340000004,
                        43.4120519,
                        637.1
                    ],
                    [
                        -72.7284524,
                        43.412647299999996,
                        588
                    ],
                    [
                        -72.72673259999996,
                        43.4133056,
                        532.6
                    ]
                ]
            }
        },
        {
            "type": "Feature",
            "properties": {
                "type": "run",
                "id": "7f58f67a9ca9439dd1f371501f7087f157cf3085",
                "uses": [
                    "downhill"
                ],
                "name": "Screamin\u0027 Demon",
                "ref": null,
                "description": null,
                "difficulty": "intermediate",
                "difficultyConvention": "north_america",
                "status": "operating",
                "oneway": true,
                "lit": false,
                "gladed": null,
                "patrolled": null,
                "grooming": "classic",
                "skiAreas": [
                    {
                        "type": "Feature",
                        "properties": {
                            "id": "0f0d574cfdbd7b9a55296a94c4683b3e732a543b",
                            "name": "Okemo Mountain",
                            "activities": [
                                "downhill"
                            ],
                            "type": "skiArea",
                            "status": "operating"
                        },
                        "geometry": {
                            "type": "Polygon",
                            "coordinates": [
                                [
                                    [
                                        -72.74308640000002,
                                        43.4274285
                                    ],
                                    [
                                        -72.74806460000003,
                                        43.42050910000001
                                    ],
                                    [
                                        -72.7589651,
                                        43.406449499999994
                                    ],
                                    [
                                        -72.74969530000003,
                                        43.39276080000001
                                    ],
                                    [
                                        -72.7296968,
                                        43.387583899999996
                                    ],
                                    [
                                        -72.7130885,
                                        43.3982803
                                    ],
                                    [
                                        -72.71038490000002,
                                        43.4090683
                                    ],
                                    [
                                        -72.7109428,
                                        43.4191064
                                    ],
                                    [
                                        -72.716908,
                                        43.4270234
                                    ],
                                    [
                                        -72.72420360000004,
                                        43.42717920000001
                                    ],
                                    [
                                        -72.74308640000002,
                                        43.4274285
                                    ]
                                ]
                            ]
                        }
                    }
                ],
                "elevationProfile": {
                    "heights": [
                        652.3,
                        645.2,
                        636.9,
                        629.4,
                        622.3,
                        613.8,
                        607.5,
                        599.7,
                        589.5,
                        579.3,
                        570.6,
                        563.8,
                        557.5,
                        549,
                        541.3,
                        531.3,
                        524.7,
                        519.2,
                        514.7,
                        511.6,
                        511.6
                    ],
                    "resolution": 25
                },
                "sources": [
                    {
                        "type": "openstreetmap",
                        "id": "way/257650630"
                    }
                ],
                "websites": [],
                "wikidataID": null,
                "places": [
                    {
                        "iso3166_2": "US-VT",
                        "localized": {
                            "en": {
                                "region": "Vermont",
                                "country": "United States",
                                "locality": "Ludlow"
                            }
                        },
                        "iso3166_1Alpha2": "US"
                    }
                ]
            },
            "geometry": {
                "type": "LineString",
                "coordinates": [
                    [
                        -72.7313473,
                        43.4130549,
                        652.3
                    ],
                    [
                        -72.7308553,
                        43.4129699,
                        639.8
                    ],
                    [
                        -72.7295979,
                        43.4131261,
                        608.8
                    ],
                    [
                        -72.7277222,
                        43.413686899999995,
                        555.1
                    ],
                    [
                        -72.72665740000002,
                        43.4141347,
                        522.9
                    ],
                    [
                        -72.7259352,
                        43.414453699999996,
                        511.6
                    ]
                ]
            }
        },
        {
            "type": "Feature",
            "properties": {
                "type": "run",
                "id": "be5facb88725ec996cf7affee966f447f69900a4",
                "uses": [
                    "downhill"
                ],
                "name": "Boomerang",
                "ref": null,
                "description": null,
                "difficulty": "intermediate",
                "difficultyConvention": "north_america",
                "status": "operating",
                "oneway": true,
                "lit": false,
                "gladed": null,
                "patrolled": null,
                "grooming": "classic",
                "skiAreas": [
                    {
                        "type": "Feature",
                        "properties": {
                            "id": "0f0d574cfdbd7b9a55296a94c4683b3e732a543b",
                            "name": "Okemo Mountain",
                            "activities": [
                                "downhill"
                            ],
                            "type": "skiArea",
                            "status": "operating"
                        },
                        "geometry": {
                            "type": "Polygon",
                            "coordinates": [
                                [
                                    [
                                        -72.74308640000002,
                                        43.4274285
                                    ],
                                    [
                                        -72.74806460000003,
                                        43.42050910000001
                                    ],
                                    [
                                        -72.7589651,
                                        43.406449499999994
                                    ],
                                    [
                                        -72.74969530000003,
                                        43.39276080000001
                                    ],
                                    [
                                        -72.7296968,
                                        43.387583899999996
                                    ],
                                    [
                                        -72.7130885,
                                        43.3982803
                                    ],
                                    [
                                        -72.71038490000002,
                                        43.4090683
                                    ],
                                    [
                                        -72.7109428,
                                        43.4191064
                                    ],
                                    [
                                        -72.716908,
                                        43.4270234
                                    ],
                                    [
                                        -72.72420360000004,
                                        43.42717920000001
                                    ],
                                    [
                                        -72.74308640000002,
                                        43.4274285
                                    ]
                                ]
                            ]
                        }
                    }
                ],
                "elevationProfile": {
                    "heights": [
                        671.6,
                        666.6,
                        661.9,
                        654.8,
                        646.5,
                        638.1,
                        628.2,
                        621,
                        614.2,
                        606.5,
                        599.8,
                        592.1,
                        583.8,
                        575.5,
                        568.3,
                        560.3,
                        551.1,
                        542.8,
                        534.7,
                        527.6,
                        520.9,
                        515.2,
                        511.7,
                        511.2
                    ],
                    "resolution": 25
                },
                "sources": [
                    {
                        "type": "openstreetmap",
                        "id": "way/257651158"
                    }
                ],
                "websites": [],
                "wikidataID": null,
                "places": [
                    {
                        "iso3166_2": "US-VT",
                        "localized": {
                            "en": {
                                "region": "Vermont",
                                "country": "United States",
                                "locality": "Ludlow"
                            }
                        },
                        "iso3166_1Alpha2": "US"
                    }
                ]
            },
            "geometry": {
                "type": "LineString",
                "coordinates": [
                    [
                        -72.7325671,
                        43.413699799999996,
                        671.6
                    ],
                    [
                        -72.73024400000003,
                        43.4141602,
                        615.8
                    ],
                    [
                        -72.728927,
                        43.414465499999984,
                        581.4
                    ],
                    [
                        -72.7281845,
                        43.41449599999999,
                        563.5
                    ],
                    [
                        -72.72584499999998,
                        43.414577799999996,
                        511.2
                    ]
                ]
            }
        },
        {
            "type": "Feature",
            "properties": {
                "type": "run",
                "id": "b4d6d5360c27f1f3b74168871bcd5d2429b3bf71",
                "uses": [
                    "downhill"
                ],
                "name": "Sidewinder",
                "ref": null,
                "description": null,
                "difficulty": "intermediate",
                "difficultyConvention": "north_america",
                "status": "operating",
                "oneway": true,
                "lit": false,
                "gladed": null,
                "patrolled": null,
                "grooming": "classic",
                "skiAreas": [
                    {
                        "type": "Feature",
                        "properties": {
                            "id": "0f0d574cfdbd7b9a55296a94c4683b3e732a543b",
                            "name": "Okemo Mountain",
                            "activities": [
                                "downhill"
                            ],
                            "type": "skiArea",
                            "status": "operating"
                        },
                        "geometry": {
                            "type": "Polygon",
                            "coordinates": [
                                [
                                    [
                                        -72.74308640000002,
                                        43.4274285
                                    ],
                                    [
                                        -72.74806460000003,
                                        43.42050910000001
                                    ],
                                    [
                                        -72.7589651,
                                        43.406449499999994
                                    ],
                                    [
                                        -72.74969530000003,
                                        43.39276080000001
                                    ],
                                    [
                                        -72.7296968,
                                        43.387583899999996
                                    ],
                                    [
                                        -72.7130885,
                                        43.3982803
                                    ],
                                    [
                                        -72.71038490000002,
                                        43.4090683
                                    ],
                                    [
                                        -72.7109428,
                                        43.4191064
                                    ],
                                    [
                                        -72.716908,
                                        43.4270234
                                    ],
                                    [
                                        -72.72420360000004,
                                        43.42717920000001
                                    ],
                                    [
                                        -72.74308640000002,
                                        43.4274285
                                    ]
                                ]
                            ]
                        }
                    }
                ],
                "elevationProfile": {
                    "heights": [
                        714.4,
                        708.4,
                        704.3,
                        703,
                        701,
                        697.9,
                        693.6,
                        688.8,
                        683.2,
                        677.4,
                        673.6,
                        668.5,
                        660.6,
                        651.2,
                        642.1,
                        634.5,
                        626.9,
                        617.8,
                        608.9,
                        602.6,
                        596.4,
                        589.3,
                        580.3,
                        575,
                        568.9,
                        560.8,
                        551,
                        544.1,
                        540,
                        537.9,
                        533.9,
                        530.3,
                        526.8,
                        522.4,
                        514.1,
                        510.1,
                        505.7,
                        503.1,
                        502.7
                    ],
                    "resolution": 25
                },
                "sources": [
                    {
                        "type": "openstreetmap",
                        "id": "way/257651231"
                    }
                ],
                "websites": [],
                "wikidataID": null,
                "places": [
                    {
                        "iso3166_2": "US-VT",
                        "localized": {
                            "en": {
                                "region": "Vermont",
                                "country": "United States",
                                "locality": "Ludlow"
                            }
                        },
                        "iso3166_1Alpha2": "US"
                    }
                ]
            },
            "geometry": {
                "type": "LineString",
                "coordinates": [
                    [
                        -72.7359401,
                        43.4151007,
                        714.4
                    ],
                    [
                        -72.73459100000002,
                        43.4149853,
                        700.2
                    ],
                    [
                        -72.7328816,
                        43.4150933,
                        673.8
                    ],
                    [
                        -72.73154380000003,
                        43.415317,
                        639.2
                    ],
                    [
                        -72.73015290000002,
                        43.4154018,
                        603.3
                    ],
                    [
                        -72.7297474,
                        43.4153966,
                        594.9
                    ],
                    [
                        -72.7289531,
                        43.4153864,
                        575.9
                    ],
                    [
                        -72.7281037,
                        43.4153941,
                        555.6
                    ],
                    [
                        -72.7273286,
                        43.4155561,
                        539.5
                    ],
                    [
                        -72.7268517,
                        43.4157354,
                        534.7
                    ],
                    [
                        -72.726734,
                        43.4157797,
                        532.8
                    ],
                    [
                        -72.72656090000002,
                        43.415814,
                        530.8
                    ],
                    [
                        -72.72626690000003,
                        43.41587230000001,
                        527.4
                    ],
                    [
                        -72.72529,
                        43.4159031,
                        510.1
                    ],
                    [
                        -72.72464240000002,
                        43.4157566,
                        502.7
                    ]
                ]
            }
        },
        {
            "type": "Feature",
            "properties": {
                "type": "run",
                "id": "05ce431b957221f585a88062faa1940bec3bdbef",
                "uses": [
                    "downhill"
                ],
                "name": "Side Out",
                "ref": null,
                "description": null,
                "difficulty": "intermediate",
                "difficultyConvention": "north_america",
                "status": "operating",
                "oneway": true,
                "lit": false,
                "gladed": null,
                "patrolled": null,
                "grooming": "classic",
                "skiAreas": [
                    {
                        "type": "Feature",
                        "properties": {
                            "id": "0f0d574cfdbd7b9a55296a94c4683b3e732a543b",
                            "name": "Okemo Mountain",
                            "activities": [
                                "downhill"
                            ],
                            "type": "skiArea",
                            "status": "operating"
                        },
                        "geometry": {
                            "type": "Polygon",
                            "coordinates": [
                                [
                                    [
                                        -72.74308640000002,
                                        43.4274285
                                    ],
                                    [
                                        -72.74806460000003,
                                        43.42050910000001
                                    ],
                                    [
                                        -72.7589651,
                                        43.406449499999994
                                    ],
                                    [
                                        -72.74969530000003,
                                        43.39276080000001
                                    ],
                                    [
                                        -72.7296968,
                                        43.387583899999996
                                    ],
                                    [
                                        -72.7130885,
                                        43.3982803
                                    ],
                                    [
                                        -72.71038490000002,
                                        43.4090683
                                    ],
                                    [
                                        -72.7109428,
                                        43.4191064
                                    ],
                                    [
                                        -72.716908,
                                        43.4270234
                                    ],
                                    [
                                        -72.72420360000004,
                                        43.42717920000001
                                    ],
                                    [
                                        -72.74308640000002,
                                        43.4274285
                                    ]
                                ]
                            ]
                        }
                    }
                ],
                "elevationProfile": {
                    "heights": [
                        534.7,
                        531.5,
                        525.4,
                        520.7,
                        517,
                        515.3,
                        512,
                        511.4
                    ],
                    "resolution": 25
                },
                "sources": [
                    {
                        "type": "openstreetmap",
                        "id": "way/257651334"
                    }
                ],
                "websites": [],
                "wikidataID": null,
                "places": [
                    {
                        "iso3166_2": "US-VT",
                        "localized": {
                            "en": {
                                "region": "Vermont",
                                "country": "United States",
                                "locality": "Ludlow"
                            }
                        },
                        "iso3166_1Alpha2": "US"
                    }
                ]
            },
            "geometry": {
                "type": "LineString",
                "coordinates": [
                    [
                        -72.7268517,
                        43.4157354,
                        534.7
                    ],
                    [
                        -72.7264676,
                        43.415466499999994,
                        527.3
                    ],
                    [
                        -72.72629540000003,
                        43.4153607,
                        523.2
                    ],
                    [
                        -72.7261911,
                        43.4152733,
                        520.8
                    ],
                    [
                        -72.72611140000002,
                        43.4150371,
                        516.7
                    ],
                    [
                        -72.72611360000003,
                        43.414893699999986,
                        516.6
                    ],
                    [
                        -72.7260492,
                        43.414747599999984,
                        513.7
                    ],
                    [
                        -72.72592320000003,
                        43.414676799999995,
                        512.3
                    ],
                    [
                        -72.72578869999997,
                        43.4146553,
                        511.4
                    ]
                ]
            }
        },
        {
            "type": "Feature",
            "properties": {
                "type": "run",
                "id": "77a5a61cc00911c6f4b710cad746f630c6d191a8",
                "uses": [
                    "downhill"
                ],
                "name": "Exhibition",
                "ref": null,
                "description": null,
                "difficulty": "advanced",
                "difficultyConvention": "north_america",
                "status": "operating",
                "oneway": true,
                "lit": false,
                "gladed": null,
                "patrolled": null,
                "grooming": "classic",
                "skiAreas": [
                    {
                        "type": "Feature",
                        "properties": {
                            "id": "0f0d574cfdbd7b9a55296a94c4683b3e732a543b",
                            "name": "Okemo Mountain",
                            "activities": [
                                "downhill"
                            ],
                            "type": "skiArea",
                            "status": "operating"
                        },
                        "geometry": {
                            "type": "Polygon",
                            "coordinates": [
                                [
                                    [
                                        -72.74308640000002,
                                        43.4274285
                                    ],
                                    [
                                        -72.74806460000003,
                                        43.42050910000001
                                    ],
                                    [
                                        -72.7589651,
                                        43.406449499999994
                                    ],
                                    [
                                        -72.74969530000003,
                                        43.39276080000001
                                    ],
                                    [
                                        -72.7296968,
                                        43.387583899999996
                                    ],
                                    [
                                        -72.7130885,
                                        43.3982803
                                    ],
                                    [
                                        -72.71038490000002,
                                        43.4090683
                                    ],
                                    [
                                        -72.7109428,
                                        43.4191064
                                    ],
                                    [
                                        -72.716908,
                                        43.4270234
                                    ],
                                    [
                                        -72.72420360000004,
                                        43.42717920000001
                                    ],
                                    [
                                        -72.74308640000002,
                                        43.4274285
                                    ]
                                ]
                            ]
                        }
                    }
                ],
                "elevationProfile": {
                    "heights": [
                        830.2,
                        828.6,
                        824.8,
                        817.8,
                        808.5,
                        799.3,
                        790.8,
                        783.9,
                        778.3,
                        772.9,
                        768.3,
                        763.7,
                        757.5,
                        752.6,
                        747.1,
                        740.2,
                        732.8,
                        726.9,
                        721.9,
                        715.1,
                        709.3,
                        704.6,
                        699,
                        692.4,
                        687.2,
                        681.3,
                        676,
                        671.6
                    ],
                    "resolution": 25
                },
                "sources": [
                    {
                        "type": "openstreetmap",
                        "id": "way/257651742"
                    }
                ],
                "websites": [],
                "wikidataID": null,
                "places": [
                    {
                        "iso3166_2": "US-VT",
                        "localized": {
                            "en": {
                                "region": "Vermont",
                                "country": "United States",
                                "locality": "Ludlow"
                            }
                        },
                        "iso3166_1Alpha2": "US"
                    },
                    {
                        "iso3166_2": "US-VT",
                        "localized": {
                            "en": {
                                "region": "Vermont",
                                "country": "United States",
                                "locality": null
                            }
                        },
                        "iso3166_1Alpha2": "US"
                    }
                ]
            },
            "geometry": {
                "type": "LineString",
                "coordinates": [
                    [
                        -72.7404922,
                        43.4120375,
                        830.2
                    ],
                    [
                        -72.73382500000002,
                        43.413486599999985,
                        695.6
                    ],
                    [
                        -72.7325671,
                        43.413699799999996,
                        671.6
                    ]
                ]
            }
        },
        {
            "type": "Feature",
            "properties": {
                "type": "run",
                "id": "d08f6d8fc5feece5dbe6ebd6457f980217681320",
                "uses": [
                    "downhill"
                ],
                "name": "Upper Moonshadow",
                "ref": null,
                "description": null,
                "difficulty": "intermediate",
                "difficultyConvention": "north_america",
                "status": "operating",
                "oneway": true,
                "lit": false,
                "gladed": null,
                "patrolled": null,
                "grooming": "classic",
                "skiAreas": [
                    {
                        "type": "Feature",
                        "properties": {
                            "id": "0f0d574cfdbd7b9a55296a94c4683b3e732a543b",
                            "name": "Okemo Mountain",
                            "activities": [
                                "downhill"
                            ],
                            "type": "skiArea",
                            "status": "operating"
                        },
                        "geometry": {
                            "type": "Polygon",
                            "coordinates": [
                                [
                                    [
                                        -72.74308640000002,
                                        43.4274285
                                    ],
                                    [
                                        -72.74806460000003,
                                        43.42050910000001
                                    ],
                                    [
                                        -72.7589651,
                                        43.406449499999994
                                    ],
                                    [
                                        -72.74969530000003,
                                        43.39276080000001
                                    ],
                                    [
                                        -72.7296968,
                                        43.387583899999996
                                    ],
                                    [
                                        -72.7130885,
                                        43.3982803
                                    ],
                                    [
                                        -72.71038490000002,
                                        43.4090683
                                    ],
                                    [
                                        -72.7109428,
                                        43.4191064
                                    ],
                                    [
                                        -72.716908,
                                        43.4270234
                                    ],
                                    [
                                        -72.72420360000004,
                                        43.42717920000001
                                    ],
                                    [
                                        -72.74308640000002,
                                        43.4274285
                                    ]
                                ]
                            ]
                        }
                    }
                ],
                "elevationProfile": {
                    "heights": [
                        594.9,
                        586.4,
                        582.8,
                        584.6,
                        586.4,
                        583.9,
                        579.7,
                        573.7,
                        570.7,
                        568.7,
                        566.4,
                        562.9,
                        561.1,
                        560.9,
                        560.9,
                        560.3,
                        558.1,
                        554.7,
                        550.9,
                        546.5,
                        541.9,
                        537,
                        530.6,
                        526,
                        524,
                        522.2,
                        519.4,
                        513.7,
                        506.3,
                        498.7,
                        492.2,
                        486.7,
                        481.9,
                        477.2,
                        471.1,
                        465.4,
                        462.3,
                        460,
                        459.5
                    ],
                    "resolution": 25
                },
                "sources": [
                    {
                        "type": "openstreetmap",
                        "id": "way/257653407"
                    }
                ],
                "websites": [],
                "wikidataID": null,
                "places": [
                    {
                        "iso3166_2": "US-VT",
                        "localized": {
                            "en": {
                                "region": "Vermont",
                                "country": "United States",
                                "locality": "Ludlow"
                            }
                        },
                        "iso3166_1Alpha2": "US"
                    }
                ]
            },
            "geometry": {
                "type": "LineString",
                "coordinates": [
                    [
                        -72.7297474,
                        43.4153966,
                        594.9
                    ],
                    [
                        -72.7294399,
                        43.4156683,
                        583.1
                    ],
                    [
                        -72.72921940000003,
                        43.4159954,
                        585.2
                    ],
                    [
                        -72.72903149999998,
                        43.41633820000001,
                        584.5
                    ],
                    [
                        -72.7289089,
                        43.4166889,
                        577
                    ],
                    [
                        -72.7284912,
                        43.41783339999999,
                        561.6
                    ],
                    [
                        -72.72839679999997,
                        43.4180919,
                        560.8
                    ],
                    [
                        -72.72813129999997,
                        43.4186009,
                        560.1
                    ],
                    [
                        -72.72792960000004,
                        43.418863099999996,
                        556
                    ],
                    [
                        -72.7277551,
                        43.4189891,
                        553
                    ],
                    [
                        -72.72766570000003,
                        43.4190752,
                        551.2
                    ],
                    [
                        -72.72738809999997,
                        43.41946459999998,
                        542.4
                    ],
                    [
                        -72.72696340000003,
                        43.419896499999986,
                        529
                    ],
                    [
                        -72.7266767,
                        43.42007390000001,
                        525
                    ],
                    [
                        -72.72646440000003,
                        43.420135500000015,
                        523.4
                    ],
                    [
                        -72.7260503,
                        43.420081599999996,
                        521.4
                    ],
                    [
                        -72.7256043,
                        43.420035300000016,
                        513.7
                    ],
                    [
                        -72.725254,
                        43.420043,
                        505.1
                    ],
                    [
                        -72.72482930000002,
                        43.42007390000001,
                        495
                    ],
                    [
                        -72.7244258,
                        43.4201278,
                        487.4
                    ],
                    [
                        -72.72414970000003,
                        43.4200893,
                        482.8
                    ],
                    [
                        -72.7234065,
                        43.4199119,
                        469
                    ],
                    [
                        -72.7229924,
                        43.4197962,
                        462.8
                    ],
                    [
                        -72.7228112,
                        43.419723499999996,
                        461.5
                    ],
                    [
                        -72.7226029,
                        43.41964,
                        459.5
                    ]
                ]
            }
        },
        {
            "type": "Feature",
            "properties": {
                "type": "run",
                "id": "0f98857ce73425135faab7d99c0b89b6d0625453",
                "uses": [
                    "downhill"
                ],
                "name": "Daybreak",
                "ref": null,
                "description": null,
                "difficulty": "easy",
                "difficultyConvention": "north_america",
                "status": "operating",
                "oneway": true,
                "lit": false,
                "gladed": null,
                "patrolled": null,
                "grooming": "classic",
                "skiAreas": [
                    {
                        "type": "Feature",
                        "properties": {
                            "id": "0f0d574cfdbd7b9a55296a94c4683b3e732a543b",
                            "name": "Okemo Mountain",
                            "activities": [
                                "downhill"
                            ],
                            "type": "skiArea",
                            "status": "operating"
                        },
                        "geometry": {
                            "type": "Polygon",
                            "coordinates": [
                                [
                                    [
                                        -72.74308640000002,
                                        43.4274285
                                    ],
                                    [
                                        -72.74806460000003,
                                        43.42050910000001
                                    ],
                                    [
                                        -72.7589651,
                                        43.406449499999994
                                    ],
                                    [
                                        -72.74969530000003,
                                        43.39276080000001
                                    ],
                                    [
                                        -72.7296968,
                                        43.387583899999996
                                    ],
                                    [
                                        -72.7130885,
                                        43.3982803
                                    ],
                                    [
                                        -72.71038490000002,
                                        43.4090683
                                    ],
                                    [
                                        -72.7109428,
                                        43.4191064
                                    ],
                                    [
                                        -72.716908,
                                        43.4270234
                                    ],
                                    [
                                        -72.72420360000004,
                                        43.42717920000001
                                    ],
                                    [
                                        -72.74308640000002,
                                        43.4274285
                                    ]
                                ]
                            ]
                        }
                    }
                ],
                "elevationProfile": {
                    "heights": [
                        498.6,
                        499.3,
                        499.3,
                        496.1,
                        492.5,
                        489.3,
                        485.8,
                        480.1,
                        475.6,
                        471.5,
                        465.6,
                        459.7,
                        455.7,
                        450.3,
                        442.9,
                        437.6,
                        434.7,
                        432.8,
                        430.9,
                        427.7,
                        422.3,
                        417.7,
                        415.8,
                        413.6,
                        411.8,
                        408.3,
                        407.4,
                        405.6,
                        402,
                        397.5,
                        392.7,
                        386.7,
                        381.9,
                        380.4
                    ],
                    "resolution": 25
                },
                "sources": [
                    {
                        "type": "openstreetmap",
                        "id": "way/257653951"
                    }
                ],
                "websites": [],
                "wikidataID": null,
                "places": [
                    {
                        "iso3166_2": "US-VT",
                        "localized": {
                            "en": {
                                "region": "Vermont",
                                "country": "United States",
                                "locality": "Ludlow"
                            }
                        },
                        "iso3166_1Alpha2": "US"
                    }
                ]
            },
            "geometry": {
                "type": "LineString",
                "coordinates": [
                    [
                        -72.7243273,
                        43.415187499999995,
                        498.6
                    ],
                    [
                        -72.7243182,
                        43.4151831,
                        498.6
                    ],
                    [
                        -72.72416660000003,
                        43.4150916,
                        498.9
                    ],
                    [
                        -72.72407340000002,
                        43.4150243,
                        499.4
                    ],
                    [
                        -72.7239389,
                        43.414978,
                        499.8
                    ],
                    [
                        -72.7235425,
                        43.414921499999984,
                        496.7
                    ],
                    [
                        -72.7226152,
                        43.414921499999984,
                        486.6
                    ],
                    [
                        -72.7212774,
                        43.414967799999985,
                        464.4
                    ],
                    [
                        -72.72038549999998,
                        43.414962599999996,
                        449.9
                    ],
                    [
                        -72.7201648,
                        43.4150355,
                        443.7
                    ],
                    [
                        -72.71990790000002,
                        43.4151204,
                        438.5
                    ],
                    [
                        -72.7198405,
                        43.4151426,
                        437.6
                    ],
                    [
                        -72.71942290000003,
                        43.4152454,
                        433.5
                    ],
                    [
                        -72.71921760000004,
                        43.4154717,
                        431.1
                    ],
                    [
                        -72.7189345,
                        43.4160938,
                        419.2
                    ],
                    [
                        -72.71869380000003,
                        43.4168959,
                        411.2
                    ],
                    [
                        -72.7185522,
                        43.417518,
                        405.6
                    ],
                    [
                        -72.7184177,
                        43.4177391,
                        401.6
                    ],
                    [
                        -72.71822660000004,
                        43.417924199999995,
                        396.8
                    ],
                    [
                        -72.71795770000003,
                        43.418171,
                        389.9
                    ],
                    [
                        -72.71768160000003,
                        43.4183046,
                        383.3
                    ],
                    [
                        -72.71756830000002,
                        43.41845890000001,
                        381
                    ],
                    [
                        -72.71756230000003,
                        43.41853200000001,
                        380.4
                    ]
                ]
            }
        },
        {
            "type": "Feature",
            "properties": {
                "type": "run",
                "id": "bf029fb8fc30f74a846a69b339bef1c682218163",
                "uses": [
                    "downhill"
                ],
                "name": "Rising Star",
                "ref": null,
                "description": null,
                "difficulty": "easy",
                "difficultyConvention": "north_america",
                "status": "operating",
                "oneway": true,
                "lit": false,
                "gladed": null,
                "patrolled": null,
                "grooming": "classic",
                "skiAreas": [
                    {
                        "type": "Feature",
                        "properties": {
                            "id": "0f0d574cfdbd7b9a55296a94c4683b3e732a543b",
                            "name": "Okemo Mountain",
                            "activities": [
                                "downhill"
                            ],
                            "type": "skiArea",
                            "status": "operating"
                        },
                        "geometry": {
                            "type": "Polygon",
                            "coordinates": [
                                [
                                    [
                                        -72.74308640000002,
                                        43.4274285
                                    ],
                                    [
                                        -72.74806460000003,
                                        43.42050910000001
                                    ],
                                    [
                                        -72.7589651,
                                        43.406449499999994
                                    ],
                                    [
                                        -72.74969530000003,
                                        43.39276080000001
                                    ],
                                    [
                                        -72.7296968,
                                        43.387583899999996
                                    ],
                                    [
                                        -72.7130885,
                                        43.3982803
                                    ],
                                    [
                                        -72.71038490000002,
                                        43.4090683
                                    ],
                                    [
                                        -72.7109428,
                                        43.4191064
                                    ],
                                    [
                                        -72.716908,
                                        43.4270234
                                    ],
                                    [
                                        -72.72420360000004,
                                        43.42717920000001
                                    ],
                                    [
                                        -72.74308640000002,
                                        43.4274285
                                    ]
                                ]
                            ]
                        }
                    }
                ],
                "elevationProfile": {
                    "heights": [
                        561.6,
                        556.7,
                        552.3,
                        546.7,
                        542.6,
                        539.4,
                        537.1,
                        530.4
                    ],
                    "resolution": 25
                },
                "sources": [
                    {
                        "type": "openstreetmap",
                        "id": "way/257654233"
                    }
                ],
                "websites": [],
                "wikidataID": null,
                "places": [
                    {
                        "iso3166_2": "US-VT",
                        "localized": {
                            "en": {
                                "region": "Vermont",
                                "country": "United States",
                                "locality": "Ludlow"
                            }
                        },
                        "iso3166_1Alpha2": "US"
                    }
                ]
            },
            "geometry": {
                "type": "LineString",
                "coordinates": [
                    [
                        -72.7284912,
                        43.41783339999999,
                        561.6
                    ],
                    [
                        -72.72769410000002,
                        43.417698499999986,
                        548.9
                    ],
                    [
                        -72.7272875,
                        43.41758039999999,
                        542.3
                    ],
                    [
                        -72.7270464,
                        43.4175391,
                        539.7
                    ],
                    [
                        -72.7267102,
                        43.4175508,
                        537.2
                    ],
                    [
                        -72.7264283,
                        43.417603899999996,
                        530.4
                    ]
                ]
            }
        },
        {
            "type": "Feature",
            "properties": {
                "type": "run",
                "id": "a8dc46d9af99478d00237b8351e9e8a5bbcb6876",
                "uses": [
                    "downhill"
                ],
                "name": "Promenade",
                "ref": null,
                "description": null,
                "difficulty": "easy",
                "difficultyConvention": "north_america",
                "status": "operating",
                "oneway": true,
                "lit": false,
                "gladed": null,
                "patrolled": null,
                "grooming": "classic",
                "skiAreas": [
                    {
                        "type": "Feature",
                        "properties": {
                            "id": "0f0d574cfdbd7b9a55296a94c4683b3e732a543b",
                            "name": "Okemo Mountain",
                            "activities": [
                                "downhill"
                            ],
                            "type": "skiArea",
                            "status": "operating"
                        },
                        "geometry": {
                            "type": "Polygon",
                            "coordinates": [
                                [
                                    [
                                        -72.74308640000002,
                                        43.4274285
                                    ],
                                    [
                                        -72.74806460000003,
                                        43.42050910000001
                                    ],
                                    [
                                        -72.7589651,
                                        43.406449499999994
                                    ],
                                    [
                                        -72.74969530000003,
                                        43.39276080000001
                                    ],
                                    [
                                        -72.7296968,
                                        43.387583899999996
                                    ],
                                    [
                                        -72.7130885,
                                        43.3982803
                                    ],
                                    [
                                        -72.71038490000002,
                                        43.4090683
                                    ],
                                    [
                                        -72.7109428,
                                        43.4191064
                                    ],
                                    [
                                        -72.716908,
                                        43.4270234
                                    ],
                                    [
                                        -72.72420360000004,
                                        43.42717920000001
                                    ],
                                    [
                                        -72.74308640000002,
                                        43.4274285
                                    ]
                                ]
                            ]
                        }
                    }
                ],
                "elevationProfile": {
                    "heights": [
                        530.8,
                        531,
                        530.4,
                        529.8,
                        529,
                        531,
                        534.2,
                        534,
                        530.4,
                        526.6,
                        521.5,
                        517.1,
                        516,
                        515.3,
                        512,
                        509.4,
                        506.9,
                        504.8,
                        504.8,
                        503,
                        502
                    ],
                    "resolution": 25
                },
                "sources": [
                    {
                        "type": "openstreetmap",
                        "id": "way/257654418"
                    }
                ],
                "websites": [],
                "wikidataID": null,
                "places": [
                    {
                        "iso3166_2": "US-VT",
                        "localized": {
                            "en": {
                                "region": "Vermont",
                                "country": "United States",
                                "locality": "Ludlow"
                            }
                        },
                        "iso3166_1Alpha2": "US"
                    }
                ]
            },
            "geometry": {
                "type": "LineString",
                "coordinates": [
                    [
                        -72.72656090000002,
                        43.415814,
                        530.8
                    ],
                    [
                        -72.7263687,
                        43.416647199999986,
                        529.1
                    ],
                    [
                        -72.72637689999996,
                        43.4171492,
                        534.2
                    ],
                    [
                        -72.7264175,
                        43.4175331,
                        531.2
                    ],
                    [
                        -72.7264283,
                        43.417603899999996,
                        530.4
                    ],
                    [
                        -72.7264419,
                        43.417692599999995,
                        529.7
                    ],
                    [
                        -72.7262793,
                        43.4179052,
                        524.4
                    ],
                    [
                        -72.7261329,
                        43.4180056,
                        520.6
                    ],
                    [
                        -72.72576709999997,
                        43.418056,
                        516.8
                    ],
                    [
                        -72.7254662,
                        43.4180706,
                        516.3
                    ],
                    [
                        -72.7251735,
                        43.4179584,
                        514.3
                    ],
                    [
                        -72.72487269999998,
                        43.417680799999985,
                        509.5
                    ],
                    [
                        -72.72466940000004,
                        43.417237799999995,
                        504.8
                    ],
                    [
                        -72.72466650000003,
                        43.416660499999985,
                        502
                    ]
                ]
            }
        },
        {
            "type": "Feature",
            "properties": {
                "type": "run",
                "id": "5b0bc47890b50aa10c266a01af6df6d41e405fda",
                "uses": [
                    "downhill"
                ],
                "name": "Line Drive",
                "ref": null,
                "description": null,
                "difficulty": "intermediate",
                "difficultyConvention": "north_america",
                "status": "operating",
                "oneway": true,
                "lit": false,
                "gladed": null,
                "patrolled": null,
                "grooming": "classic",
                "skiAreas": [
                    {
                        "type": "Feature",
                        "properties": {
                            "id": "0f0d574cfdbd7b9a55296a94c4683b3e732a543b",
                            "name": "Okemo Mountain",
                            "activities": [
                                "downhill"
                            ],
                            "type": "skiArea",
                            "status": "operating"
                        },
                        "geometry": {
                            "type": "Polygon",
                            "coordinates": [
                                [
                                    [
                                        -72.74308640000002,
                                        43.4274285
                                    ],
                                    [
                                        -72.74806460000003,
                                        43.42050910000001
                                    ],
                                    [
                                        -72.7589651,
                                        43.406449499999994
                                    ],
                                    [
                                        -72.74969530000003,
                                        43.39276080000001
                                    ],
                                    [
                                        -72.7296968,
                                        43.387583899999996
                                    ],
                                    [
                                        -72.7130885,
                                        43.3982803
                                    ],
                                    [
                                        -72.71038490000002,
                                        43.4090683
                                    ],
                                    [
                                        -72.7109428,
                                        43.4191064
                                    ],
                                    [
                                        -72.716908,
                                        43.4270234
                                    ],
                                    [
                                        -72.72420360000004,
                                        43.42717920000001
                                    ],
                                    [
                                        -72.74308640000002,
                                        43.4274285
                                    ]
                                ]
                            ]
                        }
                    }
                ],
                "elevationProfile": {
                    "heights": [
                        492.9,
                        489.2,
                        487.8,
                        483.4,
                        478.8,
                        474.5,
                        470.2,
                        464.5,
                        459.6,
                        454.2,
                        448.6,
                        441.7,
                        435.2,
                        429.4,
                        421.6,
                        416.1,
                        409.5,
                        402,
                        396.3,
                        392.9,
                        386.4,
                        381.1
                    ],
                    "resolution": 25
                },
                "sources": [
                    {
                        "type": "openstreetmap",
                        "id": "way/257654686"
                    }
                ],
                "websites": [],
                "wikidataID": null,
                "places": [
                    {
                        "iso3166_2": "US-VT",
                        "localized": {
                            "en": {
                                "region": "Vermont",
                                "country": "United States",
                                "locality": "Ludlow"
                            }
                        },
                        "iso3166_1Alpha2": "US"
                    }
                ]
            },
            "geometry": {
                "type": "LineString",
                "coordinates": [
                    [
                        -72.723794,
                        43.4168112,
                        492.9
                    ],
                    [
                        -72.7232028,
                        43.4169712,
                        487.7
                    ],
                    [
                        -72.7229591,
                        43.4169802,
                        484.6
                    ],
                    [
                        -72.7219322,
                        43.4173557,
                        466.9
                    ],
                    [
                        -72.72110920000003,
                        43.4175421,
                        452.5
                    ],
                    [
                        -72.72084279999997,
                        43.41760139999999,
                        447
                    ],
                    [
                        -72.71924470000003,
                        43.4181365,
                        410.2
                    ],
                    [
                        -72.7179301,
                        43.41872880000001,
                        381.1
                    ]
                ]
            }
        },
        {
            "type": "Feature",
            "properties": {
                "type": "run",
                "id": "12f12bc4d48870f6308281465044d3e11eae9dc5",
                "uses": [
                    "downhill"
                ],
                "name": "Black Hole",
                "ref": null,
                "description": null,
                "difficulty": "expert",
                "difficultyConvention": "north_america",
                "status": "operating",
                "oneway": true,
                "lit": false,
                "gladed": true,
                "patrolled": true,
                "grooming": "backcountry",
                "skiAreas": [
                    {
                        "type": "Feature",
                        "properties": {
                            "id": "0f0d574cfdbd7b9a55296a94c4683b3e732a543b",
                            "name": "Okemo Mountain",
                            "activities": [
                                "downhill"
                            ],
                            "type": "skiArea",
                            "status": "operating"
                        },
                        "geometry": {
                            "type": "Polygon",
                            "coordinates": [
                                [
                                    [
                                        -72.74308640000002,
                                        43.4274285
                                    ],
                                    [
                                        -72.74806460000003,
                                        43.42050910000001
                                    ],
                                    [
                                        -72.7589651,
                                        43.406449499999994
                                    ],
                                    [
                                        -72.74969530000003,
                                        43.39276080000001
                                    ],
                                    [
                                        -72.7296968,
                                        43.387583899999996
                                    ],
                                    [
                                        -72.7130885,
                                        43.3982803
                                    ],
                                    [
                                        -72.71038490000002,
                                        43.4090683
                                    ],
                                    [
                                        -72.7109428,
                                        43.4191064
                                    ],
                                    [
                                        -72.716908,
                                        43.4270234
                                    ],
                                    [
                                        -72.72420360000004,
                                        43.42717920000001
                                    ],
                                    [
                                        -72.74308640000002,
                                        43.4274285
                                    ]
                                ]
                            ]
                        }
                    }
                ],
                "elevationProfile": {
                    "heights": [
                        818.3,
                        814.3,
                        809.8,
                        801.8,
                        793.2,
                        787.3,
                        782.5,
                        775.6,
                        768.6,
                        760.5,
                        752.6,
                        747.2,
                        737.8,
                        727.5,
                        721.7,
                        720.6
                    ],
                    "resolution": 25
                },
                "sources": [
                    {
                        "type": "openstreetmap",
                        "id": "way/257656726"
                    }
                ],
                "websites": [],
                "wikidataID": null,
                "places": [
                    {
                        "iso3166_2": "US-VT",
                        "localized": {
                            "en": {
                                "region": "Vermont",
                                "country": "United States",
                                "locality": "Ludlow"
                            }
                        },
                        "iso3166_1Alpha2": "US"
                    },
                    {
                        "iso3166_2": "US-VT",
                        "localized": {
                            "en": {
                                "region": "Vermont",
                                "country": "United States",
                                "locality": null
                            }
                        },
                        "iso3166_1Alpha2": "US"
                    }
                ]
            },
            "geometry": {
                "type": "LineString",
                "coordinates": [
                    [
                        -72.74095960000004,
                        43.4213813,
                        818.3
                    ],
                    [
                        -72.7407312,
                        43.4214623,
                        814.9
                    ],
                    [
                        -72.73982480000002,
                        43.42179570000001,
                        792.6
                    ],
                    [
                        -72.73943799999998,
                        43.421944499999995,
                        784.9
                    ],
                    [
                        -72.7388838,
                        43.42210390000002,
                        772.9
                    ],
                    [
                        -72.7384306,
                        43.42217510000002,
                        761
                    ],
                    [
                        -72.73799480000002,
                        43.42221710000001,
                        750.6
                    ],
                    [
                        -72.73759930000003,
                        43.42218980000001,
                        741.7
                    ],
                    [
                        -72.73721830000002,
                        43.4220892,
                        728.2
                    ],
                    [
                        -72.7368817,
                        43.4219449,
                        720.6
                    ]
                ]
            }
        },
        {
            "type": "Feature",
            "properties": {
                "type": "run",
                "id": "0fe8ef9edaa355a0380b2c7b51f4884e92c52214",
                "uses": [
                    "downhill"
                ],
                "name": "Big Bang",
                "ref": null,
                "description": null,
                "difficulty": "expert",
                "difficultyConvention": "north_america",
                "status": "operating",
                "oneway": true,
                "lit": false,
                "gladed": null,
                "patrolled": null,
                "grooming": "mogul",
                "skiAreas": [
                    {
                        "type": "Feature",
                        "properties": {
                            "id": "0f0d574cfdbd7b9a55296a94c4683b3e732a543b",
                            "name": "Okemo Mountain",
                            "activities": [
                                "downhill"
                            ],
                            "type": "skiArea",
                            "status": "operating"
                        },
                        "geometry": {
                            "type": "Polygon",
                            "coordinates": [
                                [
                                    [
                                        -72.74308640000002,
                                        43.4274285
                                    ],
                                    [
                                        -72.74806460000003,
                                        43.42050910000001
                                    ],
                                    [
                                        -72.7589651,
                                        43.406449499999994
                                    ],
                                    [
                                        -72.74969530000003,
                                        43.39276080000001
                                    ],
                                    [
                                        -72.7296968,
                                        43.387583899999996
                                    ],
                                    [
                                        -72.7130885,
                                        43.3982803
                                    ],
                                    [
                                        -72.71038490000002,
                                        43.4090683
                                    ],
                                    [
                                        -72.7109428,
                                        43.4191064
                                    ],
                                    [
                                        -72.716908,
                                        43.4270234
                                    ],
                                    [
                                        -72.72420360000004,
                                        43.42717920000001
                                    ],
                                    [
                                        -72.74308640000002,
                                        43.4274285
                                    ]
                                ]
                            ]
                        }
                    }
                ],
                "elevationProfile": {
                    "heights": [
                        812.6,
                        808.6,
                        802.6,
                        796.2,
                        789.3,
                        783.9,
                        777.2,
                        768.7,
                        759.9,
                        749.1,
                        740,
                        732.3,
                        723.9,
                        715.9,
                        710.1,
                        704.7,
                        701.9,
                        696.4,
                        688,
                        680.6,
                        675.1,
                        674.5
                    ],
                    "resolution": 25
                },
                "sources": [
                    {
                        "type": "openstreetmap",
                        "id": "way/257662125"
                    }
                ],
                "websites": [],
                "wikidataID": null,
                "places": [
                    {
                        "iso3166_2": "US-VT",
                        "localized": {
                            "en": {
                                "region": "Vermont",
                                "country": "United States",
                                "locality": "Ludlow"
                            }
                        },
                        "iso3166_1Alpha2": "US"
                    },
                    {
                        "iso3166_2": "US-VT",
                        "localized": {
                            "en": {
                                "region": "Vermont",
                                "country": "United States",
                                "locality": null
                            }
                        },
                        "iso3166_1Alpha2": "US"
                    }
                ]
            },
            "geometry": {
                "type": "LineString",
                "coordinates": [
                    [
                        -72.74100510000002,
                        43.4218512,
                        812.6
                    ],
                    [
                        -72.74040330000003,
                        43.42218500000001,
                        799.8
                    ],
                    [
                        -72.73987340000002,
                        43.422534100000014,
                        785.3
                    ],
                    [
                        -72.7393064,
                        43.4230175,
                        763.5
                    ],
                    [
                        -72.7386163,
                        43.423339700000014,
                        737.8
                    ],
                    [
                        -72.73783990000003,
                        43.4236798,
                        715.1
                    ],
                    [
                        -72.73728530000002,
                        43.423912600000016,
                        703.9
                    ],
                    [
                        -72.736706,
                        43.4239842,
                        695.5
                    ],
                    [
                        -72.7357664,
                        43.4239492,
                        674.5
                    ]
                ]
            }
        },
        {
            "type": "Feature",
            "properties": {
                "type": "run",
                "id": "42c043ea594f8cb50237d1a8860961477992fa12",
                "uses": [
                    "downhill"
                ],
                "name": "Vortex",
                "ref": null,
                "description": null,
                "difficulty": "advanced",
                "difficultyConvention": "north_america",
                "status": "operating",
                "oneway": true,
                "lit": false,
                "gladed": null,
                "patrolled": null,
                "grooming": "classic",
                "skiAreas": [
                    {
                        "type": "Feature",
                        "properties": {
                            "id": "0f0d574cfdbd7b9a55296a94c4683b3e732a543b",
                            "name": "Okemo Mountain",
                            "activities": [
                                "downhill"
                            ],
                            "type": "skiArea",
                            "status": "operating"
                        },
                        "geometry": {
                            "type": "Polygon",
                            "coordinates": [
                                [
                                    [
                                        -72.74308640000002,
                                        43.4274285
                                    ],
                                    [
                                        -72.74806460000003,
                                        43.42050910000001
                                    ],
                                    [
                                        -72.7589651,
                                        43.406449499999994
                                    ],
                                    [
                                        -72.74969530000003,
                                        43.39276080000001
                                    ],
                                    [
                                        -72.7296968,
                                        43.387583899999996
                                    ],
                                    [
                                        -72.7130885,
                                        43.3982803
                                    ],
                                    [
                                        -72.71038490000002,
                                        43.4090683
                                    ],
                                    [
                                        -72.7109428,
                                        43.4191064
                                    ],
                                    [
                                        -72.716908,
                                        43.4270234
                                    ],
                                    [
                                        -72.72420360000004,
                                        43.42717920000001
                                    ],
                                    [
                                        -72.74308640000002,
                                        43.4274285
                                    ]
                                ]
                            ]
                        }
                    }
                ],
                "elevationProfile": {
                    "heights": [
                        813.7,
                        807.1,
                        800.6,
                        795.4,
                        793,
                        790.7,
                        787.3,
                        783.1,
                        778,
                        769.7,
                        759.8,
                        751.1,
                        746.1,
                        741.7,
                        735.6,
                        731.1
                    ],
                    "resolution": 25
                },
                "sources": [
                    {
                        "type": "openstreetmap",
                        "id": "way/257662244"
                    }
                ],
                "websites": [],
                "wikidataID": null,
                "places": [
                    {
                        "iso3166_2": "US-VT",
                        "localized": {
                            "en": {
                                "region": "Vermont",
                                "country": "United States",
                                "locality": "Ludlow"
                            }
                        },
                        "iso3166_1Alpha2": "US"
                    },
                    {
                        "iso3166_2": "US-VT",
                        "localized": {
                            "en": {
                                "region": "Vermont",
                                "country": "United States",
                                "locality": null
                            }
                        },
                        "iso3166_1Alpha2": "US"
                    }
                ]
            },
            "geometry": {
                "type": "LineString",
                "coordinates": [
                    [
                        -72.74077779999998,
                        43.4209564,
                        813.7
                    ],
                    [
                        -72.74065290000003,
                        43.420938600000014,
                        811.5
                    ],
                    [
                        -72.74044440000003,
                        43.42090810000001,
                        806.3
                    ],
                    [
                        -72.7401363,
                        43.420773900000015,
                        799.1
                    ],
                    [
                        -72.7398405,
                        43.420702300000016,
                        794.6
                    ],
                    [
                        -72.73956940000004,
                        43.42075600000001,
                        792.7
                    ],
                    [
                        -72.73921200000002,
                        43.4209887,
                        788.4
                    ],
                    [
                        -72.73895320000003,
                        43.4212393,
                        782.6
                    ],
                    [
                        -72.73877809999996,
                        43.4213666,
                        778.6
                    ],
                    [
                        -72.73856350000003,
                        43.421519,
                        771
                    ],
                    [
                        -72.7383033,
                        43.421666599999995,
                        760.2
                    ],
                    [
                        -72.7381163,
                        43.4218024,
                        752.7
                    ],
                    [
                        -72.73796180000002,
                        43.4218556,
                        748.7
                    ],
                    [
                        -72.73753900000003,
                        43.421684299999995,
                        742.4
                    ],
                    [
                        -72.7370378,
                        43.4215811,
                        731.1
                    ]
                ]
            }
        },
        {
            "type": "Feature",
            "properties": {
                "type": "run",
                "id": "7bd3dd36fc2701fe6c74488748c0136ed90d27c9",
                "uses": [
                    "downhill"
                ],
                "name": "Quantum Leap",
                "ref": null,
                "description": null,
                "difficulty": "advanced",
                "difficultyConvention": "north_america",
                "status": "operating",
                "oneway": true,
                "lit": false,
                "gladed": null,
                "patrolled": null,
                "grooming": "classic",
                "skiAreas": [
                    {
                        "type": "Feature",
                        "properties": {
                            "id": "0f0d574cfdbd7b9a55296a94c4683b3e732a543b",
                            "name": "Okemo Mountain",
                            "activities": [
                                "downhill"
                            ],
                            "type": "skiArea",
                            "status": "operating"
                        },
                        "geometry": {
                            "type": "Polygon",
                            "coordinates": [
                                [
                                    [
                                        -72.74308640000002,
                                        43.4274285
                                    ],
                                    [
                                        -72.74806460000003,
                                        43.42050910000001
                                    ],
                                    [
                                        -72.7589651,
                                        43.406449499999994
                                    ],
                                    [
                                        -72.74969530000003,
                                        43.39276080000001
                                    ],
                                    [
                                        -72.7296968,
                                        43.387583899999996
                                    ],
                                    [
                                        -72.7130885,
                                        43.3982803
                                    ],
                                    [
                                        -72.71038490000002,
                                        43.4090683
                                    ],
                                    [
                                        -72.7109428,
                                        43.4191064
                                    ],
                                    [
                                        -72.716908,
                                        43.4270234
                                    ],
                                    [
                                        -72.72420360000004,
                                        43.42717920000001
                                    ],
                                    [
                                        -72.74308640000002,
                                        43.4274285
                                    ]
                                ]
                            ]
                        }
                    }
                ],
                "elevationProfile": {
                    "heights": [
                        812.7,
                        807.2,
                        799.7,
                        790.7,
                        786.1,
                        782.5,
                        779.7,
                        774,
                        767.1,
                        759.2,
                        750.9,
                        741.4,
                        730.7,
                        721.8,
                        711.7,
                        701.8,
                        690.5,
                        679.9,
                        671.3,
                        663.1,
                        655.1,
                        649.2,
                        643.3,
                        637.4,
                        629,
                        620.2,
                        611.9,
                        603,
                        595.6,
                        588.8,
                        581.7,
                        575.3,
                        568,
                        556.8,
                        547.6,
                        539.9,
                        534.6,
                        530.8,
                        525.2,
                        519.6,
                        513.7,
                        507.1,
                        498.8,
                        490.5,
                        482.4,
                        476.4,
                        470.3,
                        463.1,
                        455.8,
                        452,
                        451.4,
                        451.2
                    ],
                    "resolution": 25
                },
                "sources": [
                    {
                        "type": "openstreetmap",
                        "id": "way/257662422"
                    }
                ],
                "websites": [],
                "wikidataID": null,
                "places": [
                    {
                        "iso3166_2": "US-VT",
                        "localized": {
                            "en": {
                                "region": "Vermont",
                                "country": "United States",
                                "locality": "Ludlow"
                            }
                        },
                        "iso3166_1Alpha2": "US"
                    },
                    {
                        "iso3166_2": "US-VT",
                        "localized": {
                            "en": {
                                "region": "Vermont",
                                "country": "United States",
                                "locality": null
                            }
                        },
                        "iso3166_1Alpha2": "US"
                    }
                ]
            },
            "geometry": {
                "type": "LineString",
                "coordinates": [
                    [
                        -72.74069290000003,
                        43.42113070000001,
                        812.7
                    ],
                    [
                        -72.73877809999996,
                        43.4213666,
                        778.6
                    ],
                    [
                        -72.7370378,
                        43.4215811,
                        731.1
                    ],
                    [
                        -72.73451850000002,
                        43.421891599999995,
                        653.7
                    ],
                    [
                        -72.7336451,
                        43.4219684,
                        637
                    ],
                    [
                        -72.7297282,
                        43.42231310000002,
                        535.3
                    ],
                    [
                        -72.72711570000003,
                        43.42254300000001,
                        480.6
                    ],
                    [
                        -72.7259572,
                        43.4226219,
                        455.4
                    ],
                    [
                        -72.72527,
                        43.42251520000003,
                        451.2
                    ]
                ]
            }
        },
        {
            "type": "Feature",
            "properties": {
                "type": "run",
                "id": "6686c1b7e1d7d4e97cf437871d4e4a776790cd30",
                "uses": [
                    "downhill"
                ],
                "name": "Eclipse",
                "ref": null,
                "description": null,
                "difficulty": "advanced",
                "difficultyConvention": "north_america",
                "status": "operating",
                "oneway": true,
                "lit": false,
                "gladed": null,
                "patrolled": null,
                "grooming": "classic",
                "skiAreas": [
                    {
                        "type": "Feature",
                        "properties": {
                            "id": "0f0d574cfdbd7b9a55296a94c4683b3e732a543b",
                            "name": "Okemo Mountain",
                            "activities": [
                                "downhill"
                            ],
                            "type": "skiArea",
                            "status": "operating"
                        },
                        "geometry": {
                            "type": "Polygon",
                            "coordinates": [
                                [
                                    [
                                        -72.74308640000002,
                                        43.4274285
                                    ],
                                    [
                                        -72.74806460000003,
                                        43.42050910000001
                                    ],
                                    [
                                        -72.7589651,
                                        43.406449499999994
                                    ],
                                    [
                                        -72.74969530000003,
                                        43.39276080000001
                                    ],
                                    [
                                        -72.7296968,
                                        43.387583899999996
                                    ],
                                    [
                                        -72.7130885,
                                        43.3982803
                                    ],
                                    [
                                        -72.71038490000002,
                                        43.4090683
                                    ],
                                    [
                                        -72.7109428,
                                        43.4191064
                                    ],
                                    [
                                        -72.716908,
                                        43.4270234
                                    ],
                                    [
                                        -72.72420360000004,
                                        43.42717920000001
                                    ],
                                    [
                                        -72.74308640000002,
                                        43.4274285
                                    ]
                                ]
                            ]
                        }
                    }
                ],
                "elevationProfile": {
                    "heights": [
                        731.1,
                        724,
                        719.1,
                        714.9,
                        710.5,
                        706.5,
                        704.7,
                        702,
                        698.5,
                        694.1,
                        687.3,
                        678.9,
                        670.6,
                        663,
                        654.8,
                        642.8,
                        634.6,
                        630,
                        625,
                        618.5,
                        610.2,
                        602.6,
                        594,
                        586.3,
                        581.8,
                        577.6,
                        573.1,
                        566.4,
                        558,
                        549.5,
                        542.5,
                        535.9,
                        529.5,
                        522.2,
                        514.2,
                        506.9,
                        500.7,
                        493,
                        486,
                        477.5,
                        469.1,
                        464.4
                    ],
                    "resolution": 25
                },
                "sources": [
                    {
                        "type": "openstreetmap",
                        "id": "way/257662629"
                    }
                ],
                "websites": [],
                "wikidataID": null,
                "places": [
                    {
                        "iso3166_2": "US-VT",
                        "localized": {
                            "en": {
                                "region": "Vermont",
                                "country": "United States",
                                "locality": "Ludlow"
                            }
                        },
                        "iso3166_1Alpha2": "US"
                    }
                ]
            },
            "geometry": {
                "type": "LineString",
                "coordinates": [
                    [
                        -72.7370378,
                        43.4215811,
                        731.1
                    ],
                    [
                        -72.7368817,
                        43.4219449,
                        720.6
                    ],
                    [
                        -72.7367657,
                        43.422117600000014,
                        717.1
                    ],
                    [
                        -72.7365883,
                        43.42227360000001,
                        712.4
                    ],
                    [
                        -72.73643879999997,
                        43.422511100000015,
                        707.4
                    ],
                    [
                        -72.7364108,
                        43.422728100000015,
                        705
                    ],
                    [
                        -72.7364108,
                        43.42291810000002,
                        704
                    ],
                    [
                        -72.7363735,
                        43.4230673,
                        701.8
                    ],
                    [
                        -72.7361867,
                        43.42327080000001,
                        697.7
                    ],
                    [
                        -72.7359905,
                        43.4234947,
                        691.7
                    ],
                    [
                        -72.73588779999997,
                        43.42370500000001,
                        684.3
                    ],
                    [
                        -72.7357664,
                        43.4239492,
                        674.5
                    ],
                    [
                        -72.73543009999997,
                        43.4240577,
                        664.9
                    ],
                    [
                        -72.7345708,
                        43.424112000000015,
                        637.7
                    ],
                    [
                        -72.7340011,
                        43.424112000000015,
                        628.8
                    ],
                    [
                        -72.7335621,
                        43.4241866,
                        620
                    ],
                    [
                        -72.7330391,
                        43.4242951,
                        605.9
                    ],
                    [
                        -72.7324507,
                        43.424268,
                        590.1
                    ],
                    [
                        -72.7314513,
                        43.4240781,
                        574.4
                    ],
                    [
                        -72.73025580000002,
                        43.4240238,
                        544.8
                    ],
                    [
                        -72.72835979999998,
                        43.4240781,
                        502.4
                    ],
                    [
                        -72.7276779,
                        43.42417980000001,
                        485.8
                    ],
                    [
                        -72.7268495,
                        43.42423590000001,
                        464.4
                    ]
                ]
            }
        },
        {
            "type": "Feature",
            "properties": {
                "type": "run",
                "id": "c551c51e8a74eaab37bc6da6db4156db974266ab",
                "uses": [
                    "downhill"
                ],
                "name": "Blue Moon",
                "ref": null,
                "description": null,
                "difficulty": "intermediate",
                "difficultyConvention": "north_america",
                "status": "operating",
                "oneway": true,
                "lit": false,
                "gladed": null,
                "patrolled": null,
                "grooming": "classic",
                "skiAreas": [
                    {
                        "type": "Feature",
                        "properties": {
                            "id": "0f0d574cfdbd7b9a55296a94c4683b3e732a543b",
                            "name": "Okemo Mountain",
                            "activities": [
                                "downhill"
                            ],
                            "type": "skiArea",
                            "status": "operating"
                        },
                        "geometry": {
                            "type": "Polygon",
                            "coordinates": [
                                [
                                    [
                                        -72.74308640000002,
                                        43.4274285
                                    ],
                                    [
                                        -72.74806460000003,
                                        43.42050910000001
                                    ],
                                    [
                                        -72.7589651,
                                        43.406449499999994
                                    ],
                                    [
                                        -72.74969530000003,
                                        43.39276080000001
                                    ],
                                    [
                                        -72.7296968,
                                        43.387583899999996
                                    ],
                                    [
                                        -72.7130885,
                                        43.3982803
                                    ],
                                    [
                                        -72.71038490000002,
                                        43.4090683
                                    ],
                                    [
                                        -72.7109428,
                                        43.4191064
                                    ],
                                    [
                                        -72.716908,
                                        43.4270234
                                    ],
                                    [
                                        -72.72420360000004,
                                        43.42717920000001
                                    ],
                                    [
                                        -72.74308640000002,
                                        43.4274285
                                    ]
                                ]
                            ]
                        }
                    }
                ],
                "elevationProfile": {
                    "heights": [
                        761.9,
                        761,
                        761.3,
                        760.7,
                        758.5,
                        755.9,
                        753.5,
                        751,
                        749,
                        748.1,
                        746.5,
                        743.6,
                        739.9,
                        736.9,
                        734.6,
                        733.2
                    ],
                    "resolution": 25
                },
                "sources": [
                    {
                        "type": "openstreetmap",
                        "id": "way/257663358"
                    }
                ],
                "websites": [],
                "wikidataID": null,
                "places": [
                    {
                        "iso3166_2": "US-VT",
                        "localized": {
                            "en": {
                                "region": "Vermont",
                                "country": "United States",
                                "locality": "Ludlow"
                            }
                        },
                        "iso3166_1Alpha2": "US"
                    },
                    {
                        "iso3166_2": "US-VT",
                        "localized": {
                            "en": {
                                "region": "Vermont",
                                "country": "United States",
                                "locality": null
                            }
                        },
                        "iso3166_1Alpha2": "US"
                    }
                ]
            },
            "geometry": {
                "type": "LineString",
                "coordinates": [
                    [
                        -72.74051970000004,
                        43.4165261,
                        761.9
                    ],
                    [
                        -72.74051120000003,
                        43.416631699999996,
                        761.3
                    ],
                    [
                        -72.74036650000002,
                        43.41677280000001,
                        761
                    ],
                    [
                        -72.74022480000004,
                        43.416863299999996,
                        761.4
                    ],
                    [
                        -72.74016100000003,
                        43.4168983,
                        761.2
                    ],
                    [
                        -72.73987149999998,
                        43.417003499999986,
                        760.5
                    ],
                    [
                        -72.73951190000002,
                        43.4171901,
                        757
                    ],
                    [
                        -72.73922710000002,
                        43.41746139999998,
                        753.2
                    ],
                    [
                        -72.7389562,
                        43.41782099999999,
                        749.2
                    ],
                    [
                        -72.73843779999997,
                        43.418289099999996,
                        744.9
                    ],
                    [
                        -72.7380876,
                        43.418574,
                        738.7
                    ],
                    [
                        -72.7378023,
                        43.41878290000001,
                        735.5
                    ],
                    [
                        -72.73757570000002,
                        43.4188779,
                        733.2
                    ]
                ]
            }
        },
        {
            "type": "Feature",
            "properties": {
                "type": "run",
                "id": "0738981233c0c47980c6165a70cf4ca18eb5f81f",
                "uses": [
                    "downhill"
                ],
                "name": "Upper Limelight",
                "ref": null,
                "description": null,
                "difficulty": "advanced",
                "difficultyConvention": "north_america",
                "status": "operating",
                "oneway": true,
                "lit": false,
                "gladed": null,
                "patrolled": null,
                "grooming": "classic",
                "skiAreas": [
                    {
                        "type": "Feature",
                        "properties": {
                            "id": "0f0d574cfdbd7b9a55296a94c4683b3e732a543b",
                            "name": "Okemo Mountain",
                            "activities": [
                                "downhill"
                            ],
                            "type": "skiArea",
                            "status": "operating"
                        },
                        "geometry": {
                            "type": "Polygon",
                            "coordinates": [
                                [
                                    [
                                        -72.74308640000002,
                                        43.4274285
                                    ],
                                    [
                                        -72.74806460000003,
                                        43.42050910000001
                                    ],
                                    [
                                        -72.7589651,
                                        43.406449499999994
                                    ],
                                    [
                                        -72.74969530000003,
                                        43.39276080000001
                                    ],
                                    [
                                        -72.7296968,
                                        43.387583899999996
                                    ],
                                    [
                                        -72.7130885,
                                        43.3982803
                                    ],
                                    [
                                        -72.71038490000002,
                                        43.4090683
                                    ],
                                    [
                                        -72.7109428,
                                        43.4191064
                                    ],
                                    [
                                        -72.716908,
                                        43.4270234
                                    ],
                                    [
                                        -72.72420360000004,
                                        43.42717920000001
                                    ],
                                    [
                                        -72.74308640000002,
                                        43.4274285
                                    ]
                                ]
                            ]
                        }
                    }
                ],
                "elevationProfile": {
                    "heights": [
                        814.7,
                        810.6,
                        807.1,
                        799.6,
                        794.6,
                        791,
                        786.7,
                        780.6,
                        773,
                        764,
                        754.8,
                        746,
                        738.6,
                        734.2,
                        733.2
                    ],
                    "resolution": 25
                },
                "sources": [
                    {
                        "type": "openstreetmap",
                        "id": "way/257663418"
                    }
                ],
                "websites": [],
                "wikidataID": null,
                "places": [
                    {
                        "iso3166_2": "US-VT",
                        "localized": {
                            "en": {
                                "region": "Vermont",
                                "country": "United States",
                                "locality": "Ludlow"
                            }
                        },
                        "iso3166_1Alpha2": "US"
                    },
                    {
                        "iso3166_2": "US-VT",
                        "localized": {
                            "en": {
                                "region": "Vermont",
                                "country": "United States",
                                "locality": null
                            }
                        },
                        "iso3166_1Alpha2": "US"
                    }
                ]
            },
            "geometry": {
                "type": "LineString",
                "coordinates": [
                    [
                        -72.74091540000003,
                        43.42040530000001,
                        814.7
                    ],
                    [
                        -72.74041380000003,
                        43.420314800000014,
                        808.6
                    ],
                    [
                        -72.74002350000004,
                        43.42033840000001,
                        800.1
                    ],
                    [
                        -72.7397227,
                        43.42027930000001,
                        794.8
                    ],
                    [
                        -72.73956990000003,
                        43.420148200000014,
                        792.2
                    ],
                    [
                        -72.7394543,
                        43.420049,
                        790.1
                    ],
                    [
                        -72.73873069999998,
                        43.4195234,
                        767.6
                    ],
                    [
                        -72.7383654,
                        43.419284699999984,
                        753.5
                    ],
                    [
                        -72.73757570000002,
                        43.4188779,
                        733.2
                    ]
                ]
            }
        },
        {
            "type": "Feature",
            "properties": {
                "type": "run",
                "id": "74c2d839e9ae9e1dc3759b66be28581073823c85",
                "uses": [
                    "downhill"
                ],
                "name": "Lower Limelight",
                "ref": null,
                "description": null,
                "difficulty": "intermediate",
                "difficultyConvention": "north_america",
                "status": "operating",
                "oneway": true,
                "lit": false,
                "gladed": null,
                "patrolled": null,
                "grooming": "classic",
                "skiAreas": [
                    {
                        "type": "Feature",
                        "properties": {
                            "id": "0f0d574cfdbd7b9a55296a94c4683b3e732a543b",
                            "name": "Okemo Mountain",
                            "activities": [
                                "downhill"
                            ],
                            "type": "skiArea",
                            "status": "operating"
                        },
                        "geometry": {
                            "type": "Polygon",
                            "coordinates": [
                                [
                                    [
                                        -72.74308640000002,
                                        43.4274285
                                    ],
                                    [
                                        -72.74806460000003,
                                        43.42050910000001
                                    ],
                                    [
                                        -72.7589651,
                                        43.406449499999994
                                    ],
                                    [
                                        -72.74969530000003,
                                        43.39276080000001
                                    ],
                                    [
                                        -72.7296968,
                                        43.387583899999996
                                    ],
                                    [
                                        -72.7130885,
                                        43.3982803
                                    ],
                                    [
                                        -72.71038490000002,
                                        43.4090683
                                    ],
                                    [
                                        -72.7109428,
                                        43.4191064
                                    ],
                                    [
                                        -72.716908,
                                        43.4270234
                                    ],
                                    [
                                        -72.72420360000004,
                                        43.42717920000001
                                    ],
                                    [
                                        -72.74308640000002,
                                        43.4274285
                                    ]
                                ]
                            ]
                        }
                    }
                ],
                "elevationProfile": {
                    "heights": [
                        733.2,
                        728.7,
                        723.8,
                        717.3,
                        710.5,
                        704,
                        698.5,
                        694.5,
                        692.1,
                        689.6,
                        686.3,
                        682.3,
                        675.1,
                        668.7,
                        662.7,
                        656.5,
                        652.2,
                        646.4,
                        638.5,
                        631.9,
                        623.6,
                        615.9,
                        608.6,
                        601.9,
                        594.9,
                        588.1,
                        584.2,
                        578.8,
                        573.2,
                        567.7,
                        561.1,
                        554.8,
                        549.1,
                        543,
                        536.5,
                        529.1,
                        522.6,
                        516,
                        509.9,
                        504.5,
                        497.8,
                        488.9,
                        480.6,
                        472.8,
                        470.3,
                        466.5,
                        461.2,
                        454.5,
                        451.2
                    ],
                    "resolution": 25
                },
                "sources": [
                    {
                        "type": "openstreetmap",
                        "id": "way/257663956"
                    }
                ],
                "websites": [],
                "wikidataID": null,
                "places": [
                    {
                        "iso3166_2": "US-VT",
                        "localized": {
                            "en": {
                                "region": "Vermont",
                                "country": "United States",
                                "locality": "Ludlow"
                            }
                        },
                        "iso3166_1Alpha2": "US"
                    }
                ]
            },
            "geometry": {
                "type": "LineString",
                "coordinates": [
                    [
                        -72.73757570000002,
                        43.4188779,
                        733.2
                    ],
                    [
                        -72.73727440000003,
                        43.4189273,
                        728.7
                    ],
                    [
                        -72.7369517,
                        43.4189619,
                        723.6
                    ],
                    [
                        -72.7364986,
                        43.4189824,
                        713.9
                    ],
                    [
                        -72.7358616,
                        43.4189413,
                        700.3
                    ],
                    [
                        -72.73533779999997,
                        43.4188591,
                        693.8
                    ],
                    [
                        -72.73494140000003,
                        43.4185094,
                        688.4
                    ],
                    [
                        -72.73468660000003,
                        43.4182112,
                        683
                    ],
                    [
                        -72.734361,
                        43.41817010000001,
                        675.4
                    ],
                    [
                        -72.73395040000003,
                        43.4182627,
                        666
                    ],
                    [
                        -72.7334833,
                        43.41853000000001,
                        654.5
                    ],
                    [
                        -72.73325670000003,
                        43.41874590000001,
                        650
                    ],
                    [
                        -72.73271879999997,
                        43.419064699999986,
                        633.5
                    ],
                    [
                        -72.73206760000002,
                        43.419383499999995,
                        614.2
                    ],
                    [
                        -72.73141640000003,
                        43.41962,
                        597.7
                    ],
                    [
                        -72.7310483,
                        43.4198153,
                        587.8
                    ],
                    [
                        -72.7308784,
                        43.4200416,
                        583.3
                    ],
                    [
                        -72.73018470000002,
                        43.420422,
                        567.5
                    ],
                    [
                        -72.72930699999998,
                        43.4207613,
                        547.6
                    ],
                    [
                        -72.72833019999996,
                        43.4211212,
                        523.9
                    ],
                    [
                        -72.72757990000002,
                        43.4213474,
                        507.8
                    ],
                    [
                        -72.72678709999997,
                        43.4215942,
                        487
                    ],
                    [
                        -72.72616420000003,
                        43.4218513,
                        471.2
                    ],
                    [
                        -72.7257253,
                        43.42213920000002,
                        464.8
                    ],
                    [
                        -72.72527,
                        43.42251520000003,
                        451.2
                    ]
                ]
            }
        },
        {
            "type": "Feature",
            "properties": {
                "type": "run",
                "id": "50bfc067e92c0ccbdcf9d7b6bbaf8a77f4424f8f",
                "uses": [
                    "downhill"
                ],
                "name": "Rolling Thunder",
                "ref": null,
                "description": null,
                "difficulty": "expert",
                "difficultyConvention": "north_america",
                "status": "operating",
                "oneway": true,
                "lit": false,
                "gladed": null,
                "patrolled": null,
                "grooming": "classic",
                "skiAreas": [
                    {
                        "type": "Feature",
                        "properties": {
                            "id": "0f0d574cfdbd7b9a55296a94c4683b3e732a543b",
                            "name": "Okemo Mountain",
                            "activities": [
                                "downhill"
                            ],
                            "type": "skiArea",
                            "status": "operating"
                        },
                        "geometry": {
                            "type": "Polygon",
                            "coordinates": [
                                [
                                    [
                                        -72.74308640000002,
                                        43.4274285
                                    ],
                                    [
                                        -72.74806460000003,
                                        43.42050910000001
                                    ],
                                    [
                                        -72.7589651,
                                        43.406449499999994
                                    ],
                                    [
                                        -72.74969530000003,
                                        43.39276080000001
                                    ],
                                    [
                                        -72.7296968,
                                        43.387583899999996
                                    ],
                                    [
                                        -72.7130885,
                                        43.3982803
                                    ],
                                    [
                                        -72.71038490000002,
                                        43.4090683
                                    ],
                                    [
                                        -72.7109428,
                                        43.4191064
                                    ],
                                    [
                                        -72.716908,
                                        43.4270234
                                    ],
                                    [
                                        -72.72420360000004,
                                        43.42717920000001
                                    ],
                                    [
                                        -72.74308640000002,
                                        43.4274285
                                    ]
                                ]
                            ]
                        }
                    }
                ],
                "elevationProfile": {
                    "heights": [
                        732.4,
                        725.1,
                        718.1,
                        710,
                        703,
                        701.4,
                        699.9,
                        698,
                        692.9,
                        686.1,
                        678.6,
                        673.1,
                        666.2,
                        657,
                        646.3,
                        637.1,
                        628.3,
                        619.4,
                        608.3,
                        598.6,
                        590.4,
                        581.3,
                        573,
                        564.5,
                        556.6,
                        549.2,
                        544,
                        537.3,
                        535.3
                    ],
                    "resolution": 25
                },
                "sources": [
                    {
                        "type": "openstreetmap",
                        "id": "way/257664153"
                    }
                ],
                "websites": [],
                "wikidataID": null,
                "places": [
                    {
                        "iso3166_2": "US-VT",
                        "localized": {
                            "en": {
                                "region": "Vermont",
                                "country": "United States",
                                "locality": "Ludlow"
                            }
                        },
                        "iso3166_1Alpha2": "US"
                    }
                ]
            },
            "geometry": {
                "type": "LineString",
                "coordinates": [
                    [
                        -72.7368474,
                        43.4199043,
                        732.4
                    ],
                    [
                        -72.736551,
                        43.4198119,
                        724.5
                    ],
                    [
                        -72.7362801,
                        43.4197373,
                        718.1
                    ],
                    [
                        -72.73587849999997,
                        43.419825499999995,
                        707.5
                    ],
                    [
                        -72.73557029999998,
                        43.4198933,
                        701.9
                    ],
                    [
                        -72.7353648,
                        43.42001540000001,
                        701.2
                    ],
                    [
                        -72.73508460000002,
                        43.4200019,
                        699.6
                    ],
                    [
                        -72.7347764,
                        43.42000870000001,
                        697.6
                    ],
                    [
                        -72.73446820000002,
                        43.42010360000001,
                        691.8
                    ],
                    [
                        -72.73424400000003,
                        43.4202936,
                        682.9
                    ],
                    [
                        -72.7338984,
                        43.4206667,
                        671.3
                    ],
                    [
                        -72.73352480000003,
                        43.4208499,
                        658.9
                    ],
                    [
                        -72.73287099999997,
                        43.4211144,
                        635.1
                    ],
                    [
                        -72.73218920000002,
                        43.421195800000014,
                        614.8
                    ],
                    [
                        -72.73168480000002,
                        43.4212637,
                        598
                    ],
                    [
                        -72.73105910000002,
                        43.4215079,
                        578.5
                    ],
                    [
                        -72.73037719999996,
                        43.4217318,
                        558.2
                    ],
                    [
                        -72.729985,
                        43.421894599999995,
                        547.6
                    ],
                    [
                        -72.7297282,
                        43.42231310000002,
                        535.3
                    ]
                ]
            }
        },
        {
            "type": "Feature",
            "properties": {
                "type": "run",
                "id": "fedce649ea2837348571575d4a207be396aa8925",
                "uses": [
                    "downhill"
                ],
                "name": "White Lightning",
                "ref": null,
                "description": null,
                "difficulty": "advanced",
                "difficultyConvention": "north_america",
                "status": "operating",
                "oneway": true,
                "lit": false,
                "gladed": null,
                "patrolled": null,
                "grooming": "classic",
                "skiAreas": [
                    {
                        "type": "Feature",
                        "properties": {
                            "id": "0f0d574cfdbd7b9a55296a94c4683b3e732a543b",
                            "name": "Okemo Mountain",
                            "activities": [
                                "downhill"
                            ],
                            "type": "skiArea",
                            "status": "operating"
                        },
                        "geometry": {
                            "type": "Polygon",
                            "coordinates": [
                                [
                                    [
                                        -72.74308640000002,
                                        43.4274285
                                    ],
                                    [
                                        -72.74806460000003,
                                        43.42050910000001
                                    ],
                                    [
                                        -72.7589651,
                                        43.406449499999994
                                    ],
                                    [
                                        -72.74969530000003,
                                        43.39276080000001
                                    ],
                                    [
                                        -72.7296968,
                                        43.387583899999996
                                    ],
                                    [
                                        -72.7130885,
                                        43.3982803
                                    ],
                                    [
                                        -72.71038490000002,
                                        43.4090683
                                    ],
                                    [
                                        -72.7109428,
                                        43.4191064
                                    ],
                                    [
                                        -72.716908,
                                        43.4270234
                                    ],
                                    [
                                        -72.72420360000004,
                                        43.42717920000001
                                    ],
                                    [
                                        -72.74308640000002,
                                        43.4274285
                                    ]
                                ]
                            ]
                        }
                    }
                ],
                "elevationProfile": {
                    "heights": [
                        792.2,
                        787,
                        782.7,
                        777.8,
                        770.6,
                        762.5,
                        755.1,
                        748.6,
                        742.1,
                        735,
                        727.6,
                        720,
                        714,
                        710.2,
                        704.9,
                        697.7,
                        690.4,
                        682.9,
                        675.5,
                        669.6,
                        663.4,
                        656.3,
                        649.2,
                        640.1,
                        637
                    ],
                    "resolution": 25
                },
                "sources": [
                    {
                        "type": "openstreetmap",
                        "id": "way/257664247"
                    }
                ],
                "websites": [],
                "wikidataID": null,
                "places": [
                    {
                        "iso3166_2": "US-VT",
                        "localized": {
                            "en": {
                                "region": "Vermont",
                                "country": "United States",
                                "locality": "Ludlow"
                            }
                        },
                        "iso3166_1Alpha2": "US"
                    }
                ]
            },
            "geometry": {
                "type": "LineString",
                "coordinates": [
                    [
                        -72.73956990000003,
                        43.420148200000014,
                        792.2
                    ],
                    [
                        -72.7393429,
                        43.420170200000015,
                        788.5
                    ],
                    [
                        -72.7390472,
                        43.4201876,
                        783.7
                    ],
                    [
                        -72.7385989,
                        43.4202276,
                        776.9
                    ],
                    [
                        -72.7381702,
                        43.4202024,
                        766.2
                    ],
                    [
                        -72.73785420000003,
                        43.420117800000014,
                        757.7
                    ],
                    [
                        -72.7374427,
                        43.4199305,
                        747.4
                    ],
                    [
                        -72.73710990000004,
                        43.41980699999999,
                        739.6
                    ],
                    [
                        -72.736896,
                        43.419885199999996,
                        733.8
                    ],
                    [
                        -72.7368474,
                        43.4199043,
                        732.4
                    ],
                    [
                        -72.736326,
                        43.42010720000001,
                        718.1
                    ],
                    [
                        -72.735886,
                        43.42041560000001,
                        709
                    ],
                    [
                        -72.73566260000003,
                        43.4205646,
                        703.3
                    ],
                    [
                        -72.7353905,
                        43.4206942,
                        695.4
                    ],
                    [
                        -72.73498000000002,
                        43.420883499999995,
                        683.9
                    ],
                    [
                        -72.73439160000002,
                        43.4212391,
                        667.9
                    ],
                    [
                        -72.7339324,
                        43.4215518,
                        653.7
                    ],
                    [
                        -72.7336451,
                        43.4219684,
                        637
                    ]
                ]
            }
        },
        {
            "type": "Feature",
            "properties": {
                "type": "run",
                "id": "13c95729cf81fac91ac641a794ad54a9cecc3e2c",
                "uses": [
                    "downhill"
                ],
                "name": "Expresso",
                "ref": null,
                "description": null,
                "difficulty": "easy",
                "difficultyConvention": "north_america",
                "status": "operating",
                "oneway": true,
                "lit": false,
                "gladed": null,
                "patrolled": null,
                "grooming": "classic",
                "skiAreas": [
                    {
                        "type": "Feature",
                        "properties": {
                            "id": "0f0d574cfdbd7b9a55296a94c4683b3e732a543b",
                            "name": "Okemo Mountain",
                            "activities": [
                                "downhill"
                            ],
                            "type": "skiArea",
                            "status": "operating"
                        },
                        "geometry": {
                            "type": "Polygon",
                            "coordinates": [
                                [
                                    [
                                        -72.74308640000002,
                                        43.4274285
                                    ],
                                    [
                                        -72.74806460000003,
                                        43.42050910000001
                                    ],
                                    [
                                        -72.7589651,
                                        43.406449499999994
                                    ],
                                    [
                                        -72.74969530000003,
                                        43.39276080000001
                                    ],
                                    [
                                        -72.7296968,
                                        43.387583899999996
                                    ],
                                    [
                                        -72.7130885,
                                        43.3982803
                                    ],
                                    [
                                        -72.71038490000002,
                                        43.4090683
                                    ],
                                    [
                                        -72.7109428,
                                        43.4191064
                                    ],
                                    [
                                        -72.716908,
                                        43.4270234
                                    ],
                                    [
                                        -72.72420360000004,
                                        43.42717920000001
                                    ],
                                    [
                                        -72.74308640000002,
                                        43.4274285
                                    ]
                                ]
                            ]
                        }
                    }
                ],
                "elevationProfile": {
                    "heights": [
                        466.5,
                        464.3,
                        464.6,
                        461.9,
                        459.2,
                        459.1,
                        455.6,
                        449.6,
                        445.7,
                        445.3
                    ],
                    "resolution": 25
                },
                "sources": [
                    {
                        "type": "openstreetmap",
                        "id": "way/257665085"
                    }
                ],
                "websites": [],
                "wikidataID": null,
                "places": [
                    {
                        "iso3166_2": "US-VT",
                        "localized": {
                            "en": {
                                "region": "Vermont",
                                "country": "United States",
                                "locality": "Ludlow"
                            }
                        },
                        "iso3166_1Alpha2": "US"
                    }
                ]
            },
            "geometry": {
                "type": "LineString",
                "coordinates": [
                    [
                        -72.72706090000003,
                        43.424552700000014,
                        466.5
                    ],
                    [
                        -72.7270303,
                        43.42450690000001,
                        465.4
                    ],
                    [
                        -72.7268495,
                        43.42423590000001,
                        464.4
                    ],
                    [
                        -72.72677179999997,
                        43.424113300000016,
                        464.6
                    ],
                    [
                        -72.72643199999997,
                        43.42391280000002,
                        459.6
                    ],
                    [
                        -72.7263046,
                        43.4237071,
                        459.3
                    ],
                    [
                        -72.7260852,
                        43.42345010000001,
                        456.2
                    ],
                    [
                        -72.72566760000002,
                        43.4232342,
                        446.7
                    ],
                    [
                        -72.72547899999996,
                        43.423193800000014,
                        445.3
                    ]
                ]
            }
        },
        {
            "type": "Feature",
            "properties": {
                "type": "run",
                "id": "34cf7edb9a29b70f520ad08c7868f22ae1b49f8b",
                "uses": [
                    "downhill"
                ],
                "name": "Spur Line",
                "ref": null,
                "description": null,
                "difficulty": "easy",
                "difficultyConvention": "north_america",
                "status": "operating",
                "oneway": true,
                "lit": false,
                "gladed": null,
                "patrolled": null,
                "grooming": "classic",
                "skiAreas": [
                    {
                        "type": "Feature",
                        "properties": {
                            "id": "0f0d574cfdbd7b9a55296a94c4683b3e732a543b",
                            "name": "Okemo Mountain",
                            "activities": [
                                "downhill"
                            ],
                            "type": "skiArea",
                            "status": "operating"
                        },
                        "geometry": {
                            "type": "Polygon",
                            "coordinates": [
                                [
                                    [
                                        -72.74308640000002,
                                        43.4274285
                                    ],
                                    [
                                        -72.74806460000003,
                                        43.42050910000001
                                    ],
                                    [
                                        -72.7589651,
                                        43.406449499999994
                                    ],
                                    [
                                        -72.74969530000003,
                                        43.39276080000001
                                    ],
                                    [
                                        -72.7296968,
                                        43.387583899999996
                                    ],
                                    [
                                        -72.7130885,
                                        43.3982803
                                    ],
                                    [
                                        -72.71038490000002,
                                        43.4090683
                                    ],
                                    [
                                        -72.7109428,
                                        43.4191064
                                    ],
                                    [
                                        -72.716908,
                                        43.4270234
                                    ],
                                    [
                                        -72.72420360000004,
                                        43.42717920000001
                                    ],
                                    [
                                        -72.74308640000002,
                                        43.4274285
                                    ]
                                ]
                            ]
                        }
                    }
                ],
                "elevationProfile": {
                    "heights": [
                        465.4,
                        463,
                        460.5,
                        458.8,
                        457.8,
                        453.7,
                        447.5,
                        443.1,
                        439.1,
                        436.7
                    ],
                    "resolution": 25
                },
                "sources": [
                    {
                        "type": "openstreetmap",
                        "id": "way/257665150"
                    }
                ],
                "websites": [],
                "wikidataID": null,
                "places": [
                    {
                        "iso3166_2": "US-VT",
                        "localized": {
                            "en": {
                                "region": "Vermont",
                                "country": "United States",
                                "locality": "Ludlow"
                            }
                        },
                        "iso3166_1Alpha2": "US"
                    }
                ]
            },
            "geometry": {
                "type": "LineString",
                "coordinates": [
                    [
                        -72.7270303,
                        43.42450690000001,
                        465.4
                    ],
                    [
                        -72.7269458,
                        43.42445880000001,
                        464.3
                    ],
                    [
                        -72.7268467,
                        43.424446,
                        463.6
                    ],
                    [
                        -72.7266851,
                        43.42445230000001,
                        462.5
                    ],
                    [
                        -72.7265443,
                        43.4244331,
                        461.3
                    ],
                    [
                        -72.72640390000002,
                        43.4243965,
                        460.2
                    ],
                    [
                        -72.7259991,
                        43.4242667,
                        458.6
                    ],
                    [
                        -72.72545229999997,
                        43.42413960000001,
                        451
                    ],
                    [
                        -72.72509179999997,
                        43.424069,
                        444.5
                    ],
                    [
                        -72.7243874,
                        43.423932100000016,
                        436.7
                    ]
                ]
            }
        },
        {
            "type": "Feature",
            "properties": {
                "type": "run",
                "id": "c03b035dcb0787b46cb144b8bc8ee2a702b3c2e5",
                "uses": [
                    "downhill"
                ],
                "name": "Inn Bound",
                "ref": null,
                "description": null,
                "difficulty": "easy",
                "difficultyConvention": "north_america",
                "status": "operating",
                "oneway": true,
                "lit": false,
                "gladed": null,
                "patrolled": null,
                "grooming": "classic",
                "skiAreas": [
                    {
                        "type": "Feature",
                        "properties": {
                            "id": "0f0d574cfdbd7b9a55296a94c4683b3e732a543b",
                            "name": "Okemo Mountain",
                            "activities": [
                                "downhill"
                            ],
                            "type": "skiArea",
                            "status": "operating"
                        },
                        "geometry": {
                            "type": "Polygon",
                            "coordinates": [
                                [
                                    [
                                        -72.74308640000002,
                                        43.4274285
                                    ],
                                    [
                                        -72.74806460000003,
                                        43.42050910000001
                                    ],
                                    [
                                        -72.7589651,
                                        43.406449499999994
                                    ],
                                    [
                                        -72.74969530000003,
                                        43.39276080000001
                                    ],
                                    [
                                        -72.7296968,
                                        43.387583899999996
                                    ],
                                    [
                                        -72.7130885,
                                        43.3982803
                                    ],
                                    [
                                        -72.71038490000002,
                                        43.4090683
                                    ],
                                    [
                                        -72.7109428,
                                        43.4191064
                                    ],
                                    [
                                        -72.716908,
                                        43.4270234
                                    ],
                                    [
                                        -72.72420360000004,
                                        43.42717920000001
                                    ],
                                    [
                                        -72.74308640000002,
                                        43.4274285
                                    ]
                                ]
                            ]
                        }
                    }
                ],
                "elevationProfile": {
                    "heights": [
                        383.7,
                        379.9,
                        377.2,
                        374.8,
                        372.8,
                        371.3,
                        369.7,
                        367.7,
                        365.9,
                        363.7,
                        363.3,
                        359.9,
                        357.5,
                        354.7,
                        352.7,
                        351,
                        350.6
                    ],
                    "resolution": 25
                },
                "sources": [
                    {
                        "type": "openstreetmap",
                        "id": "way/257665977"
                    }
                ],
                "websites": [],
                "wikidataID": null,
                "places": [
                    {
                        "iso3166_2": "US-VT",
                        "localized": {
                            "en": {
                                "region": "Vermont",
                                "country": "United States",
                                "locality": "Ludlow"
                            }
                        },
                        "iso3166_1Alpha2": "US"
                    }
                ]
            },
            "geometry": {
                "type": "LineString",
                "coordinates": [
                    [
                        -72.72138079999998,
                        43.42409280000001,
                        383.7
                    ],
                    [
                        -72.72119960000003,
                        43.4241412,
                        381.3
                    ],
                    [
                        -72.7209889,
                        43.4241574,
                        378.7
                    ],
                    [
                        -72.72083679999997,
                        43.4241442,
                        377.4
                    ],
                    [
                        -72.72062860000003,
                        43.4241018,
                        375.8
                    ],
                    [
                        -72.7203654,
                        43.4240312,
                        373.8
                    ],
                    [
                        -72.7201012,
                        43.42398520000001,
                        372.4
                    ],
                    [
                        -72.71993450000002,
                        43.42390310000001,
                        371.5
                    ],
                    [
                        -72.7198742,
                        43.42387,
                        371
                    ],
                    [
                        -72.71960440000004,
                        43.42367570000001,
                        368.6
                    ],
                    [
                        -72.7195321,
                        43.423577,
                        367.9
                    ],
                    [
                        -72.7193766,
                        43.4232397,
                        365.1
                    ],
                    [
                        -72.7193045,
                        43.4230477,
                        364
                    ],
                    [
                        -72.71920190000003,
                        43.4228965,
                        363.1
                    ],
                    [
                        -72.71907470000002,
                        43.4228043,
                        360.9
                    ],
                    [
                        -72.7188511,
                        43.4226934,
                        358.5
                    ],
                    [
                        -72.7187369,
                        43.422613200000015,
                        357.2
                    ],
                    [
                        -72.71842430000002,
                        43.4226041,
                        354.5
                    ],
                    [
                        -72.71816240000003,
                        43.422604,
                        352.8
                    ],
                    [
                        -72.71769400000004,
                        43.4225544,
                        350.6
                    ]
                ]
            }
        },
        {
            "type": "Feature",
            "properties": {
                "type": "run",
                "id": "7e391c3327ee359da95e9d533dca7a456ddd769c",
                "uses": [
                    "downhill"
                ],
                "name": "Bright Star Basin",
                "ref": null,
                "description": null,
                "difficulty": "easy",
                "difficultyConvention": "north_america",
                "status": "operating",
                "oneway": true,
                "lit": false,
                "gladed": null,
                "patrolled": null,
                "grooming": "classic",
                "skiAreas": [
                    {
                        "type": "Feature",
                        "properties": {
                            "id": "0f0d574cfdbd7b9a55296a94c4683b3e732a543b",
                            "name": "Okemo Mountain",
                            "activities": [
                                "downhill"
                            ],
                            "type": "skiArea",
                            "status": "operating"
                        },
                        "geometry": {
                            "type": "Polygon",
                            "coordinates": [
                                [
                                    [
                                        -72.74308640000002,
                                        43.4274285
                                    ],
                                    [
                                        -72.74806460000003,
                                        43.42050910000001
                                    ],
                                    [
                                        -72.7589651,
                                        43.406449499999994
                                    ],
                                    [
                                        -72.74969530000003,
                                        43.39276080000001
                                    ],
                                    [
                                        -72.7296968,
                                        43.387583899999996
                                    ],
                                    [
                                        -72.7130885,
                                        43.3982803
                                    ],
                                    [
                                        -72.71038490000002,
                                        43.4090683
                                    ],
                                    [
                                        -72.7109428,
                                        43.4191064
                                    ],
                                    [
                                        -72.716908,
                                        43.4270234
                                    ],
                                    [
                                        -72.72420360000004,
                                        43.42717920000001
                                    ],
                                    [
                                        -72.74308640000002,
                                        43.4274285
                                    ]
                                ]
                            ]
                        }
                    }
                ],
                "elevationProfile": {
                    "heights": [
                        368.9,
                        367.3,
                        365.3,
                        362.2,
                        360.5,
                        358.9,
                        356.9,
                        353.9,
                        351.8,
                        351
                    ],
                    "resolution": 25
                },
                "sources": [
                    {
                        "type": "openstreetmap",
                        "id": "way/257667803"
                    }
                ],
                "websites": [],
                "wikidataID": null,
                "places": [
                    {
                        "iso3166_2": "US-VT",
                        "localized": {
                            "en": {
                                "region": "Vermont",
                                "country": "United States",
                                "locality": "Ludlow"
                            }
                        },
                        "iso3166_1Alpha2": "US"
                    }
                ]
            },
            "geometry": {
                "type": "LineString",
                "coordinates": [
                    [
                        -72.7192753,
                        43.42473550000001,
                        368.9
                    ],
                    [
                        -72.71896390000003,
                        43.4242779,
                        364.4
                    ],
                    [
                        -72.7185887,
                        43.4237844,
                        359.3
                    ],
                    [
                        -72.7179883,
                        43.42297180000001,
                        351
                    ]
                ]
            }
        },
        {
            "type": "Feature",
            "properties": {
                "type": "run",
                "id": "2aa162cf2bf3e3f9c7601077a84f069af611dce4",
                "uses": [
                    "downhill"
                ],
                "name": "Southern Crossing",
                "ref": null,
                "description": null,
                "difficulty": "easy",
                "difficultyConvention": "north_america",
                "status": "operating",
                "oneway": true,
                "lit": false,
                "gladed": null,
                "patrolled": null,
                "grooming": "classic",
                "skiAreas": [
                    {
                        "type": "Feature",
                        "properties": {
                            "id": "0f0d574cfdbd7b9a55296a94c4683b3e732a543b",
                            "name": "Okemo Mountain",
                            "activities": [
                                "downhill"
                            ],
                            "type": "skiArea",
                            "status": "operating"
                        },
                        "geometry": {
                            "type": "Polygon",
                            "coordinates": [
                                [
                                    [
                                        -72.74308640000002,
                                        43.4274285
                                    ],
                                    [
                                        -72.74806460000003,
                                        43.42050910000001
                                    ],
                                    [
                                        -72.7589651,
                                        43.406449499999994
                                    ],
                                    [
                                        -72.74969530000003,
                                        43.39276080000001
                                    ],
                                    [
                                        -72.7296968,
                                        43.387583899999996
                                    ],
                                    [
                                        -72.7130885,
                                        43.3982803
                                    ],
                                    [
                                        -72.71038490000002,
                                        43.4090683
                                    ],
                                    [
                                        -72.7109428,
                                        43.4191064
                                    ],
                                    [
                                        -72.716908,
                                        43.4270234
                                    ],
                                    [
                                        -72.72420360000004,
                                        43.42717920000001
                                    ],
                                    [
                                        -72.74308640000002,
                                        43.4274285
                                    ]
                                ]
                            ]
                        }
                    }
                ],
                "elevationProfile": {
                    "heights": [
                        459.5,
                        455.8,
                        452.8,
                        448.2,
                        442.5,
                        436.8,
                        433.1,
                        430.1,
                        423.9,
                        416.2,
                        410.9,
                        405.3,
                        401.1,
                        397.2,
                        391.5,
                        390.4,
                        386.4,
                        380.5,
                        376.1,
                        370.7,
                        366.1,
                        362.5,
                        359.5,
                        359.2,
                        357.9,
                        355.9,
                        355.8
                    ],
                    "resolution": 25
                },
                "sources": [
                    {
                        "type": "openstreetmap",
                        "id": "way/257668293"
                    }
                ],
                "websites": [],
                "wikidataID": null,
                "places": [
                    {
                        "iso3166_2": "US-VT",
                        "localized": {
                            "en": {
                                "region": "Vermont",
                                "country": "United States",
                                "locality": "Ludlow"
                            }
                        },
                        "iso3166_1Alpha2": "US"
                    }
                ]
            },
            "geometry": {
                "type": "LineString",
                "coordinates": [
                    [
                        -72.7226029,
                        43.41964,
                        459.5
                    ],
                    [
                        -72.7225147,
                        43.4196598,
                        457.8
                    ],
                    [
                        -72.72247699999997,
                        43.419683499999984,
                        457.1
                    ],
                    [
                        -72.7224562,
                        43.4197226,
                        456.4
                    ],
                    [
                        -72.72245709999997,
                        43.42003980000001,
                        452.6
                    ],
                    [
                        -72.72261590000002,
                        43.42037220000002,
                        445.2
                    ],
                    [
                        -72.7226066,
                        43.42086739999999,
                        433.7
                    ],
                    [
                        -72.7226006,
                        43.421212900000015,
                        429.4
                    ],
                    [
                        -72.7225407,
                        43.4212809,
                        427
                    ],
                    [
                        -72.7224291,
                        43.4212951,
                        422.7
                    ],
                    [
                        -72.72229829999998,
                        43.421267699999994,
                        418.5
                    ],
                    [
                        -72.7220845,
                        43.4211844,
                        414.5
                    ],
                    [
                        -72.7218842,
                        43.42113670000001,
                        410.9
                    ],
                    [
                        -72.72182430000002,
                        43.4211896,
                        409
                    ],
                    [
                        -72.7217969,
                        43.421281699999994,
                        406.6
                    ],
                    [
                        -72.72185660000002,
                        43.4213896,
                        404.4
                    ],
                    [
                        -72.7219408,
                        43.4214913,
                        401.8
                    ],
                    [
                        -72.7219919,
                        43.421565,
                        400.7
                    ],
                    [
                        -72.7220462,
                        43.4216823,
                        399.5
                    ],
                    [
                        -72.7220255,
                        43.42173260000001,
                        398.2
                    ],
                    [
                        -72.7219873,
                        43.4217641,
                        396.3
                    ],
                    [
                        -72.7217962,
                        43.4218374,
                        392.1
                    ],
                    [
                        -72.7216051,
                        43.421928,
                        391.2
                    ],
                    [
                        -72.721248,
                        43.4220946,
                        387
                    ],
                    [
                        -72.72102570000003,
                        43.42218130000001,
                        381.9
                    ],
                    [
                        -72.72092620000002,
                        43.422227,
                        380
                    ],
                    [
                        -72.7208258,
                        43.42227530000002,
                        378.7
                    ],
                    [
                        -72.72062720000002,
                        43.422308100000016,
                        375.4
                    ],
                    [
                        -72.72047799999997,
                        43.4222995,
                        372.8
                    ],
                    [
                        -72.72037289999996,
                        43.422272200000016,
                        370.9
                    ],
                    [
                        -72.7200288,
                        43.422259300000015,
                        365.7
                    ],
                    [
                        -72.71960360000006,
                        43.42220990000001,
                        360.8
                    ],
                    [
                        -72.719492,
                        43.422210700000015,
                        359.7
                    ],
                    [
                        -72.71918540000003,
                        43.42222680000001,
                        359.2
                    ],
                    [
                        -72.71905340000004,
                        43.422218600000015,
                        359.3
                    ],
                    [
                        -72.71891980000002,
                        43.42223480000001,
                        358.6
                    ],
                    [
                        -72.7188374,
                        43.4222564,
                        357.9
                    ],
                    [
                        -72.718801,
                        43.42226870000001,
                        357.6
                    ],
                    [
                        -72.7186977,
                        43.42231620000002,
                        356.6
                    ],
                    [
                        -72.71864540000003,
                        43.4224808,
                        355.8
                    ]
                ]
            }
        },
        {
            "type": "Feature",
            "properties": {
                "type": "run",
                "id": "fd706df1a6349665743ce37958622709f19e2bab",
                "uses": [
                    "downhill"
                ],
                "name": "Double Diamond",
                "ref": null,
                "description": null,
                "difficulty": "expert",
                "difficultyConvention": "north_america",
                "status": "operating",
                "oneway": true,
                "lit": false,
                "gladed": true,
                "patrolled": true,
                "grooming": "backcountry",
                "skiAreas": [
                    {
                        "type": "Feature",
                        "properties": {
                            "id": "0f0d574cfdbd7b9a55296a94c4683b3e732a543b",
                            "name": "Okemo Mountain",
                            "activities": [
                                "downhill"
                            ],
                            "type": "skiArea",
                            "status": "operating"
                        },
                        "geometry": {
                            "type": "Polygon",
                            "coordinates": [
                                [
                                    [
                                        -72.74308640000002,
                                        43.4274285
                                    ],
                                    [
                                        -72.74806460000003,
                                        43.42050910000001
                                    ],
                                    [
                                        -72.7589651,
                                        43.406449499999994
                                    ],
                                    [
                                        -72.74969530000003,
                                        43.39276080000001
                                    ],
                                    [
                                        -72.7296968,
                                        43.387583899999996
                                    ],
                                    [
                                        -72.7130885,
                                        43.3982803
                                    ],
                                    [
                                        -72.71038490000002,
                                        43.4090683
                                    ],
                                    [
                                        -72.7109428,
                                        43.4191064
                                    ],
                                    [
                                        -72.716908,
                                        43.4270234
                                    ],
                                    [
                                        -72.72420360000004,
                                        43.42717920000001
                                    ],
                                    [
                                        -72.74308640000002,
                                        43.4274285
                                    ]
                                ]
                            ]
                        }
                    }
                ],
                "elevationProfile": {
                    "heights": [
                        976.4,
                        970.8,
                        966.9,
                        962.1,
                        953.5,
                        942.8,
                        931.1,
                        920.3,
                        911,
                        898.7,
                        888.1,
                        880.2,
                        873.2,
                        868.6,
                        865.7,
                        861,
                        858.7
                    ],
                    "resolution": 25
                },
                "sources": [
                    {
                        "type": "openstreetmap",
                        "id": "way/267840341"
                    }
                ],
                "websites": [],
                "wikidataID": null,
                "places": [
                    {
                        "iso3166_2": "US-VT",
                        "localized": {
                            "en": {
                                "region": "Vermont",
                                "country": "United States",
                                "locality": "Ludlow"
                            }
                        },
                        "iso3166_1Alpha2": "US"
                    }
                ]
            },
            "geometry": {
                "type": "LineString",
                "coordinates": [
                    [
                        -72.7501677,
                        43.4029264,
                        976.4
                    ],
                    [
                        -72.74920730000002,
                        43.4027205,
                        960.3
                    ],
                    [
                        -72.74790100000003,
                        43.4024032,
                        913.9
                    ],
                    [
                        -72.74703970000003,
                        43.4022578,
                        883.7
                    ],
                    [
                        -72.7465621,
                        43.4022282,
                        872.8
                    ],
                    [
                        -72.7462028,
                        43.4022697,
                        867.9
                    ],
                    [
                        -72.7458926,
                        43.402352700000016,
                        864.3
                    ],
                    [
                        -72.74555860000002,
                        43.40254080000001,
                        858.7
                    ]
                ]
            }
        },
        {
            "type": "Feature",
            "properties": {
                "type": "run",
                "id": "d41ec3ac6ed8e972fc6be132fe4d9d8ebabc6dac",
                "uses": [
                    "downhill"
                ],
                "name": "Everglade",
                "ref": null,
                "description": null,
                "difficulty": "intermediate",
                "difficultyConvention": "north_america",
                "status": "operating",
                "oneway": true,
                "lit": false,
                "gladed": true,
                "patrolled": true,
                "grooming": "backcountry",
                "skiAreas": [
                    {
                        "type": "Feature",
                        "properties": {
                            "id": "0f0d574cfdbd7b9a55296a94c4683b3e732a543b",
                            "name": "Okemo Mountain",
                            "activities": [
                                "downhill"
                            ],
                            "type": "skiArea",
                            "status": "operating"
                        },
                        "geometry": {
                            "type": "Polygon",
                            "coordinates": [
                                [
                                    [
                                        -72.74308640000002,
                                        43.4274285
                                    ],
                                    [
                                        -72.74806460000003,
                                        43.42050910000001
                                    ],
                                    [
                                        -72.7589651,
                                        43.406449499999994
                                    ],
                                    [
                                        -72.74969530000003,
                                        43.39276080000001
                                    ],
                                    [
                                        -72.7296968,
                                        43.387583899999996
                                    ],
                                    [
                                        -72.7130885,
                                        43.3982803
                                    ],
                                    [
                                        -72.71038490000002,
                                        43.4090683
                                    ],
                                    [
                                        -72.7109428,
                                        43.4191064
                                    ],
                                    [
                                        -72.716908,
                                        43.4270234
                                    ],
                                    [
                                        -72.72420360000004,
                                        43.42717920000001
                                    ],
                                    [
                                        -72.74308640000002,
                                        43.4274285
                                    ]
                                ]
                            ]
                        }
                    }
                ],
                "elevationProfile": {
                    "heights": [
                        913.7,
                        907.5,
                        902.9,
                        896.3,
                        890.5,
                        885.1,
                        880.1,
                        874.9,
                        868.9,
                        864.1,
                        857.9,
                        853,
                        851.2,
                        847.9,
                        843.8,
                        840.2,
                        838.4,
                        836.5,
                        833.8,
                        830.1,
                        826,
                        819.9,
                        813.2,
                        806.5,
                        798.7,
                        793.9
                    ],
                    "resolution": 25
                },
                "sources": [
                    {
                        "type": "openstreetmap",
                        "id": "way/267840342"
                    }
                ],
                "websites": [],
                "wikidataID": null,
                "places": [
                    {
                        "iso3166_2": "US-VT",
                        "localized": {
                            "en": {
                                "region": "Vermont",
                                "country": "United States",
                                "locality": null
                            }
                        },
                        "iso3166_1Alpha2": "US"
                    }
                ]
            },
            "geometry": {
                "type": "LineString",
                "coordinates": [
                    [
                        -72.74512320000004,
                        43.4094242,
                        913.7
                    ],
                    [
                        -72.74510400000003,
                        43.4095048,
                        911.7
                    ],
                    [
                        -72.74508920000002,
                        43.4099737,
                        899.9
                    ],
                    [
                        -72.74486430000003,
                        43.4106157,
                        883
                    ],
                    [
                        -72.74454490000004,
                        43.4112191,
                        868
                    ],
                    [
                        -72.74428270000003,
                        43.41168479999998,
                        855.3
                    ],
                    [
                        -72.7439423,
                        43.412405,
                        844.2
                    ],
                    [
                        -72.74361630000003,
                        43.413161,
                        835.2
                    ],
                    [
                        -72.74348160000002,
                        43.4138164,
                        824
                    ],
                    [
                        -72.74321310000003,
                        43.4142453,
                        809.9
                    ],
                    [
                        -72.7429523,
                        43.414493199999995,
                        799.8
                    ],
                    [
                        -72.74286120000002,
                        43.41462769999998,
                        795.2
                    ],
                    [
                        -72.7428514,
                        43.41466719999998,
                        793.9
                    ]
                ]
            }
        },
        {
            "type": "Feature",
            "properties": {
                "type": "run",
                "id": "695f00de236a235b0964e5a0d6704c8ac4bf2c9a",
                "uses": [
                    "downhill"
                ],
                "name": "Forrest Bump",
                "ref": null,
                "description": null,
                "difficulty": "expert",
                "difficultyConvention": "north_america",
                "status": "operating",
                "oneway": true,
                "lit": false,
                "gladed": true,
                "patrolled": true,
                "grooming": "backcountry",
                "skiAreas": [
                    {
                        "type": "Feature",
                        "properties": {
                            "id": "0f0d574cfdbd7b9a55296a94c4683b3e732a543b",
                            "name": "Okemo Mountain",
                            "activities": [
                                "downhill"
                            ],
                            "type": "skiArea",
                            "status": "operating"
                        },
                        "geometry": {
                            "type": "Polygon",
                            "coordinates": [
                                [
                                    [
                                        -72.74308640000002,
                                        43.4274285
                                    ],
                                    [
                                        -72.74806460000003,
                                        43.42050910000001
                                    ],
                                    [
                                        -72.7589651,
                                        43.406449499999994
                                    ],
                                    [
                                        -72.74969530000003,
                                        43.39276080000001
                                    ],
                                    [
                                        -72.7296968,
                                        43.387583899999996
                                    ],
                                    [
                                        -72.7130885,
                                        43.3982803
                                    ],
                                    [
                                        -72.71038490000002,
                                        43.4090683
                                    ],
                                    [
                                        -72.7109428,
                                        43.4191064
                                    ],
                                    [
                                        -72.716908,
                                        43.4270234
                                    ],
                                    [
                                        -72.72420360000004,
                                        43.42717920000001
                                    ],
                                    [
                                        -72.74308640000002,
                                        43.4274285
                                    ]
                                ]
                            ]
                        }
                    }
                ],
                "elevationProfile": {
                    "heights": [
                        871.2,
                        868.8,
                        865.1,
                        860.1,
                        850.8,
                        841.2,
                        831.1,
                        822.1,
                        815.2,
                        809.7,
                        802.2,
                        794.5,
                        785.2,
                        776.7,
                        768.4,
                        758.5,
                        751.6,
                        746.3,
                        740.3,
                        733.3,
                        728.9,
                        724.6,
                        723
                    ],
                    "resolution": 25
                },
                "sources": [
                    {
                        "type": "openstreetmap",
                        "id": "way/267840343"
                    }
                ],
                "websites": [],
                "wikidataID": null,
                "places": [
                    {
                        "iso3166_2": "US-VT",
                        "localized": {
                            "en": {
                                "region": "Vermont",
                                "country": "United States",
                                "locality": "Ludlow"
                            }
                        },
                        "iso3166_1Alpha2": "US"
                    }
                ]
            },
            "geometry": {
                "type": "LineString",
                "coordinates": [
                    [
                        -72.74519450000003,
                        43.40007230000001,
                        871.2
                    ],
                    [
                        -72.7443887,
                        43.399801599999996,
                        861.1
                    ],
                    [
                        -72.7434428,
                        43.3996364,
                        831.1
                    ],
                    [
                        -72.7425978,
                        43.399552100000015,
                        811
                    ],
                    [
                        -72.74197760000003,
                        43.3993824,
                        795.2
                    ],
                    [
                        -72.74114140000003,
                        43.3990413,
                        768
                    ],
                    [
                        -72.740391,
                        43.398772600000015,
                        747.6
                    ],
                    [
                        -72.73996290000002,
                        43.39853560000002,
                        736.6
                    ],
                    [
                        -72.7397208,
                        43.39823800000001,
                        728.9
                    ],
                    [
                        -72.73956660000003,
                        43.3979266,
                        723
                    ]
                ]
            }
        },
        {
            "type": "Feature",
            "properties": {
                "type": "run",
                "id": "b8df837a3c032ceb55f82939cd95e2951ebad790",
                "uses": [
                    "downhill"
                ],
                "name": "Loose Spruce",
                "ref": null,
                "description": null,
                "difficulty": "expert",
                "difficultyConvention": "north_america",
                "status": "operating",
                "oneway": true,
                "lit": false,
                "gladed": true,
                "patrolled": true,
                "grooming": "backcountry",
                "skiAreas": [
                    {
                        "type": "Feature",
                        "properties": {
                            "id": "0f0d574cfdbd7b9a55296a94c4683b3e732a543b",
                            "name": "Okemo Mountain",
                            "activities": [
                                "downhill"
                            ],
                            "type": "skiArea",
                            "status": "operating"
                        },
                        "geometry": {
                            "type": "Polygon",
                            "coordinates": [
                                [
                                    [
                                        -72.74308640000002,
                                        43.4274285
                                    ],
                                    [
                                        -72.74806460000003,
                                        43.42050910000001
                                    ],
                                    [
                                        -72.7589651,
                                        43.406449499999994
                                    ],
                                    [
                                        -72.74969530000003,
                                        43.39276080000001
                                    ],
                                    [
                                        -72.7296968,
                                        43.387583899999996
                                    ],
                                    [
                                        -72.7130885,
                                        43.3982803
                                    ],
                                    [
                                        -72.71038490000002,
                                        43.4090683
                                    ],
                                    [
                                        -72.7109428,
                                        43.4191064
                                    ],
                                    [
                                        -72.716908,
                                        43.4270234
                                    ],
                                    [
                                        -72.72420360000004,
                                        43.42717920000001
                                    ],
                                    [
                                        -72.74308640000002,
                                        43.4274285
                                    ]
                                ]
                            ]
                        }
                    }
                ],
                "elevationProfile": {
                    "heights": [
                        899.6,
                        897.9,
                        897.5,
                        896.6,
                        894.9,
                        889.1,
                        882.8,
                        877.3,
                        870.9,
                        864.9,
                        859.2,
                        852,
                        844.1,
                        837.8,
                        829.8,
                        822.3,
                        814.9,
                        805.8,
                        795.7,
                        789.4,
                        783.3,
                        776.5,
                        774.4
                    ],
                    "resolution": 25
                },
                "sources": [
                    {
                        "type": "openstreetmap",
                        "id": "way/267840344"
                    }
                ],
                "websites": [],
                "wikidataID": null,
                "places": [
                    {
                        "iso3166_2": "US-VT",
                        "localized": {
                            "en": {
                                "region": "Vermont",
                                "country": "United States",
                                "locality": "Ludlow"
                            }
                        },
                        "iso3166_1Alpha2": "US"
                    }
                ]
            },
            "geometry": {
                "type": "LineString",
                "coordinates": [
                    [
                        -72.7483173,
                        43.399546,
                        899.6
                    ],
                    [
                        -72.74843990000002,
                        43.3994105,
                        898
                    ],
                    [
                        -72.74850520000003,
                        43.3992741,
                        898.1
                    ],
                    [
                        -72.7485378,
                        43.3991376,
                        897.5
                    ],
                    [
                        -72.74850930000002,
                        43.3988677,
                        896.6
                    ],
                    [
                        -72.7484317,
                        43.398583,
                        893
                    ],
                    [
                        -72.74812960000006,
                        43.397969,
                        874.8
                    ],
                    [
                        -72.7475785,
                        43.3970525,
                        845
                    ],
                    [
                        -72.7468764,
                        43.39619230000002,
                        812.8
                    ],
                    [
                        -72.7466478,
                        43.395910500000014,
                        798.7
                    ],
                    [
                        -72.74654980000003,
                        43.39567020000001,
                        790.2
                    ],
                    [
                        -72.74652530000003,
                        43.395438800000015,
                        784.5
                    ],
                    [
                        -72.7465818,
                        43.39511080000002,
                        774.4
                    ]
                ]
            }
        },
        {
            "type": "Feature",
            "properties": {
                "type": "run",
                "id": "198fb4d99f9cf22432dd7197a844fe492b1915cd",
                "uses": [
                    "downhill"
                ],
                "name": "Outrage",
                "ref": null,
                "description": null,
                "difficulty": "expert",
                "difficultyConvention": "north_america",
                "status": "operating",
                "oneway": true,
                "lit": false,
                "gladed": true,
                "patrolled": true,
                "grooming": "backcountry",
                "skiAreas": [
                    {
                        "type": "Feature",
                        "properties": {
                            "id": "0f0d574cfdbd7b9a55296a94c4683b3e732a543b",
                            "name": "Okemo Mountain",
                            "activities": [
                                "downhill"
                            ],
                            "type": "skiArea",
                            "status": "operating"
                        },
                        "geometry": {
                            "type": "Polygon",
                            "coordinates": [
                                [
                                    [
                                        -72.74308640000002,
                                        43.4274285
                                    ],
                                    [
                                        -72.74806460000003,
                                        43.42050910000001
                                    ],
                                    [
                                        -72.7589651,
                                        43.406449499999994
                                    ],
                                    [
                                        -72.74969530000003,
                                        43.39276080000001
                                    ],
                                    [
                                        -72.7296968,
                                        43.387583899999996
                                    ],
                                    [
                                        -72.7130885,
                                        43.3982803
                                    ],
                                    [
                                        -72.71038490000002,
                                        43.4090683
                                    ],
                                    [
                                        -72.7109428,
                                        43.4191064
                                    ],
                                    [
                                        -72.716908,
                                        43.4270234
                                    ],
                                    [
                                        -72.72420360000004,
                                        43.42717920000001
                                    ],
                                    [
                                        -72.74308640000002,
                                        43.4274285
                                    ]
                                ]
                            ]
                        }
                    }
                ],
                "elevationProfile": {
                    "heights": [
                        997.1,
                        994.7,
                        991.1,
                        987.4,
                        982.6,
                        975.8,
                        967.4,
                        958.9,
                        949.4,
                        938.8,
                        927.7,
                        918.7,
                        910.8,
                        903.8,
                        896,
                        887.2,
                        877.8,
                        869.2,
                        861.6,
                        858.7,
                        858.7
                    ],
                    "resolution": 25
                },
                "sources": [
                    {
                        "type": "openstreetmap",
                        "id": "way/267840345"
                    }
                ],
                "websites": [],
                "wikidataID": null,
                "places": [
                    {
                        "iso3166_2": "US-VT",
                        "localized": {
                            "en": {
                                "region": "Vermont",
                                "country": "United States",
                                "locality": "Ludlow"
                            }
                        },
                        "iso3166_1Alpha2": "US"
                    }
                ]
            },
            "geometry": {
                "type": "LineString",
                "coordinates": [
                    [
                        -72.7504035,
                        43.404829299999996,
                        997.1
                    ],
                    [
                        -72.7502327,
                        43.4047958,
                        995.8
                    ],
                    [
                        -72.7500508,
                        43.4047146,
                        994
                    ],
                    [
                        -72.7498978,
                        43.404621199999994,
                        991.3
                    ],
                    [
                        -72.749761,
                        43.404489199999986,
                        988.7
                    ],
                    [
                        -72.74964470000003,
                        43.4043987,
                        986.5
                    ],
                    [
                        -72.7495181,
                        43.404321599999996,
                        984.2
                    ],
                    [
                        -72.7493793,
                        43.404277099999995,
                        981.3
                    ],
                    [
                        -72.74918540000003,
                        43.4042327,
                        976.8
                    ],
                    [
                        -72.74889350000002,
                        43.4041318,
                        968.1
                    ],
                    [
                        -72.74869960000004,
                        43.4039939,
                        961.1
                    ],
                    [
                        -72.7485364,
                        43.4039094,
                        954.6
                    ],
                    [
                        -72.7483404,
                        43.403804099999995,
                        946.7
                    ],
                    [
                        -72.74824450000003,
                        43.40377890000001,
                        943.3
                    ],
                    [
                        -72.748073,
                        43.4037715,
                        937.3
                    ],
                    [
                        -72.74785460000005,
                        43.4037463,
                        929.4
                    ],
                    [
                        -72.74765260000004,
                        43.40368399999999,
                        922.4
                    ],
                    [
                        -72.74743420000003,
                        43.403549,
                        914.7
                    ],
                    [
                        -72.74711980000004,
                        43.4034289,
                        906.9
                    ],
                    [
                        -72.7468361,
                        43.4033236,
                        898.6
                    ],
                    [
                        -72.74642380000003,
                        43.4030938,
                        884.2
                    ],
                    [
                        -72.7460768,
                        43.4028995,
                        871.3
                    ],
                    [
                        -72.74578699999998,
                        43.4026993,
                        861.4
                    ],
                    [
                        -72.74555860000002,
                        43.40254080000001,
                        858.7
                    ]
                ]
            }
        },
        {
            "type": "Feature",
            "properties": {
                "type": "run",
                "id": "497187d870095ec865fc418940566b5c64c57eed",
                "uses": [
                    "downhill"
                ],
                "name": "Supernova",
                "ref": null,
                "description": null,
                "difficulty": "expert",
                "difficultyConvention": "north_america",
                "status": "operating",
                "oneway": true,
                "lit": false,
                "gladed": true,
                "patrolled": true,
                "grooming": "backcountry",
                "skiAreas": [
                    {
                        "type": "Feature",
                        "properties": {
                            "id": "0f0d574cfdbd7b9a55296a94c4683b3e732a543b",
                            "name": "Okemo Mountain",
                            "activities": [
                                "downhill"
                            ],
                            "type": "skiArea",
                            "status": "operating"
                        },
                        "geometry": {
                            "type": "Polygon",
                            "coordinates": [
                                [
                                    [
                                        -72.74308640000002,
                                        43.4274285
                                    ],
                                    [
                                        -72.74806460000003,
                                        43.42050910000001
                                    ],
                                    [
                                        -72.7589651,
                                        43.406449499999994
                                    ],
                                    [
                                        -72.74969530000003,
                                        43.39276080000001
                                    ],
                                    [
                                        -72.7296968,
                                        43.387583899999996
                                    ],
                                    [
                                        -72.7130885,
                                        43.3982803
                                    ],
                                    [
                                        -72.71038490000002,
                                        43.4090683
                                    ],
                                    [
                                        -72.7109428,
                                        43.4191064
                                    ],
                                    [
                                        -72.716908,
                                        43.4270234
                                    ],
                                    [
                                        -72.72420360000004,
                                        43.42717920000001
                                    ],
                                    [
                                        -72.74308640000002,
                                        43.4274285
                                    ]
                                ]
                            ]
                        }
                    }
                ],
                "elevationProfile": {
                    "heights": [
                        753.5,
                        748.5,
                        745.5,
                        740.2,
                        733.5,
                        726.7,
                        719.7,
                        712.7,
                        706.1,
                        701.3,
                        700.8,
                        700,
                        697.3,
                        692.5,
                        686.7,
                        677.6,
                        661.9,
                        645.8,
                        636.7,
                        629.4,
                        622.8,
                        616.4,
                        608.5,
                        599.2,
                        592.2,
                        586,
                        577.8,
                        568,
                        561.8,
                        557.3,
                        552.7,
                        547.1,
                        539.8,
                        531.1,
                        522.3,
                        517.2,
                        509.2,
                        504.4,
                        498.4,
                        490,
                        482.2,
                        480.6
                    ],
                    "resolution": 25
                },
                "sources": [
                    {
                        "type": "openstreetmap",
                        "id": "way/267840346"
                    }
                ],
                "websites": [],
                "wikidataID": null,
                "places": [
                    {
                        "iso3166_2": "US-VT",
                        "localized": {
                            "en": {
                                "region": "Vermont",
                                "country": "United States",
                                "locality": "Ludlow"
                            }
                        },
                        "iso3166_1Alpha2": "US"
                    }
                ]
            },
            "geometry": {
                "type": "LineString",
                "coordinates": [
                    [
                        -72.7383654,
                        43.419284699999984,
                        753.5
                    ],
                    [
                        -72.73787490000002,
                        43.4193395,
                        746.7
                    ],
                    [
                        -72.73650960000003,
                        43.4193919,
                        719.7
                    ],
                    [
                        -72.7350548,
                        43.419484199999985,
                        700.1
                    ],
                    [
                        -72.7335307,
                        43.41968539999999,
                        666.7
                    ],
                    [
                        -72.7321463,
                        43.42012310000001,
                        619.1
                    ],
                    [
                        -72.73110600000003,
                        43.420675,
                        587.2
                    ],
                    [
                        -72.7299745,
                        43.4212201,
                        556.5
                    ],
                    [
                        -72.7289122,
                        43.421572300000015,
                        531.5
                    ],
                    [
                        -72.72791920000003,
                        43.422021,
                        505.6
                    ],
                    [
                        -72.7274285,
                        43.422272600000014,
                        492.6
                    ],
                    [
                        -72.72711570000003,
                        43.42254300000001,
                        480.6
                    ]
                ]
            }
        },
        {
            "type": "Feature",
            "properties": {
                "type": "run",
                "id": "ea02bafd9e81dddd912a20b7e2a63dca6edfa8d3",
                "uses": [
                    "downhill"
                ],
                "name": "Tuckered Out",
                "ref": null,
                "description": null,
                "difficulty": "intermediate",
                "difficultyConvention": "north_america",
                "status": "operating",
                "oneway": true,
                "lit": false,
                "gladed": null,
                "patrolled": null,
                "grooming": "classic",
                "skiAreas": [
                    {
                        "type": "Feature",
                        "properties": {
                            "id": "0f0d574cfdbd7b9a55296a94c4683b3e732a543b",
                            "name": "Okemo Mountain",
                            "activities": [
                                "downhill"
                            ],
                            "type": "skiArea",
                            "status": "operating"
                        },
                        "geometry": {
                            "type": "Polygon",
                            "coordinates": [
                                [
                                    [
                                        -72.74308640000002,
                                        43.4274285
                                    ],
                                    [
                                        -72.74806460000003,
                                        43.42050910000001
                                    ],
                                    [
                                        -72.7589651,
                                        43.406449499999994
                                    ],
                                    [
                                        -72.74969530000003,
                                        43.39276080000001
                                    ],
                                    [
                                        -72.7296968,
                                        43.387583899999996
                                    ],
                                    [
                                        -72.7130885,
                                        43.3982803
                                    ],
                                    [
                                        -72.71038490000002,
                                        43.4090683
                                    ],
                                    [
                                        -72.7109428,
                                        43.4191064
                                    ],
                                    [
                                        -72.716908,
                                        43.4270234
                                    ],
                                    [
                                        -72.72420360000004,
                                        43.42717920000001
                                    ],
                                    [
                                        -72.74308640000002,
                                        43.4274285
                                    ]
                                ]
                            ]
                        }
                    }
                ],
                "elevationProfile": {
                    "heights": [
                        819.8,
                        817.7,
                        813.9,
                        810.3,
                        806.2,
                        803.2,
                        800.8,
                        796.7,
                        793.4,
                        790.7,
                        786.9,
                        784,
                        781.2,
                        778.7,
                        777.4,
                        775.7,
                        772.3,
                        767.6,
                        764.7,
                        762.1,
                        759.9,
                        757.9,
                        753.4,
                        749.9,
                        747,
                        742.3,
                        736.8,
                        733,
                        729,
                        725.7,
                        722.9,
                        719.8,
                        716.9,
                        713.6,
                        707.5,
                        703.1,
                        699.6,
                        695.8,
                        690.3,
                        685.4,
                        681.5,
                        679.5,
                        677.7,
                        675,
                        672.4,
                        669.5,
                        667.6,
                        667.7,
                        663.4,
                        658.9,
                        655.4,
                        651.9,
                        647.7,
                        644,
                        639.9,
                        633.5,
                        626.9,
                        619.4,
                        612.4,
                        605.4,
                        599.8,
                        595.6,
                        592.8,
                        591.4,
                        589.2,
                        587,
                        583.3,
                        578.2,
                        571.1,
                        563.5,
                        558.1,
                        554.7,
                        551.5,
                        546.3,
                        542,
                        535.6,
                        529.6,
                        521.4,
                        511.9,
                        506.6,
                        501.1,
                        497.2,
                        493.6,
                        490.4,
                        485.6,
                        479.7,
                        473.7,
                        472.1,
                        469.3,
                        464.5,
                        464.4
                    ],
                    "resolution": 25
                },
                "sources": [
                    {
                        "type": "openstreetmap",
                        "id": "way/267840347"
                    }
                ],
                "websites": [],
                "wikidataID": null,
                "places": [
                    {
                        "iso3166_2": "US-VT",
                        "localized": {
                            "en": {
                                "region": "Vermont",
                                "country": "United States",
                                "locality": "Ludlow"
                            }
                        },
                        "iso3166_1Alpha2": "US"
                    },
                    {
                        "iso3166_2": "US-VT",
                        "localized": {
                            "en": {
                                "region": "Vermont",
                                "country": "United States",
                                "locality": null
                            }
                        },
                        "iso3166_1Alpha2": "US"
                    }
                ]
            },
            "geometry": {
                "type": "LineString",
                "coordinates": [
                    [
                        -72.74106520000004,
                        43.4213213,
                        819.8
                    ],
                    [
                        -72.74100510000002,
                        43.4218512,
                        812.6
                    ],
                    [
                        -72.74099790000002,
                        43.42191500000001,
                        811.5
                    ],
                    [
                        -72.74104090000003,
                        43.4222656,
                        805.7
                    ],
                    [
                        -72.74101940000006,
                        43.42256180000001,
                        801.9
                    ],
                    [
                        -72.7409765,
                        43.42273320000002,
                        800
                    ],
                    [
                        -72.74082460000004,
                        43.4228554,
                        796.5
                    ],
                    [
                        -72.74069050000003,
                        43.423015100000015,
                        793.4
                    ],
                    [
                        -72.7405671,
                        43.42350990000001,
                        786.4
                    ],
                    [
                        -72.74061540000004,
                        43.42399310000001,
                        780.6
                    ],
                    [
                        -72.740728,
                        43.42458530000001,
                        775.9
                    ],
                    [
                        -72.7405724,
                        43.4249943,
                        768.2
                    ],
                    [
                        -72.74064220000002,
                        43.42531380000002,
                        763.9
                    ],
                    [
                        -72.74096400000003,
                        43.426015100000015,
                        755.4
                    ],
                    [
                        -72.74106600000003,
                        43.4262644,
                        751.4
                    ],
                    [
                        -72.7409319,
                        43.4264748,
                        747.9
                    ],
                    [
                        -72.74069050000003,
                        43.4266112,
                        743.6
                    ],
                    [
                        -72.7404383,
                        43.4266579,
                        739.6
                    ],
                    [
                        -72.74016470000004,
                        43.4265995,
                        734.2
                    ],
                    [
                        -72.7398858,
                        43.4264437,
                        730.8
                    ],
                    [
                        -72.73926890000003,
                        43.4260852,
                        722.7
                    ],
                    [
                        -72.73889340000002,
                        43.425909900000015,
                        717.7
                    ],
                    [
                        -72.7386573,
                        43.425785200000014,
                        715.6
                    ],
                    [
                        -72.73844809999997,
                        43.425746300000014,
                        712.5
                    ],
                    [
                        -72.73827109999998,
                        43.4258242,
                        707.9
                    ],
                    [
                        -72.7382121,
                        43.42593330000002,
                        705.9
                    ],
                    [
                        -72.73812090000003,
                        43.4259995,
                        703.8
                    ],
                    [
                        -72.73798140000002,
                        43.4260034,
                        701.9
                    ],
                    [
                        -72.73772930000003,
                        43.4259216,
                        698.9
                    ],
                    [
                        -72.7373431,
                        43.4258476,
                        693.2
                    ],
                    [
                        -72.73701050000003,
                        43.42583590000002,
                        687.4
                    ],
                    [
                        -72.73659740000002,
                        43.42582810000001,
                        681.7
                    ],
                    [
                        -72.73622190000003,
                        43.4258826,
                        679.2
                    ],
                    [
                        -72.7359859,
                        43.425917700000014,
                        677.8
                    ],
                    [
                        -72.7357445,
                        43.42591380000002,
                        676
                    ],
                    [
                        -72.73540109999998,
                        43.425796900000016,
                        672.6
                    ],
                    [
                        -72.7351812,
                        43.42571510000002,
                        670.3
                    ],
                    [
                        -72.73495590000003,
                        43.4256917,
                        668.4
                    ],
                    [
                        -72.73471990000003,
                        43.425738500000016,
                        667.4
                    ],
                    [
                        -72.73460180000002,
                        43.42597220000002,
                        666.5
                    ],
                    [
                        -72.73449990000003,
                        43.42613590000002,
                        662.6
                    ],
                    [
                        -72.73436040000003,
                        43.4262411,
                        660
                    ],
                    [
                        -72.73419410000002,
                        43.4262411,
                        657.2
                    ],
                    [
                        -72.73408690000002,
                        43.4261515,
                        655.6
                    ],
                    [
                        -72.73402250000002,
                        43.42599170000001,
                        653.6
                    ],
                    [
                        -72.7338991,
                        43.425726800000014,
                        648.1
                    ],
                    [
                        -72.73386160000003,
                        43.4254697,
                        644
                    ],
                    [
                        -72.73390450000002,
                        43.42518530000002,
                        638.7
                    ],
                    [
                        -72.73386690000002,
                        43.4249164,
                        630.1
                    ],
                    [
                        -72.7338455,
                        43.4247255,
                        624.8
                    ],
                    [
                        -72.733647,
                        43.4246242,
                        618.6
                    ],
                    [
                        -72.7333841,
                        43.4245892,
                        612.6
                    ],
                    [
                        -72.7328316,
                        43.4246593,
                        600.8
                    ],
                    [
                        -72.7323112,
                        43.4248424,
                        593.4
                    ],
                    [
                        -72.7319786,
                        43.4249866,
                        591.4
                    ],
                    [
                        -72.73176940000003,
                        43.425232000000015,
                        588.7
                    ],
                    [
                        -72.73150660000003,
                        43.42557100000001,
                        583.7
                    ],
                    [
                        -72.73126520000004,
                        43.42583980000001,
                        576.4
                    ],
                    [
                        -72.73096480000002,
                        43.42591380000002,
                        568
                    ],
                    [
                        -72.7307609,
                        43.42580080000001,
                        562.3
                    ],
                    [
                        -72.7303693,
                        43.42548520000001,
                        554.3
                    ],
                    [
                        -72.7300045,
                        43.4250294,
                        544.2
                    ],
                    [
                        -72.72983289999996,
                        43.4247801,
                        537.3
                    ],
                    [
                        -72.72974699999997,
                        43.4246242,
                        533.3
                    ],
                    [
                        -72.7295968,
                        43.4245814,
                        529.8
                    ],
                    [
                        -72.72926960000004,
                        43.424632,
                        521.4
                    ],
                    [
                        -72.7290282,
                        43.424651499999996,
                        513.8
                    ],
                    [
                        -72.72887799999997,
                        43.4245892,
                        509.6
                    ],
                    [
                        -72.7287439,
                        43.4244801,
                        506.6
                    ],
                    [
                        -72.7285508,
                        43.4244177,
                        502.6
                    ],
                    [
                        -72.7284167,
                        43.4244684,
                        500.2
                    ],
                    [
                        -72.72820209999998,
                        43.4246281,
                        496.4
                    ],
                    [
                        -72.7281554,
                        43.424687199999994,
                        495.8
                    ],
                    [
                        -72.7280143,
                        43.4248658,
                        492
                    ],
                    [
                        -72.72794460000003,
                        43.424971,
                        490.6
                    ],
                    [
                        -72.727848,
                        43.42505280000002,
                        488.9
                    ],
                    [
                        -72.72771390000003,
                        43.425084,
                        486.6
                    ],
                    [
                        -72.7276013,
                        43.42502550000001,
                        483.6
                    ],
                    [
                        -72.72752080000002,
                        43.42488139999999,
                        479.7
                    ],
                    [
                        -72.7274511,
                        43.42470210000001,
                        474.7
                    ],
                    [
                        -72.72741350000003,
                        43.42451900000001,
                        472.6
                    ],
                    [
                        -72.72729240000002,
                        43.42433850000001,
                        471.7
                    ],
                    [
                        -72.7268495,
                        43.42423590000001,
                        464.4
                    ]
                ]
            }
        },
        {
            "type": "Feature",
            "properties": {
                "type": "run",
                "id": "8cbea91b2b22f116fab43e48191aefd6e6c508c3",
                "uses": [
                    "downhill"
                ],
                "name": "Zip",
                "ref": null,
                "description": null,
                "difficulty": "easy",
                "difficultyConvention": "north_america",
                "status": "operating",
                "oneway": true,
                "lit": false,
                "gladed": null,
                "patrolled": null,
                "grooming": "classic",
                "skiAreas": [
                    {
                        "type": "Feature",
                        "properties": {
                            "id": "0f0d574cfdbd7b9a55296a94c4683b3e732a543b",
                            "name": "Okemo Mountain",
                            "activities": [
                                "downhill"
                            ],
                            "type": "skiArea",
                            "status": "operating"
                        },
                        "geometry": {
                            "type": "Polygon",
                            "coordinates": [
                                [
                                    [
                                        -72.74308640000002,
                                        43.4274285
                                    ],
                                    [
                                        -72.74806460000003,
                                        43.42050910000001
                                    ],
                                    [
                                        -72.7589651,
                                        43.406449499999994
                                    ],
                                    [
                                        -72.74969530000003,
                                        43.39276080000001
                                    ],
                                    [
                                        -72.7296968,
                                        43.387583899999996
                                    ],
                                    [
                                        -72.7130885,
                                        43.3982803
                                    ],
                                    [
                                        -72.71038490000002,
                                        43.4090683
                                    ],
                                    [
                                        -72.7109428,
                                        43.4191064
                                    ],
                                    [
                                        -72.716908,
                                        43.4270234
                                    ],
                                    [
                                        -72.72420360000004,
                                        43.42717920000001
                                    ],
                                    [
                                        -72.74308640000002,
                                        43.4274285
                                    ]
                                ]
                            ]
                        }
                    }
                ],
                "elevationProfile": {
                    "heights": [
                        470.1,
                        470.2,
                        471.3,
                        470.8,
                        469.2
                    ],
                    "resolution": 25
                },
                "sources": [
                    {
                        "type": "openstreetmap",
                        "id": "way/544944411"
                    }
                ],
                "websites": [],
                "wikidataID": null,
                "places": [
                    {
                        "iso3166_2": "US-VT",
                        "localized": {
                            "en": {
                                "region": "Vermont",
                                "country": "United States",
                                "locality": "Ludlow"
                            }
                        },
                        "iso3166_1Alpha2": "US"
                    }
                ]
            },
            "geometry": {
                "type": "LineString",
                "coordinates": [
                    [
                        -72.72286129999998,
                        43.40271030000002,
                        470.1
                    ],
                    [
                        -72.7230305,
                        43.4029934,
                        471
                    ],
                    [
                        -72.7230282,
                        43.4030898,
                        471.3
                    ],
                    [
                        -72.7230089,
                        43.403469499999986,
                        469.2
                    ]
                ]
            }
        },
        {
            "type": "Feature",
            "properties": {
                "type": "run",
                "id": "4adbb62f23de032fa7a85882eb170a0fdc80d44e",
                "uses": [
                    "downhill"
                ],
                "name": "Suncatcher",
                "ref": null,
                "description": null,
                "difficulty": "easy",
                "difficultyConvention": "north_america",
                "status": "operating",
                "oneway": true,
                "lit": false,
                "gladed": null,
                "patrolled": null,
                "grooming": "classic",
                "skiAreas": [
                    {
                        "type": "Feature",
                        "properties": {
                            "id": "0f0d574cfdbd7b9a55296a94c4683b3e732a543b",
                            "name": "Okemo Mountain",
                            "activities": [
                                "downhill"
                            ],
                            "type": "skiArea",
                            "status": "operating"
                        },
                        "geometry": {
                            "type": "Polygon",
                            "coordinates": [
                                [
                                    [
                                        -72.74308640000002,
                                        43.4274285
                                    ],
                                    [
                                        -72.74806460000003,
                                        43.42050910000001
                                    ],
                                    [
                                        -72.7589651,
                                        43.406449499999994
                                    ],
                                    [
                                        -72.74969530000003,
                                        43.39276080000001
                                    ],
                                    [
                                        -72.7296968,
                                        43.387583899999996
                                    ],
                                    [
                                        -72.7130885,
                                        43.3982803
                                    ],
                                    [
                                        -72.71038490000002,
                                        43.4090683
                                    ],
                                    [
                                        -72.7109428,
                                        43.4191064
                                    ],
                                    [
                                        -72.716908,
                                        43.4270234
                                    ],
                                    [
                                        -72.72420360000004,
                                        43.42717920000001
                                    ],
                                    [
                                        -72.74308640000002,
                                        43.4274285
                                    ]
                                ]
                            ]
                        }
                    }
                ],
                "elevationProfile": {
                    "heights": [
                        692.1,
                        688.9,
                        685.1,
                        679.2,
                        675.5,
                        673.1,
                        670.7,
                        668.3,
                        666.2,
                        663.4,
                        660.2,
                        656.5,
                        654.2,
                        652.9,
                        649.4,
                        644.9,
                        640.8,
                        635,
                        629.4,
                        627.1,
                        624.8,
                        623.2,
                        619.2,
                        615.4,
                        612.2,
                        607.2,
                        601.8,
                        596.2,
                        593.3,
                        589.6,
                        586.1,
                        581.4,
                        576.3,
                        570.4,
                        567.8
                    ],
                    "resolution": 25
                },
                "sources": [
                    {
                        "type": "openstreetmap",
                        "id": "way/1089488629"
                    },
                    {
                        "type": "openstreetmap",
                        "id": "way/1089488630"
                    },
                    {
                        "type": "openstreetmap",
                        "id": "way/562233708"
                    }
                ],
                "websites": [],
                "wikidataID": null,
                "places": [
                    {
                        "iso3166_2": "US-VT",
                        "localized": {
                            "en": {
                                "region": "Vermont",
                                "country": "United States",
                                "locality": "Ludlow"
                            }
                        },
                        "iso3166_1Alpha2": "US"
                    }
                ]
            },
            "geometry": {
                "type": "LineString",
                "coordinates": [
                    [
                        -72.7403113,
                        43.393598200000014,
                        692.1
                    ],
                    [
                        -72.73992320000004,
                        43.3934667,
                        687.7
                    ],
                    [
                        -72.7395673,
                        43.3933334,
                        681.3
                    ],
                    [
                        -72.7394395,
                        43.3932776,
                        678.2
                    ],
                    [
                        -72.73918,
                        43.3931601,
                        675.1
                    ],
                    [
                        -72.73860040000002,
                        43.3929642,
                        670.1
                    ],
                    [
                        -72.73828360000003,
                        43.3928638,
                        667.6
                    ],
                    [
                        -72.7380915,
                        43.392783,
                        666.1
                    ],
                    [
                        -72.73794660000003,
                        43.39267030000001,
                        664.3
                    ],
                    [
                        -72.7377986,
                        43.392463,
                        660.9
                    ],
                    [
                        -72.73770990000003,
                        43.392337200000014,
                        658.8
                    ],
                    [
                        -72.73759950000003,
                        43.3922516,
                        656.8
                    ],
                    [
                        -72.73740400000003,
                        43.392148700000014,
                        654.7
                    ],
                    [
                        -72.73709060000003,
                        43.3920434,
                        653.3
                    ],
                    [
                        -72.7367638,
                        43.3919773,
                        649.7
                    ],
                    [
                        -72.7361774,
                        43.39195280000001,
                        641.9
                    ],
                    [
                        -72.7359133,
                        43.3919311,
                        637.1
                    ],
                    [
                        -72.73562330000003,
                        43.3918563,
                        630.6
                    ],
                    [
                        -72.73542590000002,
                        43.3917741,
                        628.4
                    ],
                    [
                        -72.7334275,
                        43.3910125,
                        603.6
                    ],
                    [
                        -72.7322864,
                        43.3905797,
                        586.8
                    ],
                    [
                        -72.73151000000003,
                        43.3902852,
                        572.2
                    ],
                    [
                        -72.73140070000002,
                        43.3902482,
                        570
                    ],
                    [
                        -72.73125390000006,
                        43.3901896,
                        567.8
                    ]
                ]
            }
        },
        {
            "type": "Feature",
            "properties": {
                "type": "run",
                "id": "47bc55bf7bde6a50468b6d1c1293418d6fc0af62",
                "uses": [
                    "downhill"
                ],
                "name": "Lower Mountain Road",
                "ref": null,
                "description": null,
                "difficulty": "easy",
                "difficultyConvention": "north_america",
                "status": "operating",
                "oneway": true,
                "lit": false,
                "gladed": null,
                "patrolled": null,
                "grooming": "classic",
                "skiAreas": [
                    {
                        "type": "Feature",
                        "properties": {
                            "id": "0f0d574cfdbd7b9a55296a94c4683b3e732a543b",
                            "name": "Okemo Mountain",
                            "activities": [
                                "downhill"
                            ],
                            "type": "skiArea",
                            "status": "operating"
                        },
                        "geometry": {
                            "type": "Polygon",
                            "coordinates": [
                                [
                                    [
                                        -72.74308640000002,
                                        43.4274285
                                    ],
                                    [
                                        -72.74806460000003,
                                        43.42050910000001
                                    ],
                                    [
                                        -72.7589651,
                                        43.406449499999994
                                    ],
                                    [
                                        -72.74969530000003,
                                        43.39276080000001
                                    ],
                                    [
                                        -72.7296968,
                                        43.387583899999996
                                    ],
                                    [
                                        -72.7130885,
                                        43.3982803
                                    ],
                                    [
                                        -72.71038490000002,
                                        43.4090683
                                    ],
                                    [
                                        -72.7109428,
                                        43.4191064
                                    ],
                                    [
                                        -72.716908,
                                        43.4270234
                                    ],
                                    [
                                        -72.72420360000004,
                                        43.42717920000001
                                    ],
                                    [
                                        -72.74308640000002,
                                        43.4274285
                                    ]
                                ]
                            ]
                        }
                    }
                ],
                "elevationProfile": {
                    "heights": [
                        671.6,
                        669.7,
                        666.2,
                        661.7,
                        656.5,
                        652,
                        646.7,
                        644.3,
                        643.7,
                        639.9,
                        637.3,
                        637.7,
                        639.9,
                        641.1,
                        640.9,
                        637.9,
                        635.1,
                        633,
                        630.1,
                        626.2,
                        623.1,
                        620.5,
                        618.8,
                        616.7,
                        617.4,
                        619.7,
                        618.4,
                        611.2,
                        605.8,
                        601.5,
                        596.6,
                        592.1,
                        592,
                        591.6,
                        591,
                        588.9,
                        587.4,
                        587.2,
                        587.6,
                        589,
                        590.4,
                        588.5,
                        582.7,
                        577.5,
                        573.3,
                        567.3,
                        561.1,
                        556.8,
                        555.3,
                        556.3,
                        555.5,
                        552.9,
                        543.8,
                        535.2,
                        531.6,
                        531.2,
                        527.5,
                        523.8,
                        522.1,
                        519.2,
                        514.6,
                        508.8,
                        504.9,
                        503.3,
                        500.6,
                        497.2,
                        494.3,
                        490.9,
                        487.5,
                        483.7,
                        479.4,
                        475.4,
                        473.9,
                        473.1,
                        471.9,
                        468,
                        463.7,
                        460.3,
                        458.4,
                        456.5,
                        454.7,
                        451.7,
                        446.8,
                        440.6,
                        435.5,
                        432.3,
                        428.3,
                        422.1,
                        416.7,
                        414.5
                    ],
                    "resolution": 25
                },
                "sources": [
                    {
                        "type": "openstreetmap",
                        "id": "way/617397998"
                    },
                    {
                        "type": "openstreetmap",
                        "id": "way/1089488596"
                    }
                ],
                "websites": [],
                "wikidataID": null,
                "places": [
                    {
                        "iso3166_2": "US-VT",
                        "localized": {
                            "en": {
                                "region": "Vermont",
                                "country": "United States",
                                "locality": "Ludlow"
                            }
                        },
                        "iso3166_1Alpha2": "US"
                    }
                ]
            },
            "geometry": {
                "type": "LineString",
                "coordinates": [
                    [
                        -72.7325671,
                        43.413699799999996,
                        671.6
                    ],
                    [
                        -72.73248869999998,
                        43.413660799999995,
                        671.3
                    ],
                    [
                        -72.73222990000004,
                        43.413531,
                        668.9
                    ],
                    [
                        -72.731745,
                        43.413264899999994,
                        660.3
                    ],
                    [
                        -72.7313473,
                        43.4130549,
                        652.3
                    ],
                    [
                        -72.7310891,
                        43.41288639999999,
                        646.7
                    ],
                    [
                        -72.7309213,
                        43.4127611,
                        644.6
                    ],
                    [
                        -72.73071440000002,
                        43.4125647,
                        643.7
                    ],
                    [
                        -72.7305482,
                        43.4123961,
                        640.6
                    ],
                    [
                        -72.73029340000004,
                        43.4120519,
                        637.1
                    ],
                    [
                        -72.73019040000003,
                        43.4119128,
                        638
                    ],
                    [
                        -72.730027,
                        43.4115748,
                        641
                    ],
                    [
                        -72.7298114,
                        43.4110599,
                        637.4
                    ],
                    [
                        -72.72975,
                        43.4109574,
                        636.1
                    ],
                    [
                        -72.729521,
                        43.4105972,
                        631.6
                    ],
                    [
                        -72.72939229999997,
                        43.4104008,
                        628.6
                    ],
                    [
                        -72.7291743,
                        43.410047799999994,
                        622.6
                    ],
                    [
                        -72.7289445,
                        43.4097134,
                        618.8
                    ],
                    [
                        -72.7288556,
                        43.409547599999996,
                        617.4
                    ],
                    [
                        -72.72877369999998,
                        43.409401499999994,
                        616.6
                    ],
                    [
                        -72.7287159,
                        43.409261499999985,
                        617.4
                    ],
                    [
                        -72.72867209999997,
                        43.4090507,
                        619.6
                    ],
                    [
                        -72.7286559,
                        43.40883520000001,
                        618.7
                    ],
                    [
                        -72.728622,
                        43.4086498,
                        613.2
                    ],
                    [
                        -72.72858169999998,
                        43.4084705,
                        608.2
                    ],
                    [
                        -72.7285287,
                        43.4082411,
                        603.4
                    ],
                    [
                        -72.72847619999996,
                        43.40807930000001,
                        600.6
                    ],
                    [
                        -72.72837979999997,
                        43.408044,
                        598.6
                    ],
                    [
                        -72.7282268,
                        43.4080255,
                        595.8
                    ],
                    [
                        -72.72807729999997,
                        43.4080463,
                        593.4
                    ],
                    [
                        -72.7279927,
                        43.408087599999995,
                        592.4
                    ],
                    [
                        -72.72792500000003,
                        43.40815280000002,
                        591.4
                    ],
                    [
                        -72.72784940000003,
                        43.408252200000014,
                        591.6
                    ],
                    [
                        -72.7278182,
                        43.4083224,
                        591.9
                    ],
                    [
                        -72.72776490000003,
                        43.408441499999995,
                        591.9
                    ],
                    [
                        -72.727717,
                        43.4086033,
                        591.3
                    ],
                    [
                        -72.72769240000002,
                        43.4086698,
                        591.1
                    ],
                    [
                        -72.72749400000002,
                        43.4092622,
                        586.9
                    ],
                    [
                        -72.7274551,
                        43.4094402,
                        587.3
                    ],
                    [
                        -72.72741340000003,
                        43.409841799999995,
                        589.2
                    ],
                    [
                        -72.72739709999998,
                        43.4101843,
                        590
                    ],
                    [
                        -72.7273613,
                        43.410283199999995,
                        588.4
                    ],
                    [
                        -72.72723140000002,
                        43.4104233,
                        583.2
                    ],
                    [
                        -72.727108,
                        43.4103819,
                        581.5
                    ],
                    [
                        -72.72700590000002,
                        43.4103429,
                        579.7
                    ],
                    [
                        -72.72680609999998,
                        43.4102483,
                        576
                    ],
                    [
                        -72.72647009999997,
                        43.4100559,
                        569.2
                    ],
                    [
                        -72.7261735,
                        43.40993870000001,
                        562
                    ],
                    [
                        -72.72594169999998,
                        43.4098203,
                        557.1
                    ],
                    [
                        -72.72575069999998,
                        43.4096368,
                        555.4
                    ],
                    [
                        -72.72554729999997,
                        43.4094093,
                        556.3
                    ],
                    [
                        -72.72534109999997,
                        43.409243599999996,
                        555.5
                    ],
                    [
                        -72.725034,
                        43.4090031,
                        549.3
                    ],
                    [
                        -72.72476640000002,
                        43.408812200000014,
                        537.6
                    ],
                    [
                        -72.72460450000003,
                        43.4086767,
                        533.1
                    ],
                    [
                        -72.7245315,
                        43.40851600000001,
                        531.4
                    ],
                    [
                        -72.72450690000002,
                        43.4083817,
                        531.7
                    ],
                    [
                        -72.7244618,
                        43.408215700000014,
                        529.2
                    ],
                    [
                        -72.72440590000002,
                        43.4081272,
                        527.4
                    ],
                    [
                        -72.72424140000003,
                        43.4079652,
                        524.2
                    ],
                    [
                        -72.724096,
                        43.4078623,
                        522.8
                    ],
                    [
                        -72.72372320000002,
                        43.40757530000001,
                        517.6
                    ],
                    [
                        -72.7232163,
                        43.4071853,
                        506.1
                    ],
                    [
                        -72.7230362,
                        43.4070424,
                        504
                    ],
                    [
                        -72.72262460000003,
                        43.4066713,
                        498
                    ],
                    [
                        -72.7224416,
                        43.4065077,
                        495.4
                    ],
                    [
                        -72.7219302,
                        43.40599880000001,
                        485.9
                    ],
                    [
                        -72.72187249999998,
                        43.40587520000001,
                        483.7
                    ],
                    [
                        -72.7218359,
                        43.40579680000001,
                        482.6
                    ],
                    [
                        -72.72182430000002,
                        43.4056206,
                        478.9
                    ],
                    [
                        -72.72191260000002,
                        43.4054618,
                        475.7
                    ],
                    [
                        -72.72204219999996,
                        43.4053066,
                        474.1
                    ],
                    [
                        -72.72207769999997,
                        43.4052653,
                        473.9
                    ],
                    [
                        -72.7222348,
                        43.4051011,
                        473.6
                    ],
                    [
                        -72.72230699999997,
                        43.4049493,
                        472.5
                    ],
                    [
                        -72.72234119999996,
                        43.404733,
                        470.3
                    ],
                    [
                        -72.72232679999998,
                        43.4045698,
                        467
                    ],
                    [
                        -72.7222747,
                        43.404420699999996,
                        463.9
                    ],
                    [
                        -72.7221742,
                        43.4042929,
                        461.6
                    ],
                    [
                        -72.7221285,
                        43.4042349,
                        460.6
                    ],
                    [
                        -72.7219517,
                        43.4041165,
                        459.1
                    ],
                    [
                        -72.72167320000003,
                        43.4040188,
                        457.4
                    ],
                    [
                        -72.7212341,
                        43.4039395,
                        454.5
                    ],
                    [
                        -72.72062900000003,
                        43.403884199999986,
                        446
                    ],
                    [
                        -72.7203464,
                        43.403849499999986,
                        440.6
                    ],
                    [
                        -72.72015390000003,
                        43.4038043,
                        436.8
                    ],
                    [
                        -72.7197518,
                        43.403555800000014,
                        430.7
                    ],
                    [
                        -72.71941430000003,
                        43.4033208,
                        423
                    ],
                    [
                        -72.7190819,
                        43.40301810000001,
                        414.5
                    ]
                ]
            }
        },
        {
            "type": "Feature",
            "properties": {
                "type": "run",
                "id": "a9cac367ffaf13b948695756a123e50555c5e0af",
                "uses": [
                    "downhill"
                ],
                "name": "Green Link",
                "ref": null,
                "description": null,
                "difficulty": "easy",
                "difficultyConvention": "north_america",
                "status": "operating",
                "oneway": true,
                "lit": false,
                "gladed": null,
                "patrolled": null,
                "grooming": "classic",
                "skiAreas": [
                    {
                        "type": "Feature",
                        "properties": {
                            "id": "0f0d574cfdbd7b9a55296a94c4683b3e732a543b",
                            "name": "Okemo Mountain",
                            "activities": [
                                "downhill"
                            ],
                            "type": "skiArea",
                            "status": "operating"
                        },
                        "geometry": {
                            "type": "Polygon",
                            "coordinates": [
                                [
                                    [
                                        -72.74308640000002,
                                        43.4274285
                                    ],
                                    [
                                        -72.74806460000003,
                                        43.42050910000001
                                    ],
                                    [
                                        -72.7589651,
                                        43.406449499999994
                                    ],
                                    [
                                        -72.74969530000003,
                                        43.39276080000001
                                    ],
                                    [
                                        -72.7296968,
                                        43.387583899999996
                                    ],
                                    [
                                        -72.7130885,
                                        43.3982803
                                    ],
                                    [
                                        -72.71038490000002,
                                        43.4090683
                                    ],
                                    [
                                        -72.7109428,
                                        43.4191064
                                    ],
                                    [
                                        -72.716908,
                                        43.4270234
                                    ],
                                    [
                                        -72.72420360000004,
                                        43.42717920000001
                                    ],
                                    [
                                        -72.74308640000002,
                                        43.4274285
                                    ]
                                ]
                            ]
                        }
                    }
                ],
                "elevationProfile": {
                    "heights": [
                        707.9,
                        709.4,
                        712.8,
                        712.8,
                        708.8,
                        702.8,
                        697.8,
                        695.7,
                        696,
                        692.9,
                        689,
                        685.6,
                        684.2,
                        681.1,
                        679.6,
                        678.9,
                        675,
                        668,
                        663.6,
                        660.8,
                        659,
                        658.2,
                        659.9,
                        659.6,
                        656.2,
                        652.9,
                        652.3
                    ],
                    "resolution": 25
                },
                "sources": [
                    {
                        "type": "openstreetmap",
                        "id": "way/958970329"
                    }
                ],
                "websites": [],
                "wikidataID": null,
                "places": [
                    {
                        "iso3166_2": "US-VT",
                        "localized": {
                            "en": {
                                "region": "Vermont",
                                "country": "United States",
                                "locality": "Ludlow"
                            }
                        },
                        "iso3166_1Alpha2": "US"
                    }
                ]
            },
            "geometry": {
                "type": "LineString",
                "coordinates": [
                    [
                        -72.7353687,
                        43.4146022,
                        707.9
                    ],
                    [
                        -72.73382500000002,
                        43.413486599999985,
                        695.6
                    ],
                    [
                        -72.7327967,
                        43.4127772,
                        684.9
                    ],
                    [
                        -72.7319973,
                        43.4121431,
                        677.7
                    ],
                    [
                        -72.73159590000003,
                        43.411797499999984,
                        666
                    ],
                    [
                        -72.7313989,
                        43.411644299999985,
                        662.4
                    ],
                    [
                        -72.73126820000003,
                        43.41161939999999,
                        661
                    ],
                    [
                        -72.73129530000003,
                        43.411782099999996,
                        660.1
                    ],
                    [
                        -72.73133779999998,
                        43.41215620000001,
                        658.4
                    ],
                    [
                        -72.7313429,
                        43.412512100000015,
                        659.9
                    ],
                    [
                        -72.73135540000003,
                        43.41272290000001,
                        657.5
                    ],
                    [
                        -72.731357,
                        43.4128959,
                        654.3
                    ],
                    [
                        -72.7313473,
                        43.4130549,
                        652.3
                    ]
                ]
            }
        },
        {
            "type": "Feature",
            "properties": {
                "type": "run",
                "id": "686f5b00ffb9705775248abde42121ab137f3086",
                "uses": [
                    "downhill"
                ],
                "name": "Fairway",
                "ref": null,
                "description": null,
                "difficulty": "easy",
                "difficultyConvention": "north_america",
                "status": "operating",
                "oneway": true,
                "lit": false,
                "gladed": null,
                "patrolled": null,
                "grooming": "classic",
                "skiAreas": [
                    {
                        "type": "Feature",
                        "properties": {
                            "id": "0f0d574cfdbd7b9a55296a94c4683b3e732a543b",
                            "name": "Okemo Mountain",
                            "activities": [
                                "downhill"
                            ],
                            "type": "skiArea",
                            "status": "operating"
                        },
                        "geometry": {
                            "type": "Polygon",
                            "coordinates": [
                                [
                                    [
                                        -72.74308640000002,
                                        43.4274285
                                    ],
                                    [
                                        -72.74806460000003,
                                        43.42050910000001
                                    ],
                                    [
                                        -72.7589651,
                                        43.406449499999994
                                    ],
                                    [
                                        -72.74969530000003,
                                        43.39276080000001
                                    ],
                                    [
                                        -72.7296968,
                                        43.387583899999996
                                    ],
                                    [
                                        -72.7130885,
                                        43.3982803
                                    ],
                                    [
                                        -72.71038490000002,
                                        43.4090683
                                    ],
                                    [
                                        -72.7109428,
                                        43.4191064
                                    ],
                                    [
                                        -72.716908,
                                        43.4270234
                                    ],
                                    [
                                        -72.72420360000004,
                                        43.42717920000001
                                    ],
                                    [
                                        -72.74308640000002,
                                        43.4274285
                                    ]
                                ]
                            ]
                        }
                    }
                ],
                "elevationProfile": {
                    "heights": [
                        414.5,
                        413.1,
                        411.6,
                        409.5,
                        406,
                        402,
                        401.6
                    ],
                    "resolution": 25
                },
                "sources": [
                    {
                        "type": "openstreetmap",
                        "id": "way/1089488595"
                    }
                ],
                "websites": [],
                "wikidataID": null,
                "places": [
                    {
                        "iso3166_2": "US-VT",
                        "localized": {
                            "en": {
                                "region": "Vermont",
                                "country": "United States",
                                "locality": "Ludlow"
                            }
                        },
                        "iso3166_1Alpha2": "US"
                    }
                ]
            },
            "geometry": {
                "type": "LineString",
                "coordinates": [
                    [
                        -72.7190819,
                        43.40301810000001,
                        414.5
                    ],
                    [
                        -72.7182858,
                        43.401981099999986,
                        401.6
                    ]
                ]
            }
        },
        {
            "type": "Feature",
            "properties": {
                "type": "run",
                "id": "24e324233769f0529c5efc4c6beaa5f0ce2b5d50",
                "uses": [
                    "downhill"
                ],
                "name": "Rossi Run",
                "ref": null,
                "description": null,
                "difficulty": "easy",
                "difficultyConvention": "north_america",
                "status": "operating",
                "oneway": true,
                "lit": false,
                "gladed": null,
                "patrolled": null,
                "grooming": "classic",
                "skiAreas": [
                    {
                        "type": "Feature",
                        "properties": {
                            "id": "0f0d574cfdbd7b9a55296a94c4683b3e732a543b",
                            "name": "Okemo Mountain",
                            "activities": [
                                "downhill"
                            ],
                            "type": "skiArea",
                            "status": "operating"
                        },
                        "geometry": {
                            "type": "Polygon",
                            "coordinates": [
                                [
                                    [
                                        -72.74308640000002,
                                        43.4274285
                                    ],
                                    [
                                        -72.74806460000003,
                                        43.42050910000001
                                    ],
                                    [
                                        -72.7589651,
                                        43.406449499999994
                                    ],
                                    [
                                        -72.74969530000003,
                                        43.39276080000001
                                    ],
                                    [
                                        -72.7296968,
                                        43.387583899999996
                                    ],
                                    [
                                        -72.7130885,
                                        43.3982803
                                    ],
                                    [
                                        -72.71038490000002,
                                        43.4090683
                                    ],
                                    [
                                        -72.7109428,
                                        43.4191064
                                    ],
                                    [
                                        -72.716908,
                                        43.4270234
                                    ],
                                    [
                                        -72.72420360000004,
                                        43.42717920000001
                                    ],
                                    [
                                        -72.74308640000002,
                                        43.4274285
                                    ]
                                ]
                            ]
                        }
                    }
                ],
                "elevationProfile": {
                    "heights": [
                        641.9,
                        637.3,
                        632.1,
                        630.3,
                        630.5,
                        629.3,
                        627.3,
                        623.9,
                        619.8,
                        617.3,
                        614.4,
                        611.7,
                        610.2,
                        609.9,
                        609.6,
                        608.3,
                        608,
                        607,
                        606.4,
                        602.6,
                        596.7,
                        592.5,
                        588.2,
                        586.1,
                        585.8,
                        583.5,
                        580.6,
                        578.9,
                        578.5,
                        578.3,
                        577.6,
                        576.5,
                        576.4,
                        576.1,
                        575.1,
                        571.4,
                        567.8
                    ],
                    "resolution": 25
                },
                "sources": [
                    {
                        "type": "openstreetmap",
                        "id": "way/1343085602"
                    }
                ],
                "websites": [],
                "wikidataID": null,
                "places": [
                    {
                        "iso3166_2": "US-VT",
                        "localized": {
                            "en": {
                                "region": "Vermont",
                                "country": "United States",
                                "locality": "Ludlow"
                            }
                        },
                        "iso3166_1Alpha2": "US"
                    }
                ]
            },
            "geometry": {
                "type": "LineString",
                "coordinates": [
                    [
                        -72.7361774,
                        43.39195280000001,
                        641.9
                    ],
                    [
                        -72.73595920000002,
                        43.39181890000001,
                        637.6
                    ],
                    [
                        -72.73571779999997,
                        43.3916422,
                        632.1
                    ],
                    [
                        -72.7352869,
                        43.391209499999995,
                        630.5
                    ],
                    [
                        -72.7349865,
                        43.390884599999985,
                        627.1
                    ],
                    [
                        -72.73466100000003,
                        43.3904597,
                        618.3
                    ],
                    [
                        -72.7344822,
                        43.3900907,
                        614.3
                    ],
                    [
                        -72.73445540000003,
                        43.389761899999996,
                        610.2
                    ],
                    [
                        -72.7345877,
                        43.3893006,
                        610
                    ],
                    [
                        -72.73465740000003,
                        43.3889069,
                        608.1
                    ],
                    [
                        -72.73463240000002,
                        43.3886093,
                        607.2
                    ],
                    [
                        -72.73455190000003,
                        43.3884092,
                        607
                    ],
                    [
                        -72.734391,
                        43.3881285,
                        602.6
                    ],
                    [
                        -72.7340978,
                        43.387968699999995,
                        595.8
                    ],
                    [
                        -72.7336829,
                        43.38787769999998,
                        589.8
                    ],
                    [
                        -72.73327520000002,
                        43.3879128,
                        586
                    ],
                    [
                        -72.7327996,
                        43.388096,
                        584.6
                    ],
                    [
                        -72.7323579,
                        43.3884118,
                        579.1
                    ],
                    [
                        -72.7320688,
                        43.3887573,
                        578.5
                    ],
                    [
                        -72.73182970000003,
                        43.3893853,
                        576.4
                    ],
                    [
                        -72.73167940000003,
                        43.3899089,
                        575.7
                    ],
                    [
                        -72.73152360000006,
                        43.3901236,
                        572.5
                    ],
                    [
                        -72.73125390000006,
                        43.3901896,
                        567.8
                    ]
                ]
            }
        },
        {
            "type": "Feature",
            "properties": {
                "type": "run",
                "id": "956335263816b97170d51f0ee5d83ebff3499379",
                "uses": [
                    "downhill"
                ],
                "name": "Lower Sapphire",
                "ref": null,
                "description": null,
                "difficulty": "intermediate",
                "difficultyConvention": "north_america",
                "status": "operating",
                "oneway": true,
                "lit": false,
                "gladed": null,
                "patrolled": null,
                "grooming": "classic",
                "skiAreas": [
                    {
                        "type": "Feature",
                        "properties": {
                            "id": "0f0d574cfdbd7b9a55296a94c4683b3e732a543b",
                            "name": "Okemo Mountain",
                            "activities": [
                                "downhill"
                            ],
                            "type": "skiArea",
                            "status": "operating"
                        },
                        "geometry": {
                            "type": "Polygon",
                            "coordinates": [
                                [
                                    [
                                        -72.74308640000002,
                                        43.4274285
                                    ],
                                    [
                                        -72.74806460000003,
                                        43.42050910000001
                                    ],
                                    [
                                        -72.7589651,
                                        43.406449499999994
                                    ],
                                    [
                                        -72.74969530000003,
                                        43.39276080000001
                                    ],
                                    [
                                        -72.7296968,
                                        43.387583899999996
                                    ],
                                    [
                                        -72.7130885,
                                        43.3982803
                                    ],
                                    [
                                        -72.71038490000002,
                                        43.4090683
                                    ],
                                    [
                                        -72.7109428,
                                        43.4191064
                                    ],
                                    [
                                        -72.716908,
                                        43.4270234
                                    ],
                                    [
                                        -72.72420360000004,
                                        43.42717920000001
                                    ],
                                    [
                                        -72.74308640000002,
                                        43.4274285
                                    ]
                                ]
                            ]
                        }
                    }
                ],
                "elevationProfile": {
                    "heights": [
                        815,
                        812.9,
                        810.6,
                        805.4,
                        798.4,
                        790.5,
                        782.5,
                        774.9,
                        767.3,
                        761.5,
                        756.5,
                        752.4,
                        746.1,
                        737.7,
                        729.2,
                        723.2,
                        717.5,
                        710.9,
                        705.1,
                        699.7,
                        693.8,
                        684.8,
                        676.7,
                        669.3,
                        664.3,
                        660.8,
                        656.8,
                        649.9,
                        641.2,
                        637.1
                    ],
                    "resolution": 25
                },
                "sources": [
                    {
                        "type": "openstreetmap",
                        "id": "way/1383900183"
                    }
                ],
                "websites": [],
                "wikidataID": null,
                "places": [
                    {
                        "iso3166_2": "US-VT",
                        "localized": {
                            "en": {
                                "region": "Vermont",
                                "country": "United States",
                                "locality": "Ludlow"
                            }
                        },
                        "iso3166_1Alpha2": "US"
                    }
                ]
            },
            "geometry": {
                "type": "LineString",
                "coordinates": [
                    [
                        -72.7386908,
                        43.410201199999996,
                        815
                    ],
                    [
                        -72.738043,
                        43.4103658,
                        809.8
                    ],
                    [
                        -72.73701410000002,
                        43.4105084,
                        785.8
                    ],
                    [
                        -72.73626130000002,
                        43.410604499999984,
                        766.8
                    ],
                    [
                        -72.7353347,
                        43.4107404,
                        751.8
                    ],
                    [
                        -72.73396160000003,
                        43.4109798,
                        719.5
                    ],
                    [
                        -72.7330485,
                        43.4111889,
                        700.9
                    ],
                    [
                        -72.7317316,
                        43.4113883,
                        668.3
                    ],
                    [
                        -72.73143879999998,
                        43.4115177,
                        663.6
                    ],
                    [
                        -72.73126820000003,
                        43.41161939999999,
                        661
                    ],
                    [
                        -72.7310671,
                        43.41178699999999,
                        657.2
                    ],
                    [
                        -72.7308288,
                        43.4119185,
                        650.8
                    ],
                    [
                        -72.73054020000002,
                        43.4119902,
                        642.1
                    ],
                    [
                        -72.73029340000004,
                        43.4120519,
                        637.1
                    ]
                ]
            }
        },
        {
            "type": "Feature",
            "properties": {
                "type": "run",
                "id": "45a265a0326d9b1a2bc101935b9d4a68cf006b29",
                "uses": [
                    "downhill"
                ],
                "name": "Lower Timberline",
                "ref": null,
                "description": null,
                "difficulty": "intermediate",
                "difficultyConvention": "north_america",
                "status": "operating",
                "oneway": true,
                "lit": false,
                "gladed": null,
                "patrolled": null,
                "grooming": "classic",
                "skiAreas": [
                    {
                        "type": "Feature",
                        "properties": {
                            "id": "0f0d574cfdbd7b9a55296a94c4683b3e732a543b",
                            "name": "Okemo Mountain",
                            "activities": [
                                "downhill"
                            ],
                            "type": "skiArea",
                            "status": "operating"
                        },
                        "geometry": {
                            "type": "Polygon",
                            "coordinates": [
                                [
                                    [
                                        -72.74308640000002,
                                        43.4274285
                                    ],
                                    [
                                        -72.74806460000003,
                                        43.42050910000001
                                    ],
                                    [
                                        -72.7589651,
                                        43.406449499999994
                                    ],
                                    [
                                        -72.74969530000003,
                                        43.39276080000001
                                    ],
                                    [
                                        -72.7296968,
                                        43.387583899999996
                                    ],
                                    [
                                        -72.7130885,
                                        43.3982803
                                    ],
                                    [
                                        -72.71038490000002,
                                        43.4090683
                                    ],
                                    [
                                        -72.7109428,
                                        43.4191064
                                    ],
                                    [
                                        -72.716908,
                                        43.4270234
                                    ],
                                    [
                                        -72.72420360000004,
                                        43.42717920000001
                                    ],
                                    [
                                        -72.74308640000002,
                                        43.4274285
                                    ]
                                ]
                            ]
                        }
                    }
                ],
                "elevationProfile": {
                    "heights": [
                        802.5,
                        796.9,
                        792.2,
                        787.2,
                        782.3,
                        777,
                        771,
                        764.7,
                        759,
                        753.4,
                        746.9,
                        740.8,
                        733,
                        724.3,
                        716.8,
                        708.8,
                        703.2,
                        699.7,
                        694.4,
                        686.4,
                        678.5,
                        670.6,
                        664.5,
                        663.2
                    ],
                    "resolution": 25
                },
                "sources": [
                    {
                        "type": "openstreetmap",
                        "id": "way/1383901572"
                    }
                ],
                "websites": [],
                "wikidataID": null,
                "places": [
                    {
                        "iso3166_2": "US-VT",
                        "localized": {
                            "en": {
                                "region": "Vermont",
                                "country": "United States",
                                "locality": "Ludlow"
                            }
                        },
                        "iso3166_1Alpha2": "US"
                    }
                ]
            },
            "geometry": {
                "type": "LineString",
                "coordinates": [
                    [
                        -72.7377575,
                        43.4092967,
                        802.5
                    ],
                    [
                        -72.7363265,
                        43.409726,
                        777
                    ],
                    [
                        -72.73305260000002,
                        43.41051080000001,
                        702.7
                    ],
                    [
                        -72.7325975,
                        43.410640199999996,
                        696.5
                    ],
                    [
                        -72.7320065,
                        43.410786599999994,
                        680.6
                    ],
                    [
                        -72.7313348,
                        43.410831,
                        664.7
                    ],
                    [
                        -72.73119750000002,
                        43.4108149,
                        663.2
                    ]
                ]
            }
        },
        {
            "type": "Feature",
            "properties": {
                "type": "run",
                "id": "fd60de837dc74b9a11ab5f14b638d3dac778ff7f",
                "uses": [
                    "downhill"
                ],
                "name": "Lower Moonshadow",
                "ref": null,
                "description": null,
                "difficulty": "intermediate",
                "difficultyConvention": "north_america",
                "status": "operating",
                "oneway": true,
                "lit": false,
                "gladed": null,
                "patrolled": null,
                "grooming": "classic",
                "skiAreas": [
                    {
                        "type": "Feature",
                        "properties": {
                            "id": "0f0d574cfdbd7b9a55296a94c4683b3e732a543b",
                            "name": "Okemo Mountain",
                            "activities": [
                                "downhill"
                            ],
                            "type": "skiArea",
                            "status": "operating"
                        },
                        "geometry": {
                            "type": "Polygon",
                            "coordinates": [
                                [
                                    [
                                        -72.74308640000002,
                                        43.4274285
                                    ],
                                    [
                                        -72.74806460000003,
                                        43.42050910000001
                                    ],
                                    [
                                        -72.7589651,
                                        43.406449499999994
                                    ],
                                    [
                                        -72.74969530000003,
                                        43.39276080000001
                                    ],
                                    [
                                        -72.7296968,
                                        43.387583899999996
                                    ],
                                    [
                                        -72.7130885,
                                        43.3982803
                                    ],
                                    [
                                        -72.71038490000002,
                                        43.4090683
                                    ],
                                    [
                                        -72.7109428,
                                        43.4191064
                                    ],
                                    [
                                        -72.716908,
                                        43.4270234
                                    ],
                                    [
                                        -72.72420360000004,
                                        43.42717920000001
                                    ],
                                    [
                                        -72.74308640000002,
                                        43.4274285
                                    ]
                                ]
                            ]
                        }
                    }
                ],
                "elevationProfile": {
                    "heights": [
                        459.5,
                        454.4,
                        449.3,
                        444.1,
                        439.3,
                        434.1,
                        427.5,
                        422.5,
                        419.7,
                        415.5,
                        411,
                        407.1,
                        402.1,
                        396.5,
                        391.4,
                        383.9,
                        380.3
                    ],
                    "resolution": 25
                },
                "sources": [
                    {
                        "type": "openstreetmap",
                        "id": "way/1383904194"
                    }
                ],
                "websites": [],
                "wikidataID": null,
                "places": [
                    {
                        "iso3166_2": "US-VT",
                        "localized": {
                            "en": {
                                "region": "Vermont",
                                "country": "United States",
                                "locality": "Ludlow"
                            }
                        },
                        "iso3166_1Alpha2": "US"
                    }
                ]
            },
            "geometry": {
                "type": "LineString",
                "coordinates": [
                    [
                        -72.7226029,
                        43.41964,
                        459.5
                    ],
                    [
                        -72.7223554,
                        43.4196188,
                        455.4
                    ],
                    [
                        -72.7217714,
                        43.41960339999999,
                        445.9
                    ],
                    [
                        -72.7212724,
                        43.419665099999996,
                        437.5
                    ],
                    [
                        -72.7210175,
                        43.41965739999999,
                        433.2
                    ],
                    [
                        -72.7205185,
                        43.4195572,
                        423
                    ],
                    [
                        -72.71993450000002,
                        43.41937210000001,
                        415.9
                    ],
                    [
                        -72.71941430000003,
                        43.4192332,
                        408.7
                    ],
                    [
                        -72.71841620000002,
                        43.4189942,
                        390.9
                    ],
                    [
                        -72.71797900000003,
                        43.4188457,
                        380.3
                    ]
                ]
            }
        },
        {
            "type": "Feature",
            "properties": {
                "type": "run",
                "id": "778320f9e4472ddb018a4f05349e9f6f00a7d998",
                "uses": [
                    "snow_park"
                ],
                "name": "Progression Park",
                "ref": null,
                "description": null,
                "difficulty": "freeride",
                "difficultyConvention": "north_america",
                "status": "operating",
                "oneway": true,
                "lit": false,
                "gladed": null,
                "patrolled": null,
                "grooming": "classic",
                "skiAreas": [
                    {
                        "type": "Feature",
                        "properties": {
                            "id": "0f0d574cfdbd7b9a55296a94c4683b3e732a543b",
                            "name": "Okemo Mountain",
                            "activities": [
                                "downhill"
                            ],
                            "type": "skiArea",
                            "status": "operating"
                        },
                        "geometry": {
                            "type": "Polygon",
                            "coordinates": [
                                [
                                    [
                                        -72.74308640000002,
                                        43.4274285
                                    ],
                                    [
                                        -72.74806460000003,
                                        43.42050910000001
                                    ],
                                    [
                                        -72.7589651,
                                        43.406449499999994
                                    ],
                                    [
                                        -72.74969530000003,
                                        43.39276080000001
                                    ],
                                    [
                                        -72.7296968,
                                        43.387583899999996
                                    ],
                                    [
                                        -72.7130885,
                                        43.3982803
                                    ],
                                    [
                                        -72.71038490000002,
                                        43.4090683
                                    ],
                                    [
                                        -72.7109428,
                                        43.4191064
                                    ],
                                    [
                                        -72.716908,
                                        43.4270234
                                    ],
                                    [
                                        -72.72420360000004,
                                        43.42717920000001
                                    ],
                                    [
                                        -72.74308640000002,
                                        43.4274285
                                    ]
                                ]
                            ]
                        }
                    }
                ],
                "elevationProfile": {
                    "heights": [
                        600.8,
                        592.8,
                        586.1,
                        581.9,
                        576.9,
                        570.8,
                        565.8,
                        560.2,
                        553.8,
                        546.3,
                        540.1,
                        534.9,
                        531.7,
                        527,
                        521.8,
                        515.2,
                        509.8,
                        507.4
                    ],
                    "resolution": 25
                },
                "sources": [
                    {
                        "type": "openstreetmap",
                        "id": "way/1384190553"
                    }
                ],
                "websites": [],
                "wikidataID": null,
                "places": [
                    {
                        "iso3166_2": "US-VT",
                        "localized": {
                            "en": {
                                "region": "Vermont",
                                "country": "United States",
                                "locality": "Ludlow"
                            }
                        },
                        "iso3166_1Alpha2": "US"
                    }
                ]
            },
            "geometry": {
                "type": "LineString",
                "coordinates": [
                    [
                        -72.72864990000002,
                        43.4076039,
                        600.8
                    ],
                    [
                        -72.7235191,
                        43.407062499999995,
                        507.4
                    ]
                ]
            }
        },
        {
            "type": "Feature",
            "properties": {
                "type": "run",
                "id": "c7e3d486c2cf0801c84180bce0fdbcf70e72da16",
                "uses": [
                    "snow_park"
                ],
                "name": "The Zone",
                "ref": null,
                "description": null,
                "difficulty": "freeride",
                "difficultyConvention": "north_america",
                "status": "operating",
                "oneway": true,
                "lit": false,
                "gladed": null,
                "patrolled": null,
                "grooming": "classic",
                "skiAreas": [
                    {
                        "type": "Feature",
                        "properties": {
                            "id": "0f0d574cfdbd7b9a55296a94c4683b3e732a543b",
                            "name": "Okemo Mountain",
                            "activities": [
                                "downhill"
                            ],
                            "type": "skiArea",
                            "status": "operating"
                        },
                        "geometry": {
                            "type": "Polygon",
                            "coordinates": [
                                [
                                    [
                                        -72.74308640000002,
                                        43.4274285
                                    ],
                                    [
                                        -72.74806460000003,
                                        43.42050910000001
                                    ],
                                    [
                                        -72.7589651,
                                        43.406449499999994
                                    ],
                                    [
                                        -72.74969530000003,
                                        43.39276080000001
                                    ],
                                    [
                                        -72.7296968,
                                        43.387583899999996
                                    ],
                                    [
                                        -72.7130885,
                                        43.3982803
                                    ],
                                    [
                                        -72.71038490000002,
                                        43.4090683
                                    ],
                                    [
                                        -72.7109428,
                                        43.4191064
                                    ],
                                    [
                                        -72.716908,
                                        43.4270234
                                    ],
                                    [
                                        -72.72420360000004,
                                        43.42717920000001
                                    ],
                                    [
                                        -72.74308640000002,
                                        43.4274285
                                    ]
                                ]
                            ]
                        }
                    }
                ],
                "elevationProfile": {
                    "heights": [
                        605.3,
                        599.6,
                        593.2,
                        587.1,
                        581.1,
                        575.6,
                        571.2,
                        566.3,
                        559.6,
                        553.4,
                        546.1,
                        538.8,
                        533.8,
                        530.1,
                        527.2,
                        524.2
                    ],
                    "resolution": 25
                },
                "sources": [
                    {
                        "type": "openstreetmap",
                        "id": "way/1384190677"
                    }
                ],
                "websites": [],
                "wikidataID": null,
                "places": [
                    {
                        "iso3166_2": "US-VT",
                        "localized": {
                            "en": {
                                "region": "Vermont",
                                "country": "United States",
                                "locality": "Ludlow"
                            }
                        },
                        "iso3166_1Alpha2": "US"
                    }
                ]
            },
            "geometry": {
                "type": "LineString",
                "coordinates": [
                    [
                        -72.7287642,
                        43.40802890000001,
                        605.3
                    ],
                    [
                        -72.7284407,
                        43.4079348,
                        598.7
                    ],
                    [
                        -72.7279307,
                        43.4079067,
                        588.5
                    ],
                    [
                        -72.7276061,
                        43.4079369,
                        582.2
                    ],
                    [
                        -72.72724660000003,
                        43.4079988,
                        575.4
                    ],
                    [
                        -72.726521,
                        43.4080604,
                        564
                    ],
                    [
                        -72.72612310000002,
                        43.4080678,
                        555.3
                    ],
                    [
                        -72.7257602,
                        43.408063,
                        547.3
                    ],
                    [
                        -72.72483960000002,
                        43.40803430000001,
                        530.8
                    ],
                    [
                        -72.72424140000003,
                        43.4079652,
                        524.2
                    ]
                ]
            }
        },
        {
            "type": "Feature",
            "properties": {
                "type": "run",
                "id": "859fbbe6a3a44dc006400b138a1e85215ca5715a",
                "uses": [
                    "downhill"
                ],
                "name": "Hot Dog Hill",
                "ref": null,
                "description": null,
                "difficulty": "easy",
                "difficultyConvention": "north_america",
                "status": "operating",
                "oneway": true,
                "lit": false,
                "gladed": null,
                "patrolled": null,
                "grooming": "classic",
                "skiAreas": [
                    {
                        "type": "Feature",
                        "properties": {
                            "id": "0f0d574cfdbd7b9a55296a94c4683b3e732a543b",
                            "name": "Okemo Mountain",
                            "activities": [
                                "downhill"
                            ],
                            "type": "skiArea",
                            "status": "operating"
                        },
                        "geometry": {
                            "type": "Polygon",
                            "coordinates": [
                                [
                                    [
                                        -72.74308640000002,
                                        43.4274285
                                    ],
                                    [
                                        -72.74806460000003,
                                        43.42050910000001
                                    ],
                                    [
                                        -72.7589651,
                                        43.406449499999994
                                    ],
                                    [
                                        -72.74969530000003,
                                        43.39276080000001
                                    ],
                                    [
                                        -72.7296968,
                                        43.387583899999996
                                    ],
                                    [
                                        -72.7130885,
                                        43.3982803
                                    ],
                                    [
                                        -72.71038490000002,
                                        43.4090683
                                    ],
                                    [
                                        -72.7109428,
                                        43.4191064
                                    ],
                                    [
                                        -72.716908,
                                        43.4270234
                                    ],
                                    [
                                        -72.72420360000004,
                                        43.42717920000001
                                    ],
                                    [
                                        -72.74308640000002,
                                        43.4274285
                                    ]
                                ]
                            ]
                        }
                    }
                ],
                "elevationProfile": {
                    "heights": [
                        469.8,
                        466.2,
                        461.9,
                        457.3,
                        451.6,
                        448.2,
                        445.9,
                        444.7,
                        444.6
                    ],
                    "resolution": 25
                },
                "sources": [
                    {
                        "type": "openstreetmap",
                        "id": "way/1384191080"
                    }
                ],
                "websites": [],
                "wikidataID": null,
                "places": [
                    {
                        "iso3166_2": "US-VT",
                        "localized": {
                            "en": {
                                "region": "Vermont",
                                "country": "United States",
                                "locality": "Ludlow"
                            }
                        },
                        "iso3166_1Alpha2": "US"
                    }
                ]
            },
            "geometry": {
                "type": "LineString",
                "coordinates": [
                    [
                        -72.72166320000004,
                        43.40500880000001,
                        469.8
                    ],
                    [
                        -72.72110520000003,
                        43.40468699999999,
                        460.5
                    ],
                    [
                        -72.7206715,
                        43.4044251,
                        451.1
                    ],
                    [
                        -72.71962730000003,
                        43.4040387,
                        444.6
                    ]
                ]
            }
        },
        {
            "type": "Feature",
            "properties": {
                "type": "run",
                "id": "aca3f40c728a59d6817aaa5e816c904974f96567",
                "uses": [
                    "snow_park"
                ],
                "name": "Gordon\u0027s Garden",
                "ref": null,
                "description": null,
                "difficulty": "freeride",
                "difficultyConvention": "north_america",
                "status": "operating",
                "oneway": true,
                "lit": false,
                "gladed": null,
                "patrolled": null,
                "grooming": "classic",
                "skiAreas": [
                    {
                        "type": "Feature",
                        "properties": {
                            "id": "0f0d574cfdbd7b9a55296a94c4683b3e732a543b",
                            "name": "Okemo Mountain",
                            "activities": [
                                "downhill"
                            ],
                            "type": "skiArea",
                            "status": "operating"
                        },
                        "geometry": {
                            "type": "Polygon",
                            "coordinates": [
                                [
                                    [
                                        -72.74308640000002,
                                        43.4274285
                                    ],
                                    [
                                        -72.74806460000003,
                                        43.42050910000001
                                    ],
                                    [
                                        -72.7589651,
                                        43.406449499999994
                                    ],
                                    [
                                        -72.74969530000003,
                                        43.39276080000001
                                    ],
                                    [
                                        -72.7296968,
                                        43.387583899999996
                                    ],
                                    [
                                        -72.7130885,
                                        43.3982803
                                    ],
                                    [
                                        -72.71038490000002,
                                        43.4090683
                                    ],
                                    [
                                        -72.7109428,
                                        43.4191064
                                    ],
                                    [
                                        -72.716908,
                                        43.4270234
                                    ],
                                    [
                                        -72.72420360000004,
                                        43.42717920000001
                                    ],
                                    [
                                        -72.74308640000002,
                                        43.4274285
                                    ]
                                ]
                            ]
                        }
                    }
                ],
                "elevationProfile": {
                    "heights": [
                        496,
                        494,
                        488.9,
                        485,
                        482.8,
                        479,
                        475.1,
                        473.6,
                        472.2,
                        470.5,
                        467.2,
                        462.9,
                        458,
                        455,
                        450.6,
                        445.9
                    ],
                    "resolution": 25
                },
                "sources": [
                    {
                        "type": "openstreetmap",
                        "id": "way/1384191672"
                    }
                ],
                "websites": [],
                "wikidataID": null,
                "places": [
                    {
                        "iso3166_2": "US-VT",
                        "localized": {
                            "en": {
                                "region": "Vermont",
                                "country": "United States",
                                "locality": "Ludlow"
                            }
                        },
                        "iso3166_1Alpha2": "US"
                    }
                ]
            },
            "geometry": {
                "type": "LineString",
                "coordinates": [
                    [
                        -72.72120600000002,
                        43.4068124,
                        496
                    ],
                    [
                        -72.72101590000003,
                        43.4065542,
                        492.8
                    ],
                    [
                        -72.72076390000002,
                        43.406244099999995,
                        485.1
                    ],
                    [
                        -72.72052990000003,
                        43.40595790000001,
                        481.4
                    ],
                    [
                        -72.720367,
                        43.4057677,
                        477.4
                    ],
                    [
                        -72.720141,
                        43.40564439999999,
                        474.4
                    ],
                    [
                        -72.719781,
                        43.4053294,
                        472.1
                    ],
                    [
                        -72.719387,
                        43.404942,
                        466.3
                    ],
                    [
                        -72.71902070000003,
                        43.4045426,
                        456.9
                    ],
                    [
                        -72.71882470000003,
                        43.404291599999986,
                        452.6
                    ],
                    [
                        -72.71857729999998,
                        43.4041417,
                        445.9
                    ]
                ]
            }
        },
        {
            "type": "Feature",
            "properties": {
                "type": "run",
                "id": "e92e8de31bb983f1de4027bf4972b191e50b0074",
                "uses": [
                    "downhill"
                ],
                "name": "Ski School Slope",
                "ref": null,
                "description": null,
                "difficulty": "novice",
                "difficultyConvention": "north_america",
                "status": "operating",
                "oneway": true,
                "lit": false,
                "gladed": null,
                "patrolled": null,
                "grooming": "classic",
                "skiAreas": [
                    {
                        "type": "Feature",
                        "properties": {
                            "id": "0f0d574cfdbd7b9a55296a94c4683b3e732a543b",
                            "name": "Okemo Mountain",
                            "activities": [
                                "downhill"
                            ],
                            "type": "skiArea",
                            "status": "operating"
                        },
                        "geometry": {
                            "type": "Polygon",
                            "coordinates": [
                                [
                                    [
                                        -72.74308640000002,
                                        43.4274285
                                    ],
                                    [
                                        -72.74806460000003,
                                        43.42050910000001
                                    ],
                                    [
                                        -72.7589651,
                                        43.406449499999994
                                    ],
                                    [
                                        -72.74969530000003,
                                        43.39276080000001
                                    ],
                                    [
                                        -72.7296968,
                                        43.387583899999996
                                    ],
                                    [
                                        -72.7130885,
                                        43.3982803
                                    ],
                                    [
                                        -72.71038490000002,
                                        43.4090683
                                    ],
                                    [
                                        -72.7109428,
                                        43.4191064
                                    ],
                                    [
                                        -72.716908,
                                        43.4270234
                                    ],
                                    [
                                        -72.72420360000004,
                                        43.42717920000001
                                    ],
                                    [
                                        -72.74308640000002,
                                        43.4274285
                                    ]
                                ]
                            ]
                        }
                    }
                ],
                "elevationProfile": {
                    "heights": [
                        407.3,
                        402.6,
                        400.1,
                        400.1
                    ],
                    "resolution": 25
                },
                "sources": [
                    {
                        "type": "openstreetmap",
                        "id": "way/1384193836"
                    }
                ],
                "websites": [],
                "wikidataID": null,
                "places": [
                    {
                        "iso3166_2": "US-VT",
                        "localized": {
                            "en": {
                                "region": "Vermont",
                                "country": "United States",
                                "locality": "Ludlow"
                            }
                        },
                        "iso3166_1Alpha2": "US"
                    }
                ]
            },
            "geometry": {
                "type": "LineString",
                "coordinates": [
                    [
                        -72.7171751,
                        43.40292870000001,
                        407.3
                    ],
                    [
                        -72.7170971,
                        43.4028113,
                        404.9
                    ],
                    [
                        -72.71706250000003,
                        43.402716200000015,
                        402.5
                    ],
                    [
                        -72.71706450000003,
                        43.4026056,
                        401
                    ],
                    [
                        -72.71711680000003,
                        43.4025005,
                        400.1
                    ]
                ]
            }
        },
        {
            "type": "Feature",
            "properties": {
                "type": "run",
                "id": "26e532ed97295d2436c1ed5d1a0d812360d722e6",
                "uses": [
                    "downhill"
                ],
                "name": "Mountain Road",
                "ref": null,
                "description": null,
                "difficulty": "easy",
                "difficultyConvention": "north_america",
                "status": "operating",
                "oneway": true,
                "lit": false,
                "gladed": null,
                "patrolled": null,
                "grooming": "classic",
                "skiAreas": [
                    {
                        "type": "Feature",
                        "properties": {
                            "id": "0f0d574cfdbd7b9a55296a94c4683b3e732a543b",
                            "name": "Okemo Mountain",
                            "activities": [
                                "downhill"
                            ],
                            "type": "skiArea",
                            "status": "operating"
                        },
                        "geometry": {
                            "type": "Polygon",
                            "coordinates": [
                                [
                                    [
                                        -72.74308640000002,
                                        43.4274285
                                    ],
                                    [
                                        -72.74806460000003,
                                        43.42050910000001
                                    ],
                                    [
                                        -72.7589651,
                                        43.406449499999994
                                    ],
                                    [
                                        -72.74969530000003,
                                        43.39276080000001
                                    ],
                                    [
                                        -72.7296968,
                                        43.387583899999996
                                    ],
                                    [
                                        -72.7130885,
                                        43.3982803
                                    ],
                                    [
                                        -72.71038490000002,
                                        43.4090683
                                    ],
                                    [
                                        -72.7109428,
                                        43.4191064
                                    ],
                                    [
                                        -72.716908,
                                        43.4270234
                                    ],
                                    [
                                        -72.72420360000004,
                                        43.42717920000001
                                    ],
                                    [
                                        -72.74308640000002,
                                        43.4274285
                                    ]
                                ]
                            ]
                        }
                    }
                ],
                "elevationProfile": {
                    "heights": [
                        804.7,
                        804.6,
                        806.2,
                        807.3,
                        805.2,
                        801.1,
                        800.4,
                        801,
                        801.6,
                        798.7,
                        793.9,
                        789.1,
                        789.1,
                        786.8,
                        782.5,
                        780.9,
                        780,
                        778.9,
                        774.5,
                        770.4,
                        766.4,
                        764.1,
                        762,
                        759.9,
                        758.2,
                        756.7,
                        755.3,
                        754.1,
                        751.8,
                        748.7,
                        743.7,
                        739.5,
                        734.4,
                        730.7,
                        725.7,
                        722.1,
                        720.5,
                        718.6,
                        713.4,
                        709.6,
                        710.6,
                        707.3,
                        708.1,
                        709.2,
                        707.1,
                        702.4,
                        697.2,
                        693.3,
                        687.3,
                        679.7,
                        674.2,
                        671.9,
                        671.6
                    ],
                    "resolution": 25
                },
                "sources": [
                    {
                        "type": "openstreetmap",
                        "id": "way/1384825096"
                    }
                ],
                "websites": [],
                "wikidataID": null,
                "places": [
                    {
                        "iso3166_2": "US-VT",
                        "localized": {
                            "en": {
                                "region": "Vermont",
                                "country": "United States",
                                "locality": "Ludlow"
                            }
                        },
                        "iso3166_1Alpha2": "US"
                    },
                    {
                        "iso3166_2": "US-VT",
                        "localized": {
                            "en": {
                                "region": "Vermont",
                                "country": "United States",
                                "locality": null
                            }
                        },
                        "iso3166_1Alpha2": "US"
                    }
                ]
            },
            "geometry": {
                "type": "LineString",
                "coordinates": [
                    [
                        -72.7454068,
                        43.415284799999995,
                        804.7
                    ],
                    [
                        -72.7453817,
                        43.415234,
                        804.6
                    ],
                    [
                        -72.74528560000003,
                        43.4150601,
                        804.8
                    ],
                    [
                        -72.74521720000003,
                        43.414961699999985,
                        805.9
                    ],
                    [
                        -72.7451319,
                        43.41490339999999,
                        806.1
                    ],
                    [
                        -72.74500590000002,
                        43.4148123,
                        806.8
                    ],
                    [
                        -72.74484960000004,
                        43.4147426,
                        807.4
                    ],
                    [
                        -72.74475690000003,
                        43.4147283,
                        807.1
                    ],
                    [
                        -72.74465680000003,
                        43.414746099999995,
                        806
                    ],
                    [
                        -72.7444882,
                        43.4147786,
                        803.6
                    ],
                    [
                        -72.74440010000002,
                        43.4147943,
                        802.2
                    ],
                    [
                        -72.74430770000002,
                        43.414790499999995,
                        801.2
                    ],
                    [
                        -72.74418990000004,
                        43.4147652,
                        800.1
                    ],
                    [
                        -72.74405590000003,
                        43.414698099999995,
                        800.2
                    ],
                    [
                        -72.7438867,
                        43.4146156,
                        800.9
                    ],
                    [
                        -72.7437458,
                        43.4145556,
                        801.1
                    ],
                    [
                        -72.74363640000003,
                        43.41453230000001,
                        801.7
                    ],
                    [
                        -72.74349320000003,
                        43.4145305,
                        801.7
                    ],
                    [
                        -72.74322030000003,
                        43.414580199999996,
                        800.1
                    ],
                    [
                        -72.7428917,
                        43.414665099999986,
                        794.3
                    ],
                    [
                        -72.7428514,
                        43.41466719999998,
                        793.9
                    ],
                    [
                        -72.7423163,
                        43.41478039999999,
                        789.2
                    ],
                    [
                        -72.74219560000003,
                        43.414819499999986,
                        788.9
                    ],
                    [
                        -72.7420716,
                        43.41488189999998,
                        788.1
                    ],
                    [
                        -72.7420171,
                        43.414941799999994,
                        786.7
                    ],
                    [
                        -72.74196900000005,
                        43.4150209,
                        784.4
                    ],
                    [
                        -72.7418743,
                        43.41512690000001,
                        782.5
                    ],
                    [
                        -72.7417315,
                        43.4152131,
                        781.1
                    ],
                    [
                        -72.7413429,
                        43.4154008,
                        779.9
                    ],
                    [
                        -72.74096340000006,
                        43.4155748,
                        777
                    ],
                    [
                        -72.7408709,
                        43.4156207,
                        775.1
                    ],
                    [
                        -72.74077199999998,
                        43.415710900000015,
                        772.7
                    ],
                    [
                        -72.7405755,
                        43.4159655,
                        767.5
                    ],
                    [
                        -72.7404953,
                        43.416109,
                        765.4
                    ],
                    [
                        -72.74042960000006,
                        43.4162724,
                        763.7
                    ],
                    [
                        -72.7403972,
                        43.41636439999999,
                        762.8
                    ],
                    [
                        -72.74032980000003,
                        43.416380499999995,
                        762.3
                    ],
                    [
                        -72.74020980000003,
                        43.416422499999996,
                        761.8
                    ],
                    [
                        -72.74010540000003,
                        43.4164383,
                        761.4
                    ],
                    [
                        -72.73996900000003,
                        43.4164307,
                        759.8
                    ],
                    [
                        -72.7398521,
                        43.41637890000001,
                        758.8
                    ],
                    [
                        -72.73973199999998,
                        43.416294499999985,
                        758.2
                    ],
                    [
                        -72.73952430000003,
                        43.4161525,
                        756.9
                    ],
                    [
                        -72.73929100000002,
                        43.4160586,
                        755.6
                    ],
                    [
                        -72.73907849999998,
                        43.4159905,
                        754.5
                    ],
                    [
                        -72.73892070000002,
                        43.41595380000001,
                        753.9
                    ],
                    [
                        -72.7387504,
                        43.41593680000001,
                        752.8
                    ],
                    [
                        -72.73840799999998,
                        43.4159403,
                        750.2
                    ],
                    [
                        -72.7381314,
                        43.4159414,
                        745.3
                    ],
                    [
                        -72.7378941,
                        43.4159048,
                        741.8
                    ],
                    [
                        -72.7376078,
                        43.415827099999994,
                        737.6
                    ],
                    [
                        -72.73741930000003,
                        43.4157567,
                        733.8
                    ],
                    [
                        -72.73703590000002,
                        43.4154935,
                        726.7
                    ],
                    [
                        -72.73692790000003,
                        43.415426599999996,
                        724.4
                    ],
                    [
                        -72.7366726,
                        43.415335100000014,
                        721.8
                    ],
                    [
                        -72.7363948,
                        43.415253,
                        720.4
                    ],
                    [
                        -72.7359401,
                        43.4151007,
                        714.4
                    ],
                    [
                        -72.7358233,
                        43.415024599999995,
                        711.6
                    ],
                    [
                        -72.73573409999997,
                        43.414911499999995,
                        709.7
                    ],
                    [
                        -72.7356461,
                        43.414723,
                        710.2
                    ],
                    [
                        -72.73560090000002,
                        43.414677099999984,
                        710.6
                    ],
                    [
                        -72.7355203,
                        43.414631099999994,
                        709.7
                    ],
                    [
                        -72.7353687,
                        43.4146022,
                        707.9
                    ],
                    [
                        -72.7352608,
                        43.414608599999994,
                        707.3
                    ],
                    [
                        -72.7351903,
                        43.41461639999999,
                        707.2
                    ],
                    [
                        -72.7350057,
                        43.414631499999984,
                        708.2
                    ],
                    [
                        -72.7348523,
                        43.41460759999998,
                        708.7
                    ],
                    [
                        -72.7346701,
                        43.4145113,
                        709.3
                    ],
                    [
                        -72.73442360000006,
                        43.414426199999994,
                        706.8
                    ],
                    [
                        -72.73426060000006,
                        43.414406899999996,
                        704.2
                    ],
                    [
                        -72.73408990000003,
                        43.41440699999999,
                        701.3
                    ],
                    [
                        -72.73389990000003,
                        43.41438139999999,
                        698
                    ],
                    [
                        -72.7337453,
                        43.41434939999999,
                        695.6
                    ],
                    [
                        -72.73361640000003,
                        43.41429639999999,
                        694.1
                    ],
                    [
                        -72.7333742,
                        43.414143499999994,
                        688.3
                    ],
                    [
                        -72.7329386,
                        43.41388459999998,
                        675.5
                    ],
                    [
                        -72.7325671,
                        43.413699799999996,
                        671.6
                    ]
                ]
            }
        }
    ]
}